个人寿险投/被保险人职业代码表（2010）,,,,,,
大分类,中分类,小分类,细类（职业）,职业内容,职业风险等级,住院险风险等级
"第一大类1国家机关、党群组织、企业事业单位负责人",101中国共产党中央委员会和地方各级党组织负责人,10100中国共产党中央委员会和地方各级党组织负责人,1010001中国共产党中央委员会和地方各级党组织负责人,中国共产党中央委员会和地方各级党组织负责人,1,1
,102国家机关及其工作机构负责人,10201国家权力机关及其工作机构负责人,1020101国家权力机关及其工作机构负责人,国家权力机关及其工作机构负责人,1,1
,,10202人民政协及其工作机构负责人,1020201人民政协及其工作机构负责人,人民政协及其工作机构负责人,1,1
,,10203人民法院负责人,1020301人民法院负责人,人民法院负责人,1,1
,,10204人民检察院负责人,1020401人民检察院负责人,人民检察院负责人,1,1
,,10205国家行政机关及其工作机构负责人,1020501国家行政机关及其工作机构负责人,国家行政机关及其工作机构负责人,1,1
,,10299其他国家机关及其工作机构负责人,1029901其他国家机关及其工作机构负责人,其他国家机关及其工作机构负责人,1,1
,103民主党派和社会团体及其工作机构负责人,10301民主党派负责人,1030101民主党派负责人,民主党派负责人,1,1
,,10302工会、共青团、妇联等人民团体及其工作机构负责人,1030201工会负责人,工会负责人,1,1
,,,1030202中国共产主义青年团负责人,中国共产主义青年团负责人,1,1
,,,1030203妇女联合会负责人,妇女联合会负责人,1,1
,,,1030299其他人民团体及其工作机构负责人,其他人民团体及其工作机构负责人,1,1
,,10303群众自治组织负责人,1030301群众自治组织负责人,群众自治组织负责人,1,1
,,10399其他社会团体及其工作机构负责人,1039901其他社会团体及其工作机构负责人,其他社会团体及其工作机构负责人,1,1
,104事业单位负责人,10401教育教学单位负责人,1040101高等学校校长,高等学校校长,1,1
,,,1040102中等职业教育学校校长,中等职业教育学校校长,1,1
,,,1040103中小学校校长,中小学校校长,1,1
,,,1040199其他教育教学单位负责人,其他教育教学单位负责人,1,1
"第一大类1国家机关、党群组织、企业事业单位负责人",104事业单位负责人,10402卫生单位负责人,1040201卫生单位负责人,"卫生单位负责人",1,1
,,10403科研单位负责人,1040301科研单位负责人,"科研单位负责人",1,1
,,10499其他事业单位负责人,1049901其他事业单位负责人,"其他事业单位负责人",1,1
,105企业负责人,10501企业负责人,1050101企业董事,"企业董事",1,1
,,,1050102企业经理,"企业经理",1,1
,,,1050103企业职能部门经理或主管,"企业职能部门经理或主管",1,1
,,,"1050104工厂、企业负责人",工厂企业负责人,1,1
,,,"1050105出版商、书店、文具店负责人",出版商、书店、文具店负责人,1,1
"第二大类2专业技术人员",201科学研究人员,20101哲学研究人员,2010101哲学研究人员,"哲学研究人员",1,1
,,20102经济学研究人员,2010201经济学研究人员,"经济学研究人员",1,1
,,20103法学研究人员,2010301法学研究人员,"法学研究人员",1,1
,,20104社会学研究人员,2010401社会学研究人员,"社会学研究人员",1,1
,,20105教育科学研究人员,2010501教育科学研究人员,"教育科学研究人员",1,1
,,20106文学、艺术研究人员,2010601文学、艺术研究人员,文学、艺术研究人员,1,1
,,20107图书馆学、情报学研究人员,2010701图书馆学、情报学研究人员,图书馆学、情报学研究人员,1,1
,,20108历史学研究人员,2010801历史学研究人员,历史学研究人员,1,1
,,20109管理科学研究人员,2010901管理科学研究人员,管理科学研究人员,1,1
,,20110数学研究人员,2011001数学研究人员,数学研究人员,1,1
,,20111物理学研究人员,2011101物理学研究人员,物理学研究人员,1,1
,,20112化学研究人员,2011201化学研究人员,化学研究人员,1,1
"第二大类2专业技术人员",201科学研究人员,20113天文学研究人员,2011301天文学研究人员,天文学研究人员,1,1
,,20114地球科学研究人员,2011401地球科学研究人员,地球科学研究人员,1,1
,,20115生物科学研究人员,2011501生物科学研究人员,生物科学研究人员,1,1
,,20116农业科学研究人员,2011601农业科学研究人员,农业科学研究人员,1,1
,,20117医学研究人员,2011701医学研究人员,医学研究人员,1,1
,,20118体育研究人员,2011801体育研究人员,体育研究人员,1,1
,202工程技术人员,20201地质勘探工程技术人员,2020101地质勘探工程技术人员,地质勘探工程技术人员,4,2
,,20202测绘工程技术人员,2020201大地测量工程技术人员,大地测量工程技术人员,2,2
,,,2020202工程测量工程技术人员,工程测量工程技术人员,2,2
,,,2020203摄影测量与遥感工程技术人员,摄影测量与遥感工程技术人员,2,1
,202工程技术人员,20202测绘工程技术人员,2020204地图制图与印刷工程技术人员,地图制图与印刷工程技术人员,1,1
,,,2020205海洋测绘工程技术人员(海上作业),海洋测绘工程技术人员（海上作业）,6,2
,,,2020206海洋测绘工程技术人员(非海上作业),海洋测绘工程技术人员（非海上作业）,2,1
,,20203矿山工程技术人员,2020301采矿工程技术人员,采矿工程技术人员,3,2
,,,2020302选矿与矿物加工工程技术人员,选矿与矿物加工工程技术人员,2,1
,,,"2020303矿寻工程师、技师、领班",矿寻工程师、技师、领班,4,2
,,20204石油工程技术人员,"2020401石油开采工程技术人员",石油开采工程技术人员,3,1
,,,2020402石油储运工程技术人员,石油储运工程技术人员,3,1
,,20205冶金工程技术人员,2020501冶炼工程技术人员,冶炼工程技术人员,2,1
,,,2020502轧制工程技术人员,轧制工程技术人员,2,1
,,,2020503焦化工程技术人员,焦化工程技术人员,2,1
,,,2020504金属材料工程技术人员,金属材料工程技术人员,2,1
,,,2020505耐火材料工程技术人员,耐火材料工程技术人员,2,1
,,,2020506碳素材料工程技术人员,碳素材料工程技术人员,2,1
"第二大类2专业技术人员",202工程技术人员,20205冶金工程技术人员,2020507冶金热能工程技术人员,冶金热能工程技术人员,2,1
,,20206化工工程技术人员,2020601化工实验工程技术人员,化工实验工程技术人员,3,1
,,,2020602化工设计工程技术人员,化工设计工程技术人员,1,1
,,,2020603化工生产工程技术人员,化工生产工程技术人员,3,2
,,20207机械工程技术人员,2020701机械设计工程技术人员,机械设计工程技术人员,1,1
,,,2020702机械制造工程技术人员,机械制造工程技术人员,2,1
,,,2020703仪器仪表工程技术人员,仪器仪表工程技术人员,2,1
,,,2020704设备工程技术人员,设备工程技术人员,2,1
,,,2020705数控程控员,数控程控员,1,1
,,20208兵器工程技术人员,2020801装甲车辆工程技术人员,装甲车辆工程技术人员,2,1
,,,2020802火炮枪械工程技术人员,火炮枪械工程技术人员,3,1
,,,2020803弹箭工程技术人员,弹箭工程技术人员,3,1
,,,2020804火炸药工程技术人员,火炸药工程技术人员,6,3
,,,2020805光电火控工程技术人员,光电火控工程技术人员,3,2
,,20209航空工程技术人员,2020901飞机设计工程技术人员,飞机设计工程技术人员,1,1
,,,2020902飞机制造工程技术人员,飞机制造工程技术人员,2,1
,,,2020903飞机发动机设计工程技术人员,飞机发动机设计工程技术人员,1,1
,,,2020904飞机发动机制造工程技术人员,飞机发动机制造工程技术人员,2,1
,,20210航天工程技术人员,2021001航天工程技术人员,航天工程技术人员,3,1
,,20211电子工程技术人员,2021101电子材料工程技术人员,电子材料工程技术人员,2,1
,,,2021102电子元器件工程技术人员,电子元器件工程技术人员,2,1
,,,2021103雷达系统工程技术人员,雷达系统工程技术人员,2,1
,,,2021104广播视听设备工程技术人员,广播视听设备工程技术人员,2,1
,,,2021105电子仪器与测量工程技术人员,电子仪器与测量工程技术人员,2,1
,,,"2021106工程师",工程师,2,1
,,20212通信工程技术人员,2021201通信工程技术人员,通信工程技术人员,2,1
,,20213计算机与应用工程技术人员,2021301计算机硬件技术人员,计算机硬件技术人员,2,1
,,,2021302计算机软件技术人员,计算机软件技术人员,1,1
,,,2021303计算机网络技术人员,计算机网络技术人员,1,1
,,,"2021304计算机系统分析技术人员",计算机系统分析技术人员,1,1
"第二大类2专业技术人员",202工程技术人员,20213计算机与应用工程技术人员,"2021305维护工程师",维护工程师,2,1
,,,"2021306销售工程师(旧)2001003销售工程师",销售工程师,1,1
,,,2021307计算机乐谱制作师,计算机乐谱制作师,1,1
,,,2021308数字视频合成师,数字视频合成师,1,1
,,,2021309计算机软件产品检验员,计算机软件产品检验员,1,1
,,20214电气工程技术人员,"2021401电机与电器工程技术人员",电机与电器工程技术人员,3,1
,,,2021402电力拖动与自动控制工程技术人员,电力拖动与自动控制工程技术人员,2,1
,,,2021403电线电缆与电工材料工程技术人员,电线电缆与电工材料工程技术人员,2,1
,,,2021404可编程序控制系统设计师,可编程序控制系统设计师,2,1
,,20215电力工程技术人员,2021501发电工程技术人员,发电工程技术人员,3,2
,,,2021502输变电工程技术人员,输变电工程技术人员,3,2
,,,2021503供用电工程技术人员,供用电工程技术人员,3,1
,,20216邮政工程技术人员,2021601邮政工程技术人员,邮政工程技术人员,2,1
,,20217广播电影电视工程技术人员,2021701广播电视编播工程技术人员,广播电视编播工程技术人员,2,1
,,,2021702广播电视传输覆盖工程技术人员,广播电视传输覆盖工程技术人员,2,1
,,,2021703电影工程技术人员,电影工程技术人员,2,1
,,20218交通工程技术人员,2021801汽车运用工程技术人员,汽车运用工程技术人员,2,1
,,,2021802船舶运用工程技术人员,船舶运用工程技术人员,2,1
,,,2021803水上交通工程技术人员(进行水上安全监督管理、搜寻救助等行动),水上交通工程技术人员,4,2
,,,2021804水上交通工程技术人员(不参与水上行动),水上交通工程技术人员（不参与水上行动）,2,1
,,,2021805海上救助打捞工程技术人员(参与海上艘救、打捞行动),海上救助打捞工程技术人员(参与行动),7,3
,,,2021806海上救助打捞工程技术人员(救助打捞技术、装备研究、设计),海上救助打捞工程技术人员(技术研究）,2,1
,,,2021807船舶检验工程技术人员,船舶检验工程技术人员,2,1
,,20219民用航空工程技术人员,2021901民用航空器维修与适航审定专业技术人员,民用航空器维修与适航审定专业技术人员,3,1
,,,2021902航行航空管理及飞行程序设计工程技术人员,航行航空管理及飞行程序设计工程技术人员,1,1
"第二大类2专业技术人员",202工程技术人员,20219民用航空工程技术人员,2021903通用航空技术人员(从事航空摄影、航空物探、航空吊挂吊装、石油航空作业、航空环境污染监测、航空护林、播种、喷施、研究航空体育运动等),通用航空技术人员,6,2
,,,2021904航空运输研究人员,航空运输研究人员,1,1
,,20220铁路工程技术人员,2022001铁道运输工程研究人员,铁道运输工程研究人员,1,1
,,,2022002铁路机务工程技术人员,铁路机务工程技术人员,2,1
,,,2022003铁路车辆工程技术人员,铁路车辆工程技术人员,2,1
,,,2022004铁路电务工程技术人员,铁路电务工程技术人员,3,1
,,20221建筑工程技术人员,2022101城镇规划设计工程技术人员,城镇规划设计工程技术人员,1,1
,,,"2022102建筑设计工程技术人员(旧)0701001建筑师(旧)0701002制图员",建筑设计工程技术人员,1,1
,,,"2022103土木建筑工程技术人员(到工地监督检查指导)",土木建筑工程技术人员,3,1
,,,2022104土木建筑工程技术人员(不到工地),土木建筑工程技术人员（不到工地）,1,1
,,,2022105风景园林工程技术人员,风景园林工程技术人员,2,1
,,,2022106道路与桥梁工程技术人员,道路与桥梁工程技术人员,3,1
,,,2022107港口与航道工程技术人员,港口与航道工程技术人员,3,1
,,,2022108机场工程技术人员,机场工程技术人员,3,1
,,,"2022109铁路建筑工程技术人员",铁路建筑工程技术人员,2,1
,,,2022110水利水电建筑工程技术人员,水利水电建筑工程技术人员,3,1
,,,"2022111内勤工作人员",内勤工作人员,1,1
,,,"2022112承包商(土木建筑)",承包商（土木建筑）,3,1
,,,"2022113建筑公司负责人、业务员",建筑公司负责人、业务员,2,1
,,,"2022114引导参观工地服务人员",引导参观工地服务人员,2,1
,,20222建材工程技术人员,2022201硅酸盐工程技术人员,硅酸盐工程技术人员,2,1
"第二大类2专业技术人员",202工程技术人员,20222建材工程技术人员,2022202石棉、石膏、云母等非金属矿及制品工程技术人员,石棉石膏云母等非金属矿及制品工程技术人员,2,1
,,,2022203玻璃钢、复合材料等无机非金属新材料工程技术人员,玻璃钢复合材料等新材料工程技术人员,2,1
,,20223林业工程技术人员,2022301林业生态环境工程技术人员,林业生态环境工程技术人员,3,1
,,,2022302森林培育工程技术人员,森林培育工程技术人员,2,1
,,,2022303园林绿化工程技术人员,园林绿化工程技术人员,2,1
,,,2022304野生动物保护与繁殖利用工程技术人员(研究调查野生动物资源及野生动物驯化、繁殖技术人员),野生动物保护与繁殖利用工程技术人员,4,2
,,,2022305野生动物保护与繁殖利用工程技术人员（设计、研制猎枪、猎具+改进狩猎技术+研究野生动物肉、毛皮产品测定、分析、储藏技术人员）,设计猎具研究野生动物毛皮产品技术人员,2,1
,,,2022306自然保护区工程技术人员,自然保护区工程技术人员,3,2
,,,2022307森林保护工程技术人员,森林保护工程技术人员,3,2
,,,2022308木、竹材加工工程技术人员,木、竹材加工工程技术人员,3,2
,,,2022309森林采伐和运输工程技术人员,森林采伐和运输工程技术人员,4,2
,,,2022310经济林和林特产品加工工程技术人员,经济林和林特产品加工工程技术人员,2,2
,,,2022311森林资源管理与监测工程技术人员,森林资源管理与监测工程技术人员,2,1
,,20224水利工程技术人员,2022401水资源勘测工程技术人员,水资源勘测工程技术人员,3,1
,,,2022402治河及泥沙治理工程技术人员,治河及泥沙治理工程技术人员,3,1
,,,"2022403水利工程师",水利工程师,2,1
,,20225海洋工程技术人员,2022501海洋调查与监测工程技术人员,海洋调查与监测工程技术人员,3,1
,,,2022502海洋环境预报工程技术人员,海洋环境预报工程技术人员,2,1
"第二大类2专业技术人员",202工程技术人员,20225海洋工程技术人员,2022503海洋资源开发利用和保护工程技术人员(海洋矿产、油气资源开发利用),海洋矿产、油气资源开发利用技术人员,6,3
,,,2022504海洋资源开发利用和保护工程技术人员(海水淡化、潮汐能、波浪能等能源开发、海洋生态系统保护等),海水淡化潮汐能波浪能等能源开发技术人员,3,1
,,,2022505海洋工程勘察设计工程技术人员（进行海洋、海底勘察人员）,海洋工程技术人员(进行海洋海底勘察),6,3
,,,2022506海洋工程勘察设计工程技术人员(工程设计规划人员),海洋工程技术人员(工程设计规划人员),2,1
,,20226水产工程技术人员,2022601水产养殖工程技术人员,水产养殖工程技术人员,2,1
,,,2022602渔业资源开发利用工程技术人员,渔业资源开发利用工程技术人员,2,1
,,20227纺织工程技术人员,2022701纺纱工程技术人员,纺纱工程技术人员,2,1
,,,2022702织造工程技术人员,织造工程技术人员,2,1
,,,2022703染整工程技术人员,染整工程技术人员,2,1
,,,"2022704工程师",工程师,2,1
,,20228食品工程技术人员,2022801食品营养卫生研究及食品加工、储运工艺技术开发应用人员,食品营养卫生食品加工储运工艺开发应用人员,1,1
,,20229气象工程技术人员,2022901气象观测人员,气象观测人员,2,1
,,,2022902天气预报人员,天气预报人员,1,1
,,,2022903气候监测预测人员,气候监测预测人员,1,1
,,,2022904应用气象人员,应用气象人员,1,1
,,,2022905气象服务人员,气象服务人员,1,1
,,20230地震工程技术人员,2023001地震工程技术人员,地震工程技术人员,1,1
,,20231环境保护工程技术人员,2023101环境损害控制工程技术人员,环境损害控制工程技术人员,1,1
,,,2023102环境监测工程技术人员,环境监测工程技术人员,1,1
,,,2023103环境污染治理工程技术人员,环境污染治理工程技术人员,2,1
,,,2023104灾害信息员,灾害信息员,1,1
,,,2023105紧急救助员,紧急救助员,7,3
,,20232安全工程技术人员,2023201安全工程技术人员(安全科学技术研究、开发与推广+安全工程设计施工、安全生产运行控制+安全检测、监督、评估+事故调查分析与预测预防),安全工程技术人员,2,1
,,,2023202安全防范系统安装维护员,安全防范系统安装维护员,2,1
,,,2023203安全防范设计评估师,安全防范设计评估师,2,1
"第二大类2专业技术人员",203农业技术人员,20233标准化、计量、质量工程技术人员,2023301标准化工程技术人员(从事技术、服务、管理标准化的研究和标准制定、实施、监督、管理的工程技术人员),标准化工程技术人员,1,1
,,,2023302计量工程技术人员,计量工程技术人员,1,1
,,,2023303质量工程技术人员,质量工程技术人员,1,1
,,20234管理（工业）工程技术人员,2023401普通工业管理工程技术人员,普通工业管理工程技术人员,1,1
,,,2023402系统规划与管理工程技术人员,系统规划与管理工程技术人员,1,1
,,,2023403设施规划与设计工程技术人员,设施规划与设计工程技术人员,1,1
,,,2023404生产组织与管理工程技术人员,生产组织与管理工程技术人员,1,1
,,,2023405质量管理与可靠性控制工程技术人员,质量管理与可靠性控制工程技术人员,1,1
,,,2023406营销工程技术人员,营销工程技术人员,1,1
,,,2023407人力资源开发与管理工程技术人员,人力资源开发与管理工程技术人员,1,1
,,20301土壤肥料技术人员,2030101土壤肥料技术人员,土壤肥料技术人员,2,1
,,20302植物保护技术人员,2030201植物保护技术人员,植物保护技术人员,2,1
,,20303园艺技术人员,2030301园艺技术人员,园艺技术人员,2,1
,,20304作物遗传育种栽培技术人员,2030401作物遗传育种栽培技术人员,作物遗传育种栽培技术人员,2,1
,,20305兽医兽药技术人员,2030501兽医,兽医,2,1
,,,2030502兽药技术人员,兽药技术人员,2,1
,,20306畜牧与草业技术人员,2030601畜牧技术人员,畜牧技术人员,2,1
,,,2030602草业技术人员,草业技术人员,2,1
,,20399其他农业技术人员,"2039901农业技师、指导员",农业技师、指导员,2,1
,204飞机和船舶技术人员,20401旋翼式飞机飞行人员和领航人员,"2040101飞行驾驶员",飞行驾驶员,6,2
,,,2040102飞机机械员,飞机机械员,6,1
,,,2040103飞行领航员,飞行领航员,6,1
,,,2040104飞行通信员,飞行通信员,6,1
"第二大类2专业技术人员",204飞机和船舶技术人员,20402船舶指挥和引航人员,2040201甲板部技术人员,甲板部技术人员,4,1
,,,2040202轮机部技术人员,轮机部技术人员,4,1
,,,"2040203船舶引航员",船舶引航员,4,1
,,,"2040204船长",船长,6,1
,,,"2040205轮机长",轮机长,4,1
,,,"2040206大副",大副,4,1
,,,"2040207二副",二副,4,1
,,,"2040208三副",三副,4,1
,,,"2040209大管轮",大管轮,4,1
,,,"2040210二管轮",二管轮,4,1
,,,"2040211三管轮",三管轮,4,1
,,,"2040212报务员",报务员,4,1
,,,"2040213事务长",事务长,4,1
,,,"2040214引水员",引水员,4,1
,,20403喷气式民航班机飞行人员和领航人员,2040301民航飞机驾驶员,民航飞机驾驶员,4,1
,,,2040302民航飞机机械员,民航飞机机械员,4,1
,,,2040303民航飞行领航员,民航飞行领航员,4,1
,,,2040304民航飞行通信员,民航飞行通信员,4,1
,205卫生专业技术人员,20501西医医师,2050101内科医师,内科医师,1,1
,,,2050102外科医师,外科医师,2,1
,,,2050103儿科医师,儿科医师,1,1
,,,2050104妇产科医师,妇产科医师,1,1
,,,2050105眼科医师,眼科医师,1,1
,,,2050106耳鼻喉科医师,耳鼻喉科医师,1,1
,,,2050107口腔科医师,口腔科医师,1,1
,,,2050108皮肤科医师,皮肤科医师,1,1
,,,"2050109精神科医师",精神科医师,3,1
,,,2050110心理医师,心理医师,1,1
,,,2050111传染病科医师,传染病科医师,3,1
,,,2050112急诊科医师,急诊科医师,2,1
,,,2050113康复科医师,康复科医师,1,1
"第二大类2专业技术人员",205卫生专业技术人员,20501西医医师,2050114麻醉科医师,麻醉科医师,1,1
,,,2050115病理科医师,病理科医师,1,1
,,,2050116放射科医师,放射科医师,2,1
,,,2050117核医学医师,核医学医师,2,1
,,,2050118超声诊断科医师,超声诊断科医师,1,1
,,,2050119放射肿瘤科医师,放射肿瘤科医师,2,1
,,,"2050120全科医师",全科医师,1,1
,,,2050121乡村医师,乡村医师,2,1
,,,2050122妇幼保健医师,妇幼保健医师,1,1
,,,2050123输（采供）血医师,输（采供）血医师,2,1
,,20502中医医师,2050201中医内科医师,中医内科医师,1,1
,,,2050202中医外科医师,中医外科医师,1,1
,,,2050203中医妇科医师,中医妇科医师,1,1
,,,2050204中医儿科医师,中医儿科医师,1,1
,,,2050205中医眼科医师,中医眼科医师,1,1
,,,2050206中医皮肤科医师,中医皮肤科医师,1,1
,,,"2050207中医骨伤科医师(旧)1002006跌打损伤治疗人员",中医骨伤科医师,2,1
,,,2050208中医肛肠科医师,中医肛肠科医师,1,1
,,,2050209中医耳鼻喉科医师,中医耳鼻喉科医师,1,1
,,,2050210针炙科医师,针炙科医师,1,1
,,,2050211推拿按摩科医师,推拿按摩科医师,2,1
,,20503中西医结合医师,2050301中西医结合医师,中西医结合医师,1,1
,,20504民族医师,2050401民族医师,民族医师,1,1
,,20505公共卫生医师,2050501流行病学医师,流行病学医师,1,1
,,,2050502营养与食品卫生医师,营养与食品卫生医师,1,1
,,,2050503环境卫生医师,环境卫生医师,1,1
,,,2050504职业病医师,职业病医师,1,1
,,,2050505劳动(职业)卫生医师,劳动（职业）卫生医师,1,1
,,,2050506放射卫生医师,放射卫生医师,2,1
,,,2050507少儿和学校卫生医师,少儿和学校卫生医师,1,1
,,,2050508健康管理师,健康管理师,1,1
,,,2050509公共营养师,公共营养师,1,1
,,20506药剂人员,2050601西药剂师,1西药剂师,1,1
,,,2050602中药药师,中药药师,1,1
,,20507医疗技术人员,2050701影像技师,影像技师,2,1
,,,2050702麻醉技师,麻醉技师,1,1
,,,"2050703病理技师",病理技师,1,1
,,,2050704临床检验技师,临床检验技师,1,1
"第二大类2专业技术人员",205卫生专业技术人员,20507医疗技术人员,2050705公卫检验技师,公卫检验技师,1,1
,,,2050706卫生工程技师,卫生工程技师,1,1
,,,2050707输(采供)血技师,输（采供）血技师,2,1
,,,2050708放射线之技术人员,放射线之技术人员,2,1
,,,2050709放射线之修理人员,放射线之修理人员,4,1
,,,2050710医学设备管理师,医学设备管理师,2,1
,,20508护理人员,2050801病房护士,病房护士,1,1
,,,2050802门诊护士,门诊护士,1,1
,,,2050803急诊护士,急诊护士,2,1
,,,2050804手术室护士,手术室护士,2,1
,,,2050805供应室护士,供应室护士,1,1
,,,2050806社区护士,社区护士,1,1
,,,"2050807助产士",助产士,2,1
,,,2050808医疗救护员,医疗救护员,1,1
,,20599其他卫生专业技术人员,2059901一般医务行政人员,一般医务行政人员,1,1
,,,"2059902监狱、看守所医生护理人员",监狱、看守所医生护理人员,4,1
,206经济业务人员,20601经济计划人员,2060101经济计划人员,经济计划人员,1,1
,,20602统计人员,2060201统计人员,统计人员,1,1
,,20603会计人员,"2060301会计人员",会计人员,1,1
,,20604审计人员,2060401审计人员,审计人员,1,1
,,20605国际商务人员,2060501国际商务人员,国际商务人员,1,1
,,20606品牌专业人员,2060601品牌管理师,品牌管理师,1,1
,,20607分析人员,2060701职业信息分析师,职业信息分析师,1,1
,,,2060702调查分析师,调查分析师,1,1
,,,2060703黄金投资分析师,黄金投资分析师,1,1
,207金融业务人员,20701银行业务人员,2070101银行货币发行员,银行货币发行员,1,1
,,,2070102银行国库业务员,银行国库业务员,1,1
,,,2070103银行外汇管理员,银行外汇管理员,1,1
,,,2070104银行清算员,银行清算员,1,1
,,,2070105银行信贷员,银行信贷员,2,1
,,,2070106银行国际业务处理人员,银行国际业务处理人员,1,1
,,,2070107银行信托业务处理人员,银行信托业务处理人员,1,1
,,,2070108银行信用卡业务处理人员,银行信用卡业务处理人员,1,1
,,,2070109银行储蓄员,银行储蓄员,1,1
,,,"2070110现金运送车司机、点钞员、押送员",现金运送车司机、点钞员、押送员,3,1
"第二大类2专业技术人员",207金融业务人员,20702保险业务人员,2070201精算师,精算师,1,1
,,,2070202保险推销员,保险推销员,2,1
,,,2070203保险理赔员,保险理赔员,1,1
,,,"2070204保险收费员",保险收费员,2,1
,,,"2070205保险调查员",保险调查员,2,1
,,,"2070206征信人员",征信人员,2,1
,,20703证券业务人员,2070301证券发行员,证券发行员,1,1
,,,2070302证券交易员,证券交易员,1,1
,,,2070303证券投资顾问,证券投资顾问,1,1
,,20704信用管理人员,2070401信用管理师,信用管理师,1,1
,,20799其他金融业务人员,"2079901金融一般内勤人员",金融一般内勤人员,1,1
,,,"2079902金融外务员",金融外务员,2,1
,208法律专业人员,20801法官,2080101法官,法官,1,1
,,20802检察官,2080201检察官,检察官,1,1
,,20803律师,"2080301律师",律师,1,1
,,20804公证员,2080401公证员,公证员,1,1
,,20805司法鉴定人员,2080501法医,法医,2,1
,,20806书记员,2080601书记员,书记员,1,1
,,20807商业犯罪调查处理人员,2080701商业犯罪调查处理人员,商业犯罪调查处理人员,3,1
,209教学人员,20901高等教育教师,"2090101高等教育教师",高等教育教师,1,1
,,20902中等职业教育教师,2090201中等职业教育理论,中等职业教育理论,1,1
,,,2090202实习指导教师,实习指导教师,1,1
,,20903中学教师,2090301中学教师,中学教师,1,1
,,20904小学教师,2090401小学教师,小学教师,1,1
,,20905幼儿教师,2090501幼儿教师,幼儿教师,1,1
,,20906特殊教育教师,2090601特殊教育教师,特殊教育教师,1,1
,,20907家庭教师,2090701家庭教师,家庭教师,1,1
,,20999其他教学人员,"2099901校工",校工,2,1
,,,"2099902军训教官、体育教师",军训教官、体育教师,2,1
,,,"2099903汽车驾驶训练班教练",汽车驾驶训练班教练,3,1
"第二大类2专业技术人员",209教学人员,20999其他教学人员,"2099904各项运动教练",各项运动教练,2,1
,,,2099905飞行教官,飞行教官,6,2
,,,2099906飞行训练学员,飞行训练学员,6,1
,,,"2099907一般学生",一般学生,1,1
,,,2099908学龄前儿童,学龄前儿童,1,1
,210文学艺术工作人员,21001文艺创作和评论人员,"2100101文学作家",文学作家,1,1
,,,2100102曲艺作家,曲艺作家,1,1
,,,"2100103剧作家",剧作家,1,1
,,,"2100104作曲家",作曲家,1,1
,,,2100105词作家,词作家,1,1
,,,2100106文艺评论员,文艺评论员,1,1
,,,2100107皮影戏木偶戏作家,皮影戏木偶戏作家,1,1
,,21002编导和音乐指挥人员,"2100201电影电视导演",电影电视导演,2,1
,,,2100202戏剧导演,戏剧导演,1,1
,,,2100203舞蹈编导,舞蹈编导,1,1
,,,2100204音乐指挥,音乐指挥,1,1
,,,"2100205武术指导",武术指导,3,1
,,21003演员,2100301电影电视演员,电影电视演员,2,1
,,,"2100302戏剧演员",戏剧演员,2,1
,,,"2100303舞蹈演员",舞蹈演员,2,1
,,,2100304曲艺演员,曲艺演员,1,1
,,,2100305杂技魔术演员,杂技魔术演员,3,1
,,,2100306歌唱演员,歌唱演员,2,1
,,,2100307皮影戏演员,皮影戏演员,1,1
,,,2100308木偶戏演员,木偶戏演员,1,1
,,,"2100309武打演员",武打演员,5,2
,,,"2100310特技演员",特技演员,7,3
,,,2100311高空杂技飞车飞人演员,高空杂技飞车飞人演员,7,3
"第二大类2专业技术人员",210文学艺术工作人员,21003演员,2100312配音演员,配音演员,1,1
,,21004乐器演奏员,2100401民族乐器演奏员,民族乐器演奏员,1,1
,,,2100402外国乐器演奏员,外国乐器演奏员,1,1
,,21005电影电视制作及舞台专业人员,"2100501电影电视制片",电影电视制片,1,1
,,,"2100502电影电视场记",电影电视场记,2,1
,,,2100503电影电视摄影师,3电影电视摄影师,2,1
,,,2100504照明师,照明师,2,1
,,,2100505录音师,录音师,1,1
,,,2100506剪辑师,剪辑师,1,1
,,,2100507美工师,美工师,1,1
,,,"2100508化妆师",化妆师,1,1
,,,"2100509置景师",置景师,4,1
,,,2100510道具师,道具师,2,1
,,,2100511电影电视片发行人,电影电视片发行人,1,1
,,,2100512舞台监督,舞台监督,1,1
,,,2100513戏剧制作人,戏剧制作人,1,1
,,,"2100514影片商",影片商,1,1
,,,2100515灯光及音响工作人员,灯光及音响工作人员,2,1
,,,"2100516冲片人员",冲片人员,2,1
,,,"2100517洗片人员",洗片人员,2,1
,,,"2100518机械工电工",机械工电工,4,1
,,21006美术专业人员,"2100601画家",画家,1,1
,,,2100602篆刻家,篆刻家,2,1
,,,"2100603雕塑家",雕塑家,2,1
,,,2100604书法家,书法家,1,1
,,,2100605陶艺家,陶艺家,2,1
,,21007工艺美术专业人员,2100701特种工艺设计人员,特种工艺设计人员,1,1
,,,2100702实用工艺设计人员,实用工艺设计人员,1,1
"第二大类2专业技术人员",210文学艺术工作人员,21007工艺美术专业人员,2100703现代工艺设计人员,现代工艺设计人员,1,1
,,,2100704装磺美术设计人员,装磺美术设计人员,1,1
,,,2100705服装设计人员,服装设计人员,1,1
,,,2100706室内装饰设计人员,室内装饰设计人员,1,1
,,,2100707陈列展览设计人员,陈列展览设计人员,1,1
,,,2100708广告设计人员,广告设计人员,1,1
,211体育工作人员,21101高尔夫球运动,"2110101教练员",教练员,2,1
,,,"2110102运动员",运动员,2,1
,,,"2110103球童",球童,2,1
,,21102保龄球运动,"2110201教练员",教练员,2,1
,,,"2110202保龄球球员",保龄球球员,2,1
,,21103桌球运动,"2110301教练员",教练员,2,1
,,,"2110302桌球球员",桌球球员,2,1
,,21104羽毛球运动,"2110401教练员",教练员,2,1
,,,"2110402羽毛球球员",羽毛球球员,2,2
,,21105游泳运动,"2110501教练员",教练员,2,1
,,,"2110502游泳队员",游泳队员,2,1
,,21106射箭运动,"2110601教练员",教练员,2,1
,,,"2110602射箭运动员",射箭运动员,2,1
,,21107网球运动,"2110701教练员",教练员,2,1
,,,"2110703网球球员",网球球员,2,1
,,21108垒球运动,"2110801教练员",教练员,2,1
,,,"2110803垒球球员",垒球球员,2,1
"第二大类2专业技术人员",211体育工作人员,21109滑冰运动,"2110901教练员",教练员,2,1
,,,"2110902滑冰运动员",滑冰运动员,2,2
,,21110射击运动,"2111001教练员",教练员,2,1
,,,"2111002射击人员",射击人员,2,1
,,21111民族体育运动(不含竞技性),"2111101教练员",教练员,2,1
,,,2111102民族体育活动人员,民族体育活动人员,2,1
,,21112举重运动,"2111201教练员",教练员,2,1
,,,"2111202举重运动员",举重运动员,3,2
,,21113篮球运动,"2111301教练员",教练员,2,1
,,,"2111302篮球运动员",篮球运动员,3,2
,,21114排球运动,"2111401教练员",教练员,2,1
,,,"2111402排球运动员",排球运动员,3,2
,,21115棒球运动,"2111501教练员",教练员,2,1
,,,"2111502棒球运动员",棒球运动员,3,1
,,21116田径运动,"2111601教练员",教练员,2,1
,,,"2111602田径运动员",田径运动员,3,1
,,21117体操运动,"2111701教练员",教练员,3,1
,,,"2111702体操运动员",体操运动员,3,2
,,21118滑雪运动,"2111801教练员",教练员,3,1
"第二大类2专业技术人员",211体育工作人员,21118滑雪运动,"2111802滑雪运动员",滑雪运动员,6,2
,,21119帆船运动,"2111901教练员",教练员,3,1
,,,"2111902驾乘人员",驾乘人员,3,1
,,21120划船运动,"2112001教练员",教练员,3,1
,,,"2112002驾乘人员",驾乘人员,3,2
,,21121泛舟运动,"2112101教练员",教练员,3,1
,,,"2112102驾乘人员",驾乘人员,3,2
,,21122巧固球运动,"2112201教练员",教练员,2,1
,,,"2112202巧固球球员",巧固球球员,3,1
,,21123手球运动,"2112301教练员",教练员,2,1
,,,"2112302手球运动员",手球运动员,3,2
,,21124风浪板运动,"2112401教练员",教练员,4,2
,,,"2112402驾乘人员",驾乘人员,4,2
,,21125水上摩托车,"2112501教练员",教练员,4,2
,,,"2112502驾乘人员",驾乘人员,4,2
,,21126足球运动,"2112601教练员",教练员,2,1
,,,"2112602足球运动员",足球运动员,4,2
,,21127曲棍球运动,"2112701教练员",教练员,2,1
,,,"2112702曲棍球球员",曲棍球球员,5,1
,,21128冰上曲棍球运动,"2112801教练员",教练员,3,1
"第二大类2专业技术人员",211体育工作人员,21128冰上曲棍球运动,"2112802冰上曲棍球球员",冰上曲棍球球员,6,1
,,21129橄榄球,"2112901教练员",教练员,2,1
,,,"2112902橄榄球球员",橄榄球球员,5,2
,,21130乒乓球运动,2113001教练员,教练员,2,1
,,,2113002乒乓球球员,乒乓球球员,2,2
,,21131击剑运动,2113101教练员,教练员,3,1
,,,2113102击剑运动员,击剑运动员,4,2
,,21132水球运动,2113201教练员,教练员,2,1
,,,2113202水球球员,水球球员,2,2
,,21133马术运动,2113301教练员,教练员,4,1
,,,2113302运动员,运动员,6,2
,,21134摔跤运动,2113401教练员,教练员,3,1
,,,2113402摔跤运动员,摔跤运动员,5,2
,,21135拳击运动,2113501教练员,教练员,4,2
,,,2113502职业拳击运动员,职业拳击运动员,7,3
,,,2113503业余拳击运动员,业余拳击运动员,6,2
,,21136裁判人员,2113601裁判人员,裁判人员,2,1
,212新闻出版、文化工作人员,21201记者,2120101文字记者,文字记者,1,1
,,,"2120102摄影记者",摄影记者,4,1
,,,"2120103外勤记者",外勤记者,2,1
,,,"2120104战地记者",战地记者,7,3
,,,"2120105电视记者",电视记者,2,1
,,21202编辑,2120201文字编辑,文字编辑,1,1
,,,2120202美术编辑,美术编辑,1,1
,,,2120203技术编辑,技术编辑,1,1
,,,2120204电子出版物编辑,电子出版物编辑,1,1
,,21203校对员,2120301校对员,校对员,1,1
,,21204播音员及节目主持人,2120401播音员,播音员,1,1
,,,2120402节目主持人,节目主持人,1,1
,,21205翻译,2120501翻译,翻译,1,1
,,,2120502手语翻译员,手语翻译员,1,1
,,21206图书资料与档案业务人员,2120601图书资料业务人员,图书资料业务人员,1,1
,,,2120602档案业务人员,档案业务人员,1,1
,,,2120603缩微摄影人员,缩微摄影人员,1,1
"第二大类2专业技术人员",212新闻出版、文化工作人员,21206图书资料与档案业务人员,"2120604图书馆工作人员",图书馆工作人员,1,1
,,21207考古及文物保护专业人员,2120701考古工作者,考古工作者,2,2
,,,2120702文物鉴定和保管人员,文物鉴定和保管人员,1,1
,,,2120703文物保护专业人员,文物保护专业人员,2,1
,,,"2120704博物馆工作人员",博物馆工作人员,1,1
,,21299其他新闻出版、文化工作人员,"2129901内勤人员",内勤人员,1,1
,213宗教职业者,21300宗教职业者,2130001宗教职业者,宗教职业者,1,1
,,,"2130002寺庙及教堂管理人员",寺庙及教堂管理人员,1,1
,,,"2130003宗教团体工作人员",宗教团体工作人员,1,1
,,,"2130004僧尼道士传教人员员",僧尼道士传教人员,1,1
"第三大类3办事人员和有关人员",301行政办公人员,30101行政业务人员,"3010101行政业务办公人员（内勤）",行政业务办公人员（内勤）,1,1
,,,"3010102行政业务办公人员（外勤）",行政业务办公人员（外勤）,2,1
,,,"3010103工商、税务、海关、城管等特定国家机关行政执法人员",工商税务海关城管特定国家机关行政执法人员,3,1
,,,"3010104缉私人员",缉私人员,4,1
,,,3010105客户服务管理师,客户服务管理师,2,1
,,30102行政事务人员,3010201秘书,秘书,1,1
,,,3010202公务员,公务员,1,1
,,,3010203收发员,收发员,1,1
,,,3010204打字员,打字员,1,1
,,,3010205计算机操作员,计算机操作员,1,1
,,,3010206制图员,制图员,1,1
,302安全保卫和消防人员,30201人民警察,"3020101警务行政及内勤人员",警务行政及内勤人员,1,1
,,,"3020102警察（负有巡逻任务者）",警察（负有巡逻任务者）,3,1
"第三大类3办事人员和有关人员",302安全保卫和消防人员,30201人民警察,"3020103监狱看守所管理人员",监狱看守所管理人员,3,1
,,,"3020104交通警察",交通警察,4,1
,,,"3020105刑警",刑警,5,1
,,,"3020106警务特勤",警务特勤,6,2
,,,"3020107防暴警察",防暴警察,7,2
,,,"3020108港口机场警卫及安全人员",港口机场警卫及安全人员,4,1
,,,3020110警校学生,警校学生,4,2
,,30202治安保卫人员,"3020201保安员",1保安员,4,1
,,,3020202违禁品检查员,违禁品检查员,3,1
,,,3020203金融守押员,金融守押员,3,1
,,,"3020204治安调查人员",治安调查人员,3,1
,,,3020301灭火员,灭火员,6,2
,,,3020302防毒防化防核抢险员,防毒防化防核抢险员,7,3
,,,3020303一般事故抢险员,一般事故抢险员,6,2
,,,3020304抢险救援器材工具调配工,抢险救援器材工具调配工,3,1
,,,3020305抢险救援器材维修工,抢险救援器材维修工,3,1
,,,3020306火险监督员、防火审核员,火险监督员、防火审核员,2,1
,,,3020307可燃气体(毒气)检测员、危险物品监督员,可燃气体（毒气）检测员、危险物品监督员,3,1
,,,3020308建(构)筑物消防员,建（构）筑物消防员,3,2
,,,3020309火灾_望观察员(_望塔),火灾_望观察员（_望塔）,2,2
,,,3020310火灾_望观察员(直升机),火灾_望观察员（直升机）,6,1
,303邮政和电信业务人员,30301邮政业务人员,"3030101邮政营业员",邮政营业员,1,1
,,,3030102邮件分检、接发员,邮件分检、接发员,1,1
,,,3030103火车、汽车邮件押运员,火车、汽车邮件押运员,3,1
,,,3030104轮船邮件押运员,轮船邮件押运员,4,1
,,,3030105报刊分发员,报刊分发员,1,1
"第三大类3办事人员和有关人员",303邮政和电信业务人员,30301邮政业务人员,3030106投递员(外勤),投递员（外勤）,2,1
,,,3030107投递员(内勤),投递员（内勤）,1,1
,,,3030108邮政储汇员,邮政储汇员,1,1
,,,3030109报刊发行、零售员,报刊发行、零售员,1,1
,,,3030110集邮业务员,集邮业务员,1,1
,,,3030111邮政业务档案员,邮政业务档案员,1,1
,,,3030112邮政设备安装、维护人员,邮政设备安装、维护人员,3,1
,,,"3030113包裹邮务人员",包裹邮务人员,3,1
,,,"3030114包裹搬运人员",包裹搬运人员,4,1
,,30302电信业务人员,3030201电信业务营业员,电信业务营业员,1,1
,,,3030202话务员,话务员,1,1
,,,3030203报务员,报务员,1,1
,,30303电信通信传输业务人员,3030301通信设备维护人员,通信设备维护人员,3,1
,,,3030302电话、通信天、馈线架(敷)设、维修人员,电话、通信天、馈线架（敷）设、维修人员,4,1
,,,3030303电话电报交换设备安装、维护人员,电话电报交换设备安装、维护人员,3,1
,,,3030304电话机、寻呼机、传真机等用户终端设备维修员,电话机寻呼机传真机等用户终端设备维修员,2,1
,,,3030305通信系统供电设备、空调设备安装维护人员,通信系统供电设备、空调设备安装维护人员,4,1
,,,3030306市话障碍处理人员,市话障碍处理人员,2,1
,,,"3030307电信装置维护修理工",电信装置维护修理工,3,1
,,,"3030308电信工程设施架设人员员",电信工程设施架设人员,4,2
,304广告从业人员,30401广告内勤人员,3040101客户主任、统筹、设计师、市场拓展主任,客户主任、统筹、设计师、市场拓展主任,1,1
,,,"3040102撰稿员、一般内勤",撰稿员、一般内勤,1,1
,,30402室外工作人员,"3040201广告业务员",广告业务员,2,1
,,,"3040202广告招牌绘制人员",广告招牌绘制人员,4,1
,,,"3040203广告片拍摄录制人员",广告片拍摄录制人员,2,1
,,,"3040204广告招牌架设人员",广告招牌架设人员,5,2
"第三大类3办事人员和有关人员",304广告从业人员,30402室外工作人员,3040205霓虹光管安装及维修人员,霓虹光管安装及维修人员,5,2
,305设计和策划人员,30501展览业工作人员,3050101会展设计师,会展设计师,2,1
,,,3050102会展策划师,会展策划师,1,1
,,30502景观建设从业人员,3050201景观设计师,景观设计师,2,1
,306绘制人员,30601模型制作人员,3060101建筑模型设计制作员,建筑模型设计制作员,2,1
,,30602制图人员,3060202动画绘制员,动画绘制员,1,1
,307影视从业人员,30701影视拍摄制作人,3070101数字视频(DV)策划制作师,数字视频(DV)策划制作师,2,1
,308物业管理和服务人员,30801物业管理人员,3080101智能楼宇管理师,智能楼宇管理师,2,1
"第四大类4商业、服务业人员",401购销人员,40101营业人员,"4010101营业员",营业员,1,1
,,,4010102收银员,收银员,1,1
,,40102推销、展销人员,"4010201推销员",推销员,2,1
,,,4010202出版物发行员,出版物发行员,1,1
,,,4010203服装模特,服装模特,1,1
,,40103采购人员,"4010301采购员",采购员,2,1
,,,4010302粮油、农副土特产品、蔬菜等商品收购员,粮油、农副土特产品、蔬菜等商品收购员,2,1
,,,4010303中药购销员,中药购销员,2,1
,,40104拍卖、典当及租赁业务人员,4010401旧货、古玩、字画等物品鉴定估价师,旧货、古玩、字画等物品鉴定估价师,1,1
,,,4010402拍卖师,拍卖师,1,1
,,,4010403典当业务员,典当业务员,1,1
,,,4010404租赁业务员,租赁业务员,1,1
,,40105废旧物资回收利用人员,4010501废旧物资回收挑选工,废旧物资回收挑选工,2,1
,,,4010502废旧物资加工工,废旧物资加工工,3,1
,,,4010503船舶拆解工(仪表拆解),船舶拆解工（仪表拆解）,3,1
,,,4010504船舶拆解工(机舱、船体拆解),船舶拆解工（机舱、船体拆解）,5,2
,,,4010505船舶拆解工(油船清洗工),船舶拆解工（油船清洗工）,5,2
,,40106粮油管理人员,4010601粮油管理员,粮油管理员,2,1
,,40107商品监督和市场管理人员,4010701商品监督员,商品监督员,1,1
,,,4010702市场管理员,市场管理员,2,1
,,40199其他购销人员,4019901医药商品购销员,医药商品购销员,2,1
,,,4019902中药配方、制剂调配人员,中药配方、制剂调配人员,1,1
,,,4019903个体摊贩,个体摊贩,2,1
,402仓储人员,40201保管人员,"4020101保管员",保管员,3,1
,,,4020102理货员,理货员,3,1
,,,4020103库存商品养护员,库存商品养护员,2,1
,,,4020104保鲜员,保鲜员,2,1
"第四大类4商业、服务业人员",402仓储人员,40201保管人员,4020105冷藏工,冷藏工,3,1
,,40202储运人员,4020201商品储运员,商品储运员,2,1
,,,4020202商品护运员,商品护运员,3,1
,,,4020203医药商品储运员,医药商品储运员,2,1
,,,4020204出版物储运员,出版物储运员,2,1
,,,4020205货柜场检查员(控制室内),货柜场检查员（控制室内）,2,1
,,,4020206货柜场检查员(站立于货柜上),货柜场检查员（站立于货柜上）,4,1
,,,4020207起重机操作员(于控制室内),起重机操作员（于控制室内）,2,1
,,,4020208起重机操作员,起重机操作员,4,1
,403餐饮服务人员,40301中餐烹饪人员,"4030101中式烹调师",中式烹调师,2,1
,,,4030102中式面点师,中式面点师,2,1
,,40302西餐烹饪人员,4030201西式烹调师,西式烹调师,2,1
,,,4030202西式面点师,西式面点师,2,1
,,40303调酒和茶艺人员,4030301调酒师,调酒师,1,1
,,,4030302茶艺师,茶艺师,1,1
,,,4030303咖啡师,咖啡师,1,1
,,40304营养配餐人员,4030401营养配餐员,营养配餐员,1,1
,,40305餐厅服务人员,"4030501餐厅服务员",餐厅服务员,2,1
,,,4030502餐具清洗保管员,餐具清洗保管员,2,1
,,,"4030503经理人员",经理人员,1,1
,,,"4030504一般内勤人员",一般内勤人员,1,1
,,,"4030505收帐员",收帐员,2,1
,404饭店、旅游及健身娱乐场所服务人员,40401饭店服务人员,4040101前厅服务员,前厅服务员,1,1
,,,4040102客房服务员,客房服务员,1,1
,,,4040103旅店服务员,旅店服务员,1,1
,,,"4040104旅馆负责人",旅馆负责人,1,1
,,,"4040105一般内勤人员",一般内勤人员,1,1
,,,"4040106外务员",外务员,2,1
"第四大类4商业、服务业人员",404饭店、旅游及健身娱乐场所服务人员,40401饭店服务人员,"4040107收帐员",收帐员,2,1
,,,"4040108技工",技工,3,1
,,40402旅游及公共游览场所服务人员,"4040201导游",导游,2,1
,,,4040202公共游览场所服务员,公共游览场所服务员,1,1
,,,4040203展览讲解员,展览讲解员,1,1
,,,4040204插花员,插花员,1,1
,,,4040205盆景工,盆景工,2,1
,,,4040206假山工,假山工,5,1
,,,4040207园林植物保护工,园林植物保护工,2,1
,,,"4040208一般内勤人员",一般内勤人员,1,1
,,,"4040209外务人员",外务人员,2,1
,,40403健身和娱乐场所服务人员,4040301群众性体育活动指导员,群众性体育活动指导员,1,1
,,,4040302体育场地维护、保养工,体育场地维护、保养工,2,1
,,,4040303康乐服务员,康乐服务员,1,1
,,,"4040304保健按摩师",保健按摩师,2,1
,,,"4040305桑拿业负责人",桑拿业负责人,1,1
,,,"4040306桑拿业柜台人员",桑拿业柜台人员,1,1
,,,4040307社会文化指导员,社会文化指导员,1,1
,,,4040308芳香保健师,芳香保健师,1,1
,,40404高尔夫球馆,"4040401教练",教练,2,1
,,,"4040402球场保养人员",球场保养人员,2,1
,,,"4040403维护工人",维护工人,2,1
,,,"4040404球童",球童,2,1
,,40405保龄球馆,"4040501记分员",记分员,1,1
,,,"4040502柜台人员",柜台人员,1,1
,,,"4040503机械保护员",机械保护员,3,1
,,,"4040504清洁工人",清洁工人,2,1
"第四大类4商业、服务业人员",404饭店、旅游及健身娱乐场所服务人员,40406撞球馆,"4040601负责人",负责人,2,1
,,,"4040602记分员",记分员,2,1
,,40407游泳池,"4040701负责人",负责人,1,1
,,,"4040702管理员",管理员,1,1
,,,"4040703教练",教练,2,1
,,,"4040704售票员",售票员,1,1
,,,"4040705救生员",救生员,4,1
,,40408海水浴场,"4040801负责人",负责人,1,1
,,,"4040802管理员",管理员,1,1
,,,4040803潜水教练,潜水教练,6,2
,,,"4040804售票员",售票员,1,1
,,,"4040805救生员",救生员,5,1
,,40409游乐园动物园,"4040901负责人",负责人,1,1
,,,"4040902售票员",售票员,1,1
,,,"4040903游戏机操作员",游戏机操作员,2,1
,,,"4040904一般清洁工",一般清洁工,2,1
,,,"4040905兽栏清洁工",兽栏清洁工,4,1
,,,"4040906水电机械工",水电机械工,4,1
,,,"4040907动物园驯兽师",动物园驯兽师,7,2
,,,"4040908兽医(动物园)",兽医（动物园）,3,1
,,,"4040909观赏动物饲养工",观赏动物饲养工,4,1
,,,"4040910猛兽饲养工(动物园)",猛兽饲养工(动物园),6,1
"第四大类4商业、服务业人员",404饭店、旅游及健身娱乐场所服务人员,40410娱乐场所,"4041001咖啡厅工作人员",咖啡厅工作人员,2,1
,,,"4041002茶室工作人员",茶室工作人员,2,1
,,,"4041003酒家工作人员",酒家工作人员,2,1
,,,4041004夜总会工作人员,夜总会工作人员,3,1
,,,4041005迪斯科舞厅工作人员,迪斯科舞厅工作人员,4,1
,,,"4041006歌厅工作人员",歌厅工作人员,3,1
,,,"4041007酒吧工作人员",酒吧工作人员,3,1
,,,"4041008娱乐餐饮业负责人",娱乐餐饮业负责人,2,1
,,,4041009保安人员,保安人员,4,2
,,,4041010调酒师,调酒师,3,1
,,,4041011乐队人员,乐队人员,3,1
,,,4041012歌唱人员,歌唱人员,3,1
,,,4041013DJ,DJ,3,2
,,,4041014迎宾,迎宾,3,1
,,,4041015舞蹈演艺人员,舞蹈演艺人员,4,1
,,,4041016电子游戏厅工作人员,电子游戏厅工作人员,3,1
,,,4041017网吧管理人员,网吧管理人员,3,1
,405运输服务人员,40501公路道路运输服务人员,"4050101汽车客运服务员",汽车客运服务员,1,1
,,,4050102汽车货运站务员,汽车货运站务员,2,1
,,,4050103汽车运输调度员,汽车运输调度员,1,1
,,,"4050104公路收费及监控员",公路收费及监控员,2,1
,,,"4050105加油站工作人员",加油站工作人员,2,1
,,,"4050106洗车工人",洗车工人,2,1
,,,"4050107客运车稽核人员",客运车稽核人员,2,1
,,,4050108搬运工人,搬运工人,6,2
"第四大类4商业、服务业人员",405运输服务人员,40501公路道路运输服务人员,"4050109出租车行、货运行之负责人",出租车行、货运行之负责人,1,1
,,,"4050110外务员",外务员,2,1
,,,"4050111内勤工作人员",内勤工作人员,1,1
,,,4050112车辆保管人员,车辆保管人员,2,1
,,,4050113汽车加气站操作工,汽车加气站操作工,3,1
,,40502铁路客货运输服务人员,"4050201旅客列车乘务员",旅客列车乘务员,2,1
,,,"4050202车站客运服务员",车站客运服务员,2,1
,,,4050203货运计划员,货运计划员,1,1
,,,4050204铁路行李员,铁路行李员,2,1
,,,4050205车站货运作业组织员,车站货运作业组织员,1,1
,,,"4050206车站货运员",车站货运员,3,1
,,,"4050207铁路站长",铁路站长,1,1
,,,"4050208铁路票房工作人员、车站检票员、一般内勤人员",铁路票房工作人员、一般内勤人员,1,1
,,,"4050209铁路播音员",铁路播音员,1,1
,,,"4050210铁路服务台人员",铁路服务台人员,1,1
,,,"4050211铁路车站清洁工人",铁路车站清洁工人,2,1
,,,"4050212铁路货运、搬运工人",铁路货运、搬运工人,4,2
,,,4050213铁路行李搬运工人,铁路行李搬运工人,3,2
,,40503航空运输服务人员,"4050301航空运输飞行服务员",航空运输飞行服务员,6,1
,,,4050302航空运输地面服务员,航空运输地面服务员,1,1
"第四大类4商业、服务业人员",405运输服务人员,40503航空运输服务人员,"4050303航空站站长",航空站站长,1,1
,,,"4050304一般内勤人员",一般内勤人员,1,1
,,,"4050305塔台工作人员",塔台工作人员,1,1
,,,"4050306关务人员",关务人员,1,1
,,,"4050307检查人员",检查人员,1,1
,,,"4050308运务人员",运务人员,1,1
,,,"4050309缉私人员",缉私人员,2,1
,,,"4050310清洁工人（航空大厦内、机舱内）",清洁工人（航空大厦内、机舱内）,2,1
,,,"4050311机场内交通司机",机场内交通司机,3,1
,,,4050312行李货运搬运工人,行李货运搬运工人,3,1
,,,"4050313加添燃料人员",加添燃料人员,4,1
,,,"4050314飞机外壳洗刷人员",飞机外壳洗刷人员,4,1
,,,"4050315清洁工（登高、高墙或天花板）",清洁工（登高、高墙或天花板）,4,1
,,,"4050316跑道维护工",跑道维护工,4,1
,,,"4050317票务人员",票务人员,1,1
"第四大类4商业、服务业人员",405运输服务人员,40503航空运输服务人员,4050318航空货运外务员,航空货运外务员,2,1
,,,"4050319航空货运报关人员",航空货运报关人员,2,1
,,,"4050320航空货运理货员",航空货运理货员,3,1
,,,4050321灯塔修理员,灯塔修理员,4,1
,,,4050322喷气式民航班机乘务员,飞机乘务员,4,1
,,,4050323机场运行指挥员,机场运行指挥员,1,1
,,40504水上运输服务人员,4050401船舶业务员,船舶业务员,4,1
,,,"4050402船舶客运员",船舶客运员,6,1
,,,4050403港口客运员,港口客运员,2,1
,,,"4050404厨师",厨师,6,1
,,,"4050405医务人员",医务人员,4,1
,,,"4050406救难船员",救难船员,6,2
,,,"4050407实习生",实习生,6,1
,,,"4050408码头工人及领班",码头工人及领班,4,1
,,,"4050409堆高机操作员",堆高机操作员,4,1
,,,4050410水上运输理货员,水上运输理货员,4,1
,,,4050411报关员,报关员,2,1
,406医疗卫生辅助服务人员,40601医疗卫生辅助服务人员,4060101病案员,病案员,1,1
,,,4060102护理员,护理员,2,1
,,,4060103口腔修复工,口腔修复工,2,1
,,,4060104配膳员,配膳员,2,1
,,,4060105卫生检验员,卫生检验员,2,1
,,,4060106医用气体工,医用气体工,2,1
,,,4060107药房辅助员,药房辅助员,1,1
,,,4060108卫生防疫、妇幼保健员,卫生防疫、妇幼保健员,1,1
,,,"4060109医院炊事",医院炊事,2,1
,,,"4060110杂工",杂工,2,1
,,,"4060111清洁工",清洁工,2,1
,407社会服务和居民生活服务人员,40701社会中介服务人员,"4070101中介代理人",中介代理人,2,1
,,,4070102职业指导员,职业指导员,1,1
"第四大类4商业、服务业人员",407社会服务和居民生活服务人员,40701社会中介服务人员,"4070103经纪人(内勤)",经纪人（内勤）,1,1
,,,4070104创业咨询师,创业咨询师,1,1
,,,4070105婚姻家庭咨询师,婚姻家庭咨询师,1,1
,,,4070106礼仪主持人,礼仪主持人,1,1
,,,4070107体育经纪人,体育经纪人,1,1
,,,4070108商务策划师,商务策划师,1,1
,,,4070109房地产策划师,房地产策划师,1,1
,,40702物业管理人员,"4070201物业管理员",物业管理员,2,1
,,40703供水、供热、供电及生活燃料供应服务人员,4070301工业及饮用水净化处理人员,工业及饮用水净化处理人员,2,1
,,,4070302工业及饮用水生产人员(水井工),工业及饮用水生产人员（水井工）,4,1
,,,4070303供水调度员,供水调度员,1,1
,,,4070304水表装修工,水表装修工,2,1
,,,4070305成型煤生产工,成型煤生产工,3,1
,,,4070306送煤工,送煤工,2,1
,,,4070307锅炉安装、调试、操作、检修人员,锅炉安装、调试、操作、检修人员,4,2
,,,"4070308电信电力系统内勤人员",电信电力系统内勤人员,1,1
,,,"4070309抄表员、收费员",抄表员、收费员,2,1
,,,4070310自来水管装修人员,自来水管装修人员,3,1
,,,4070311自来水厂水质分析员,自来水厂水质分析员,3,1
,,,"4070312煤气工程师",煤气工程师,2,1
,,,4070313煤气管线装修工,煤气管线装修工,3,1
,,,"4070314煤气检查员",煤气检查员,2,1
,,,"4070315煤气储气槽、分装厂之工作人员",煤气储气槽、分装厂之工作人员,3,1
,,,"4070316瓦斯分装工",瓦斯分装工,5,2
,,,"4070317液化气送货员",液化气送货员,4,2
,,40704美容美发形象设计人员,"4070401美容师",美容师,1,1
"第四大类4商业、服务业人员",407社会服务和居民生活服务人员,40704美容美发形象设计人员,"4070402美发师",美发师,1,1
,,,4070403洗头工,洗头工,1,1
,,,4070404形象设计师,形象设计师,1,1
,,,4070405调香师,调香师,1,1
,,40705摄影服务人员,"4070501摄影师",摄影师,1,1
,,,4070502冲印师,冲印师,1,1
,,40706验光配镜助听人员,4070601眼镜验光员,眼镜验光员,1,1
,,,4070602眼镜定配工,眼镜定配工,1,1
,,,4070603助听器验配师,助听器验配师,1,1
,,40707洗染织补人员,"4070701洗衣师、烫衣师、织补师",洗衣师、烫衣师、织补师,2,1
,,,4070702染色师,染色师,2,1
,,40708浴池服务人员,4070801浴池服务员,浴池服务员,2,1
,,,4070802修脚师,修脚师,2,1
,,40709印章刻字人员,4070901刻制印章工,刻制印章工,2,1
,,40710日用机电产品维修人员,4071001家用电子产品维修工,家用电子产品维修工,2,1
,,,4071002家用电器产品维修工,家用电器产品维修工,3,1
,,,4071003照相器材维修工,照相器材维修工,2,1
,,,"4071004钟表维修工",钟表维修工,1,1
,,,4071005乐器维修工,乐器维修工,1,1
,,,4071006自行车维修工,自行车维修工,2,1
,,,4071007锁具修理工,锁具修理工,2,1
,,40711办公设备维修人员,4071101办公设备维修工,办公设备维修工,2,1
,,40712保育、家庭服务人员,4071201保育员,保育员,1,1
,,,"4071202家庭服务员",家庭服务员,2,1
,,,"4071203家庭主妇",家庭主妇,1,1
,,,4071204孤残儿童护理员,孤残儿童护理员,2,1
,,40713环境卫生人员,"4071301垃圾清运工",垃圾清运工,3,1
,,,4071302保洁员,保洁员,2,1
,,,"4071303下水道清洁工",下水道清洁工,4,1
,,,"4071304清洁打蜡工人",清洁打蜡工人,2,1
"第四大类4商业、服务业人员",407社会服务和居民生活服务人员,40713环境卫生人员,"4071305高楼外部清洁工、烟囱清洁工",高楼外部清洁工、烟囱清洁工,5,2
,,40714殡葬服务人员,4071401殡仪服务员,殡仪服务员,1,1
,,,4071402尸体接运工,尸体接运工,4,1
,,,4071403尸体防腐工,尸体防腐工,4,1
,,,4071404尸体整容工,尸体整容工,2,1
,,,4071405尸体火化工,尸体火化工,3,1
,,,4071406墓地管理员,墓地管理员,2,1
,,40715个体商业,"4071501橱具商",橱具商,1,1
,,,"4071502陶瓷器商",陶瓷器商,1,1
,,,"4071503古董商",古董商,1,1
,,,"4071504花卉商",花卉商,1,1
,,,"4071505米商",米商,1,1
,,,"4071506杂货商",杂货商,1,1
,,,"4071507玻璃商",玻璃商,2,1
,,,"4071508果菜商",果菜商,1,1
,,,"4071509石材商",石材商,2,1
,,,"4071510建材商",建材商,2,1
,,,"4071511铁材商",铁材商,2,1
,,,"4071512木材商",木材商,2,1
,,,"4071513五金商",五金商,2,1
,,,"4071514电器商",电器商,2,1
,,,"4071515水电卫生器材商",水电卫生器材商,2,1
"第四大类4商业、服务业人员",407社会服务和居民生活服务人员,40715个体商业,"4071516机车买卖商(不含修理)",机车买卖商（不含修理）,1,1
,,,"4071517汽车买卖商(不含修理)",汽车买卖商（不含修理）,1,1
,,,"4071518车辆器材商",车辆器材商,1,1
,,,"4071519矿物油、香烛买卖商",矿物油、香烛买卖商,2,1
,,,"4071520眼镜商",眼镜商,2,1
,,,"4071521食品商",食品商,1,1
,,,"4071522文具商",文具商,1,1
,,,"4071523布商",布商,1,1
,,,"4071524服饰买卖商",服饰买卖商,1,1
,,,"4071525鱼贩",鱼贩,3,1
,,,"4071534肉贩",肉贩,4,1
,,,"4071527屠宰",屠宰,4,1
,,,"4071528药品买卖商",药品买卖商,1,1
,,,"4071529医疗器械仪器商",医疗器械仪器商,2,1
,,,"4071530化学原料商、农药买卖商",化学原料商、农药买卖商,3,1
,,,"4071531手工艺品买卖商",手工艺品买卖商,1,1
,,,"4071532银楼珠宝、当铺负责人及工作人员",银楼珠宝、当铺负责人及工作人员,3,1
"第四大类4商业、服务业人员",407社会服务和居民生活服务人员,40715个体商业,"4071533农具商",农具商,2,1
,,40716瓦斯器具店,"4071601负责人",负责人,1,1
,,,"4071602店员",店员,1,1
,,,"4071603送货员",送货员,3,1
,,,"4071604装饰工",装饰工,3,1
,,40717液化瓦斯零售店,"4071701负责人及工作人员",负责人及工作人员,2,1
,,,"4071702售货商",售货商,3,1
,499其他商业、服务业人员,49900其他商业、服务人员,"4990001出版物送货员",出版物送货员,2,1
,,,"4990002送报员",送报员,3,1
,,,"4990003公证行外务员",公证行外务员,2,1
,,,"4990004报关行外务员",报关行外务员,2,1
,,,"4990005鞋匠、伞匠",鞋匠、伞匠,2,1
,,,"4990006代书(内勤)",代书（内勤）,1,1
,,,"4990007勘察师",勘察师,2,1
,,,"4990008地磅场工作人员",地磅场工作人员,2,1
,,,4990009豆制品工艺师,豆制品工艺师,1,1
,,,4990010呼叫服务员,呼叫服务员,1,1
,,,4990011牛肉分级员,牛肉分级员,2,1
,,,4990012首饰设计制作员,首饰设计制作员,1,1
,,,4990013酿酒师,酿酒师,1,1
,,,4990014照明设计师,照明设计师,1,1
,,,4990015模具设计师,模具设计师,1,1
,,,4990016纺织面料设计师,纺织面料设计师,1,1
,,,4990017玩具设计师,玩具设计师,1,1
,,,4990018花艺环境设计师,花艺环境设计师,1,1
,,,4990019霓虹灯制作员,霓虹灯制作员,2,1
,,,4990020糖果工艺师,糖果工艺师,1,1
,,,4990021陶瓷产品设计师,陶瓷产品设计师,1,1
,,,4990022皮具设计师,皮具设计师,1,1
,,,4990023珠宝首饰评估师,珠宝首饰评估师,1,1
,,,4990024家具设计师,家具设计师,1,1
,,,4990025地毯设计师,地毯设计师,1,1
,,,4990026家用纺织品设计师,家用纺织品设计师,1,1
,,,4990027企业文化师,企业文化师,1,1
,,,4990028网络课件设计师,网络课件设计师,1,1
"第五大类5农、林、牧、渔、水利业生产人员",501种植业生产人员,50101大田作物生产人员,"5010101农夫",农夫,2,1
,,,5010102啤酒花生产工,啤酒花生产工,2,1
,,,5010103作物种子繁育工,作物种子繁育工,2,1
,,,5010104农作物病虫草害防治工,农作物病虫草害防治工,2,1
,,,"5010105农场经营者(不亲自作业)",农场经营者（不亲自作业）,1,1
"第五大类5农、林、牧、渔、水利业生产人员",501种植业生产人员,50101大田作物生产人员,"5010106长短工",长短工,3,1
,,,5010107山、林承包商,山、林承包商,1,1
,,,5010108农业技术指导人员,农业技术指导人员,2,1
,,50102农业实验人员,5010201农业实验工,农业实验工,2,1
,,,5010202农情测报员,农情测报员,2,1
,,50103园艺作物生产人员,"5010301蔬菜园艺工",蔬菜园艺工,2,1
,,,"5010302花卉园艺工",花卉园艺工,2,1
,,,"5010303果、茶、桑园艺工",果、茶、桑园艺工,3,2
,,,5010304菌类园艺工,菌类园艺工,2,1
,,50104热带作物生产人员,5010401天然橡胶生产工,天然橡胶生产工,2,1
,,,5010402剑麻生产工,剑麻生产工,2,1
,,50105中药材生产人员,5010501中药材种植员,中药材种植员,2,1
,,,5010502中药材养殖员,中药材养殖员,2,1
,,,5010503中药材生产管理员,中药材生产管理员,2,1
,,50106农副林特产品加工人员,5010601棉花加工工,棉花加工工,4,1
,,,5010602果类产品加工工,果类产品加工工,3,1
,,,5010603茶叶加工工,茶叶加工工,2,1
,,,5010604蔬菜加工工,蔬菜加工工,2,1
,,,5010605竹、藤、麻、棕、草制品加工工,竹、藤、麻、棕、草制品加工工,3,2
,,,5010606特种植物原料加工工,特种植物原料加工工,3,1
,,,"5010607糖厂技工",糖厂技工,4,1
,,,5010608农作物种子加工,农作物种子加工,2,1
,502林业生产及野生动植物保护人员,50201营造林人员,"5020101林木种苗工",林木种苗工,2,1
,,,"5020102造林更新工",造林更新工,4,1
,,,5020103抚育采伐工,抚育采伐工,6,1
,,,5020104营林试验工,营林试验工,2,1
,,,"5020105领班",领班,3,1
,,,"5020106实验室育苗栽培人员",实验室育苗栽培人员,1,1
,,50202森林资源管护人员,"5020201护林员",护林员,4,1
,,,5020202森林病虫害防治员,森林病虫害防治员,2,1
"第五大类5农、林、牧、渔、水利业生产人员",502林业生产及野生动植物保护人员,50202森林资源管护人员,"5020203森林防火员",森林防火员,6,1
,,,5020204木材防腐师,木材防腐师,3,1
,,50203野生动植物保护及自然保护区人员,5020301野生动物保护员,野生动物保护员,6,1
,,,5020302野生植物保护员,野生植物保护员,3,1
,,,5020303自然保护区巡护监测员,自然保护区巡护监测员,3,1
,,,5020304动植物标本员,动植物标本员,3,1
,,50204木材采运人员,"5020401木材采伐工",木材采伐工,6,2
,,,5020402集材作业工,集材作业工,6,2
,,,5020403木材水运工,木材水运工,6,2
,,,"5020404装卸归楞工",装卸归楞工,6,2
,,,"5020405锯木工人",锯木工人,6,2
,,,"5020406运材车辆之司机及押运人员",运材车辆之司机及押运人员,6,1
,,,"5020407起重机之操作人员",起重机之操作人员,6,1
,,,"5020408领班、监工",领班、监工,4,1
,503畜牧业生产人员,50301家畜饲养人员,"5030101家畜饲养工",家畜饲养工,3,1
,,,5030102家畜繁殖工,家畜繁殖工,3,1
,,,"5030103畜牧场经营者(不亲自作业)",畜牧场经营者（不亲自作业）,1,1
,,,"5030104驯犬人员",驯犬人员,4,1
,,,"5030105畜牧工作人员",畜牧工作人员,3,1
,,,5030106宠物训导师,宠物训导师,3,1
,,,5030107有毒动物饲养工（蛇、蝎子、蜈蚣等）,有毒动物饲养工（蛇、蝎子、蜈蚣等）,6,2
,,50302家禽饲养人员,5030201家禽饲养工(旧)0101007饲养家禽家畜人员,家禽饲养工,2,1
,,,5030202家禽繁殖工,家禽繁殖工,2,1
,,50303蜜蜂饲养人员,"5030301蜜蜂饲养工",蜜蜂饲养工,3,1
,,,5030302蜂产品加工工,蜂产品加工工,2,1
"第五大类5农、林、牧、渔、水利业生产人员",503畜牧业生产人员,50304实验动物饲养人员,5030401实验动物饲养工,实验动物饲养工,2,1
,,50305动物疫病防治人员,5030501动物疫病防治员,动物疫病防治员,3,1
,,,5030502兽医化验员,兽医化验员,2,1
,,,5030503动物检疫检验员,动物检疫检验员,2,1
,,,"5030504中兽医员",中兽医员,3,1
,,,5030505宠物健康护理人员,宠物健康护理人员,3,1
,,50306草业生产人员,5030601草地监护员,草地监护员,4,1
,,,5030602牧草培育、加工人员,牧草培育、加工人员,3,1
,,,5030603草坪建植工,草坪建植工,2,1
,504渔业生产人员,50401水产养殖人员,5040101水生动物苗种繁育工,水生动物苗种繁育工,3,1
,,,5040102水生植物苗种培育工,水生植物苗种培育工,3,1
,,,"5040103水生动物饲养工",水生动物饲养工,3,1
,,,5040104水生植物栽培工,水生植物栽培工,3,2
,,,5040105珍珠养殖工(淡水),珍珠养殖工（淡水）,3,2
,,,5040106珍珠养殖工(海水),珍珠养殖工（海水）,6,2
,,,5040107生物饵料培养工,生物饵料培养工,3,1
,,,5040108水产养殖潜水工,水产养殖潜水工,6,3
,,,"5040109渔场经营者(不亲自作业)",渔场经营者（不亲自作业）,1,1
,,,"5040110渔场经营者(亲自作业)",渔场经营者（亲自作业）,3,1
,,,"5040111热带鱼养殖者、水族馆经营者",热带鱼养殖者、水族馆经营者,2,1
,,,"5040112养殖工人(沿海)",养殖工人（沿海）,6,2
,,,5040113水生哺乳动物训养师,水生哺乳动物训养师,4,1
,,50402水产捕捞及有关人员,"5040201水产捕捞工",水产捕捞工,3,1
,,,"5040202渔业生产船员",渔业生产船员,7,2
,,,5040203水生动植物采集工,水生动植物采集工,3,3
,,,5040204渔网具装配工,渔网具装配工,2,1
,,,"5040205捕鱼人(沿海)",捕鱼人（沿海）,6,2
"第五大类5农、林、牧、渔、水利业生产人员",504渔业生产人员,50403水产品加工人员,5040301水产品原料处理工,水产品原料处理工,3,1
,,,5040302水产品腌熏烤制工,水产品腌熏烤制工,2,1
,,,5040303鱼糜及鱼糜制品加工工,鱼糜及鱼糜制品加工工,3,1
,,,5040304鱼粉加工工,鱼粉加工工,3,1
,,,5040305鱼肝油及制品加工工,鱼肝油及制品加工工,3,1
,,,5040306海藻制碘工,海藻制碘工,2,1
,,,5040307海藻制醇工,海藻制醇工,2,1
,,,5040308海藻制胶工,海藻制胶工,4,1
,,,5040309海藻食品加工工,海藻食品加工工,3,1
,,,5040310贝类净化工,贝类净化工,2,1
,,50499其他渔业生产人员,"5049901水产实验人员(室内)",水产实验人员（室内）,1,1
,,,5049902水产养殖质量管理员,水产养殖质量管理员,1,1
,,,5049903水产品质量检验员,水产品质量检验员,1,1
,505水利设施管理养护人员,50501河道、水库管养人员,5050101河道修防工(堤、坝施工人员),河道修防工（堤、坝施工人员）,5,1
,,,5050102草皮、防浪林种植养护人员,草皮、防浪林种植养护人员,2,1
,,,5050103河道、堤防巡护人员,河道、堤防巡护人员,4,1
,,,5050104混凝土工程维修工,混凝土工程维修工,4,1
,,,5050105土石工程维修工,土石工程维修工,4,1
,,,5050106水工检测工,水工检测工,3,1
,,,5050107建(构)筑物有害动物防治工,建（构）筑物有害动物防治工,3,1
,,,"5050108水坝水库管理人员",水坝水库管理人员,3,1
,,,5050109水域环境养护保洁员,水域环境养护保洁员,4,1
,,50502农田灌排工程建设管理维护人员,5050201灌排工程施工、运行、管护人员,灌排工程施工、运行、管护人员,3,1
,,,5050202渠道维护工,渠道维护工,4,1
,,,5050203灌区供水工,灌区供水工,2,1
,,,5050204灌溉试验工,灌溉试验工,2,1
,,50503水土保持作业人员,5050301水土保持防治工,水土保持防治工,2,1
,,,5050302水土保持测试工,水土保持测试工,2,1
,,,5050303水土保持勘测工,水土保持勘测工,2,1
,,50504水文勘测作业人员,5050401水文勘测工,水文勘测工,2,1
,,,5050402水文勘测船工,水文勘测船工,4,1
,,50599其他水利设施管理养护人员,"5059901水利工程设施人员(旧)1403003水利工程设施人员",水利工程设施人员,4,1
"第五大类5农、林、牧、渔、水利业生产人员",599其他农、林、牧、渔、水利业生产人员,59901农林专用机械操作人员,"5990101拖拉机驾驶员",拖拉机驾驶员,5,1
,,,5990102联合收割机驾驶员,联合收割机驾驶员,3,1
,,,5990103农用运输车驾驶员,农用运输车驾驶员,4,1
,,,"5990104农业机械操作或修理人员",农业机械操作或修理人员,3,1
,,59902农村能源开发利用人员,5990201沼气工程施工人员,沼气工程施工人员,5,1
,,,5990202沼气设备安装、调试、检修人员,沼气设备安装、调试、检修人员,4,1
,,,5990203沼气生产管理人员,沼气生产管理人员,2,1
,,,5990204农村节能员(灶、坑、炉、窑建造改造人员),农村节能员（灶、坑、炉、窑建造改造人员）,4,1
,,,5990205农用太阳能设施工,农用太阳能设施工,4,1
,,,5990206生物质能设备工,生物质能设备工,4,1
"第六大类6生产、运输设备操作人员及有关人员",601勘测及矿物开采人员,60101地质勘查人员,6010101钻探工,钻探工,6,3
,,,6010102坑探工,坑探工,7,3
,,,6010103物探工,物探工,4,2
,,,6010104地震物探爆炸工,地震物探爆炸工,7,3
,,,6010105采样工,采样工,4,1
,,,6010106水文、矿山地质工(从事采送水样、矿样和观测获取数据的人员),水文、矿山地质工,4,2
,,,6010107海洋地质取样工,海洋地质取样工,7,2
,,,6010108海洋土质试验工,海洋土质试验工,1,1
,,,6010109固体岩矿样碎样工,固体岩矿样碎样工,2,1
,,,6010110岩矿和古生物样品磨片工,岩矿和古生物样品磨片工,3,1
,,,6010111重沙样品淘洗工,重沙样品淘洗工,2,1
,,,6010112劈岩与保管工,劈岩与保管工,3,1
,,,"6010113地质探测员",地质探测员,6,2
,,60102测绘人员,6010201大地测量工,大地测量工,3,1
,,,6010202摄影测量工,摄影测量工,2,1
,,,6010203地图制图工,地图制图工,1,1
,,,6010204工程测量工,工程测量工,3,1
,,,6010205地籍测绘工,地籍测绘工,2,1
,,60103矿物开采人员,6010301露天采矿挖掘机司机,露天采矿挖掘机司机,6,2
,,,6010302钻孔机司机,钻孔机司机,6,2
"第六大类6生产、运输设备操作人员及有关人员",601勘测及矿物开采人员,60103矿物开采人员,6010303井筒冻结工,井筒冻结工,6,2
,,,6010304矿井开掘工,矿井开掘工,7,3
,,,"6010305井下采矿工",井下采矿工,7,3
,,,6010306支护工,支护工,7,3
,,,6010307矿山提升机、架空索道及绞车等操作工,矿山提升机、架空索道及绞车等操作工,4,2
,,,6010308矿井机车运输工,矿井机车运输工,7,3
,,,6010309矿井通风工,矿井通风工,4,2
,,,"6010310矿山安全监测工",矿山安全监测工,4,1
,,,6010311矿山检查验收工,矿山检查验收工,3,1
,,,6010312矿灯、自救器管理工,矿灯、自救器管理工,1,1
,,,6010313火药、雷管等火工品管理工,火药、雷管等火工品管理工,5,2
,,,6010314矿山井下抢险、救灾人员,矿山井下抢险、救灾人员,7,3
,,,"6010315矿物开采辅助工",矿物开采辅助工,5,2
,,,"6010316经营者(不到现场)",经营者（不到现场）,1,1
,,,"6010317经营者(现场监督者)",经营者（现场监督者）,4,1
,,,"6010318经理人员",经理人员,2,1
,,,"6010319海上所有作业人员(潜水人员拒保)",海上所有作业人员（潜水人员拒保）,6,3
,,60104矿物处理人员,6010401筛选破碎工,筛选破碎工,3,1
,,,6010402重力选矿工,重力选矿工,3,1
,,,6010403浮选工,浮选工,2,1
,,,6010404磁选工,磁选工,2,1
,,,6010405选矿脱水工,选矿脱水工,2,1
,,,6010406尾矿处理工,尾矿处理工,4,1
,,,6010407磨矿工,磨矿工,4,1
,,,6010408水煤浆制备工,水煤浆制备工,4,1
,,,6010409动力配煤工,动力配煤工,2,1
,,,6010410工业型煤加工制作人员,工业型煤加工制作人员,2,1
,,60105钻井人员,6010501钻井设备、井架安装工,钻井设备、井架安装工,5,2
"第六大类6生产、运输设备操作人员及有关人员",601勘测及矿物开采人员,60105钻井人员,"6010502钻井工",钻井工,5,2
,,,6010503固井工,固井工,4,2
,,,6010504平台水手,平台水手,4,2
,,,6010505水下设备操作工,水下设备操作工,7,3
,,,"6010506钻勘设备安装换修保养工人",钻勘设备安装换修保养工人,5,1
,,60106石油、天然气开采人员,6010601油、气井测试工,油、气井测试工,5,2
,,,6010602采油工,采油工,5,2
,,,6010603采气工,采气工,5,2
,,,6010604井下作业工,井下作业工,7,3
,,,6010605天然气净化工,天然气净化工,3,1
,,,6010606油气输送工,油气输送工,3,1
,,,"6010607油气管道保护工",油气管道保护工,5,1
,,,"6010608行政人员",行政人员,2,1
,,,"6010609技术员",技术员,5,1
,,60107盐业生产人员,6010701海盐晒制工,海盐晒制工,3,1
,,,6010702海盐采收工,海盐采收工,2,1
,,,6010703湖盐采掘船工,湖盐采掘船工,6,2
,,,6010704湖盐采掘爆破工,湖盐采掘爆破工,7,3
,,,6010705湖盐脱水工,湖盐脱水工,3,1
,,,6010706驳筑、集拆坨盐工,驳筑、集拆坨盐工,3,1
,,,6010707井矿盐采卤工,井矿盐采卤工,3,1
,,,6010708井矿盐卤水净化工,井矿盐卤水净化工,3,1
,,,6010709真空制盐工,真空制盐工,3,1
,,,6010710冷冻提硝工,冷冻提硝工,3,1
,,,6010711苦卤综合利用工,苦卤综合利用工,3,1
,,,6010712精制盐工,精制盐工,3,1
,,60199其他勘测矿物开采人员,"6019903采石业工人",采石业工人,7,2
,,,"6019904采砂业工人",采砂业工人,7,2
,602金属冶炼、轧制人员,60201炼铁人员,6020101烧结球团原料工,烧结球团原料工,4,2
,,,6020102烧结工,烧结工,4,2
,,,6020103球团焙烧工,球团焙烧工,4,2
"第六大类6生产、运输设备操作人员及有关人员",602金属冶炼、轧制人员,60201炼铁人员,6020104烧结成品工,烧结成品工,4,2
,,,6020105高炉原料工,高炉原料工,5,2
,,,6020106高炉炉前工,高炉炉前工,7,2
,,,6020107高炉运转工,高炉运转工,5,2
,,60202炼钢人员,6020201炼钢原料工,炼钢原料工,6,2
,,,6020202平炉炼钢工,平炉炼钢工,6,2
,,,6020203转炉炼钢工,转炉炼钢工,6,2
,,,6020204电炉炼钢工,电炉炼钢工,6,2
,,,6020205炼钢浇铸工,炼钢浇铸工,6,2
,,,6020206炼钢准备工,炼钢准备工,5,2
,,,"6020207整脱模工",整脱模工,5,2
,,,"6020208技师",技师,3,1
,,,"6020209工程师",工程师,3,1
,,,"6020210领班、监工",领班、监工,3,1
,,60203铁合金冶炼人员,6020301铁合金原料工,铁合金原料工,3,1
,,,6020302铁合金电炉冶炼工,铁合金电炉冶炼工,5,2
,,,6020303铁合金焙烧工,铁合金焙烧工,4,2
,,,6020304铁合金湿法冶炼工,铁合金湿法冶炼工,4,2
,,,6020305铁合金炉外法冶炼工,铁合金炉外法冶炼工,4,2
,,60204重有色金属冶炼人员,6020401重冶备料工,重冶备料工,4,2
,,,6020402焙烧工,焙烧工,4,2
,,,6020403火法冶炼工,火法冶炼工,5,2
,,,6020404湿法冶炼工,湿法冶炼工,4,2
,,,6020405电解精炼工,电解精炼工,4,2
,,,6020406烟气制酸工,烟气制酸工,5,2
,,60205轻有色金属冶炼人员,6020501氧化铝制取工,氧化铝制取工,4,2
,,,6020502铝电解工,铝电解工,4,2
,,,6020503镁冶炼工,镁冶炼工,4,2
,,,6020504硅冶炼工,硅冶炼工,4,2
,,60206稀贵金属冶炼人员,6020601钨钼冶炼工,钨钼冶炼工,4,2
,,,6020602钽铌冶炼工,钽铌冶炼工,4,2
,,,6020603钛冶炼工,钛冶炼工,4,2
,,,6020604稀土冶炼工,稀土冶炼工,4,2
,,,6020605贵金属冶炼工,贵金属冶炼工,4,2
,,,6020606锂冶炼工,锂冶炼工,4,2
,,60207半导体材料制备人员,6020701半导体原料制备工,半导体原料制备工,4,2
,,,6020702多晶制取工,多晶制取工,4,2
"第六大类6生产、运输设备操作人员及有关人员",602金属冶炼、轧制人员,60208金属轧制人员,6020801轧制原料工,轧制原料工,4,2
,,,6020802金属轧制工,金属轧制工,5,2
,,,6020803酸洗工,酸洗工,5,2
,,,6020804金属材涂层工,金属材涂层工,4,2
,,,6020805金属材热处理工,金属材热处理工,5,2
,,,6020806焊管工,焊管工,6,2
,,,6020807精整工,精整工,5,2
,,,6020808金属材丝拉拔工,金属材丝拉拔工,5,2
,,,6020809金属挤压工,金属挤压工,5,2
,,,6020810铸轧工,铸轧工,5,2
,,,6020811钢丝绳制造工,钢丝绳制造工,4,2
,,60209铸铁管人员,6020901铸管备品工,铸管备品工,3,2
,,,6020902铸管工,铸管工,5,2
,,,6020903铸管精整工,铸管精整工,5,2
,,60210碳素制品生产人员,6021001碳素煅烧工,碳素煅烧工,4,2
,,,6021002碳素成型工,碳素成型工,4,2
,,,6021003碳素焙烧工,碳素焙烧工,4,2
,,,6021004碳素浸渍工,碳素浸渍工,4,2
,,,6021005碳素石墨化工,碳素石墨化工,4,2
,,,6021006碳素石墨加工工,碳素石墨加工工,4,2
,,,6021007碳素纤维工,碳素纤维工,4,2
,,60211硬质合金生产人员,6021101硬质合金混合料制备工,硬质合金混合料制备工,4,2
,,,6021102硬质合金成型工,硬质合金成型工,5,2
,,,6021103硬质合金烧结工,硬质合金烧结工,4,2
,,,6021104硬质合金精加工工,硬质合金精加工工,4,2
,,60299其他金属冶炼、轧制人员,6029901冶炼风机工,冶炼风机工,3,2
,603化工产品生产人员,60301化工产品生产通用工艺人员,6030101化工原料准备工,化工原料准备工,4,2
,,,6030102压缩机工,压缩机工,3,2
,,,6030103气体净化工,气体净化工,3,1
,,,6030104过滤工,过滤工,3,1
,,,6030105油加热工,油加热工,4,1
,,,6030106制冷工,制冷工,3,1
,,,6030107蒸发工,蒸发工,3,1
,,,6030108蒸馏工,蒸馏工,3,1
,,,6030109萃取工,萃取工,3,1
,,,6030110吸收工,吸收工,3,1
,,,6030111吸附工,吸附工,3,1
,,,6030112干燥工,干燥工,3,1
,,,6030113结晶工,结晶工,3,1
"第六大类6生产、运输设备操作人员及有关人员",603化工产品生产人员,60301化工产品生产通用工艺人员,6030114造粒工,造粒工,3,1
,,,6030115防腐蚀工,防腐蚀工,5,2
,,,6030116化工工艺试验工,化工工艺试验工,3,2
,,,6030117化工总控工,化工总控工,1,1
,,60302石油炼制生产人员,6030201燃料油生产工,燃料油生产工,3,1
,,,6030202润滑油、脂生产工,润滑油、脂生产工,3,1
,,,6030203石油产品精制工,石油产品精制工,3,1
,,,6030204油制气工,油制气工,6,2
,,60303煤化工生产人员,6030301备煤筛焦工,备煤筛焦工,4,2
,,,6030302焦炉调温工,焦炉调温工,4,2
,,,6030303炼焦工、焦炉机车司机,炼焦工、焦炉机车司机,6,2
,,,6030304煤制气工,煤制气工,6,2
,,,6030305煤气储运工,煤气储运工,5,2
,,60304化学肥料生产人员,6030401合成氨生产工,合成氨生产工,4,1
,,,6030402尿素生产工,尿素生产工,4,1
,,,6030403硝酸铵生产工,硝酸铵生产工,4,1
,,,6030404碳酸氢铵生产工,碳酸氢铵生产工,4,1
,,,6030405硫酸铵生产工,硫酸铵生产工,5,2
,,,6030406过磷酸钙生产工,过磷酸钙生产工,5,2
,,,6030407复合磷肥生产工,复合磷肥生产工,4,1
,,,6030408钙镁磷肥生产工,钙镁磷肥生产工,4,1
,,,6030409氯化钾生产工,氯化钾生产工,3,1
,,,6030410微量元素混肥生产工,微量元素混肥生产工,4,1
,,60305无机化工产品生产人员,"6030501硫酸生产工",硫酸生产工,7,3
,,,6030502硝酸生产工,硝酸生产工,7,3
,,,6030503盐酸生产工,盐酸生产工,7,3
,,,6030504磷酸生产工,磷酸生产工,7,3
,,,6030505纯碱生产工,纯碱生产工,7,3
,,,6030506烧碱生产工,烧碱生产工,7,3
,,,6030507氟化盐生产工,氟化盐生产工,7,3
,,,6030508缩聚磷酸盐生产工,缩聚磷酸盐生产工,7,3
,,,6030509无机化学反应工,无机化学反应工,4,1
,,,6030510高频等离子工,高频等离子工,5,1
,,60305无机化工产品生产人员,6030511气体深冷分离工、制氧工,气体深冷分离工、制氧工,5,2
,,,"6030512工业气体液化工",工业气体液化工,5,2
,,,6030513炭黑制造工,炭黑制造工,4,2
,,,6030514二硫化碳制造工,二硫化碳制造工,5,2
"第六大类6生产、运输设备操作人员及有关人员",603化工产品生产人员,60305无机化工产品生产人员,"6030515工程师",工程师,2,1
,,,"6030516技师",技师,2,1
,,,"6030517一般工人",一般工人,3,2
,,60306基本有机化工产品生产人员,6030601脂肪烃生产工,脂肪烃生产工,6,2
,,,6030602环烃生产工,环烃生产工,4,2
,,,6030603烃类衍生物生产工,烃类衍生物生产工,4,2
,,60307合成树脂生产人员,6030701聚乙烯生产工,聚乙烯生产工,5,2
,,,6030702聚丙烯生产工,聚丙烯生产工,5,2
,,,6030703聚苯乙烯生产工,聚苯乙烯生产工,5,2
,,,6030704聚丁二烯生产工,聚丁二烯生产工,5,2
,,,6030705聚氯乙烯生产工,聚氯乙烯生产工,5,2
,,,6030706酚醛树脂生产工,酚醛树脂生产工,5,2
,,,6030707环氧树脂生产工,环氧树脂生产工,5,2
,,,6030708丙烯腈-丁二烯-苯乙烯共聚物(ABS),丙烯腈-丁二烯-苯乙烯共聚物(ABS),5,2
,,60308合成橡胶生产人员,6030801顺丁橡胶生产工,顺丁橡胶生产工,5,2
,,,6030802乙丙橡胶生产工,乙丙橡胶生产工,5,2
,,,6030803异戊橡胶生产工,异戊橡胶生产工,5,2
,,,6030804丁腈橡胶生产工,丁腈橡胶生产工,5,2
,,,6030805丁苯橡胶生产工,丁苯橡胶生产工,5,2
,,,6030806氯丁橡胶生产工,氯丁橡胶生产工,5,2
,,60309化学纤维生产人员,6030901化纤聚合工,化纤聚合工,5,2
,,,6030902湿纺原液制造工,湿纺原液制造工,4,1
,,,6030903纺丝工,纺丝工,4,1
,,,6030904化纤后处理工,化纤后处理工,4,1
,,,6030905纺丝凝固浴液配制工,纺丝凝固浴液配制工,3,1
,,,6030906无纺布制造工,无纺布制造工,3,1
,,,6030907化纤纺丝精密组件工,化纤纺丝精密组件工,3,1
,,60310合成革生产人员,6031001合成革制造工,合成革制造工,3,1
,,60311精细化工产品生产人员,6031101有机合成工,有机合成工,3,1
,,,6031102农药生物测试试验工,农药生物测试试验工,3,1
,,,6031103染料标准工,染料标准工,2,1
,,,6031104染料应用试验工,染料应用试验工,2,1
,,,6031105染料拼混工,染料拼混工,3,1
,,,6031106研磨分散工,研磨分散工,3,1
,,,6031107催化剂制造工,催化剂制造工,3,1
,,,6031108催化剂试验工,催化剂试验工,2,1
"第六大类6生产、运输设备操作人员及有关人员",603化工产品生产人员,60311精细化工产品生产人员,6031109涂料合成树脂工,涂料合成树脂工,4,1
,,,6031110制漆配色调制工,制漆配色调制工,4,1
,,,6031111溶剂制造工,溶剂制造工,3,1
,,,6031112化学试剂制造工,化学试剂制造工,3,1
,,,6031113化工添加剂制造工,化工添加剂制造工,3,1
,,60312信息记录材料生产人员,6031201片基制造工,片基制造工,4,1
,,,6031202感光材料制造工,感光材料制造工,4,1
,,,6031203感光材料试验工,感光材料试验工,2,1
,,,6031204暗盒制造工,暗盒制造工,4,1
,,,6031205废片、白银回收工,废片、白银回收工,4,1
,,,6031206磁粉制造工,磁粉制造工,3,1
,,,6031207磁记录材料制造工,磁记录材料制造工,3,1
,,,6031208磁记录材料试验工,磁记录材料试验工,3,1
,,,6031209感光鼓涂敷工,感光鼓涂敷工,3,1
,,60313火药制造人员,6031301单基火药制造工,单基火药制造工,7,3
,,,6031302双基火药制造工,双基火药制造工,7,3
,,,6031303多基火药制造工,多基火药制造工,7,3
,,,6031304黑火药制造工,黑火药制造工,7,3
,,,6031305混合火药制造工,混合火药制造工,7,3
,,60314炸药制造人员,6031401单质炸药制造工,单质炸药制造工,7,3
,,,6031402混合炸药制造工,混合炸药制造工,7,3
,,,6031403起爆药制造工,起爆药制造工,7,3
,,,6031404含水炸药制造工,含水炸药制造工,7,3
,,,"6031405火药爆竹制造及处理人(包括爆竹、烟火制造工)",火药爆竹制造及处理,7,3
,,60315林产化工产品生产人员,6031501松香工,松香工,3,1
,,,6031502松节油制品工,松节油制品工,3,1
,,,6031503活性炭生产工,活性炭生产工,3,1
,,,6031504栲胶生产工,栲胶生产工,3,1
,,,6031505紫胶生产工,紫胶生产工,4,1
,,,6031506栓皮制品工,栓皮制品工,4,1
,,,6031507木材水解工,木材水解工,4,1
,,60316复合材料加工人员,6031601树脂基复合材料工,树脂基复合材料工,4,1
,,,6031602橡胶基复合材料工,橡胶基复合材料工,4,1
,,,6031603碳基复合材料工,碳基复合材料工,4,1
,,,6031604陶瓷基复合材料工,陶瓷基复合材料工,4,1
,,,6031605复合固体推进剂成型工,复合固体推进剂成型工,4,1
,,,6031606复合固体发动机装药工,复合固体发动机装药工,4,1
,,,6031607飞机复合材料制品工,飞机复合材料制品工,4,1
"第六大类6生产、运输设备操作人员及有关人员",603化工产品生产人员,60317日用化学品生产人员,6031701制皂工,制皂工,4,1
,,,6031702甘油工,甘油工,4,1
,,,6031703脂肪酸工,脂肪酸工,4,1
,,,6031704洗衣粉成型工,洗衣粉成型工,4,1
,,,6031705合成洗涤剂制造工,合成洗涤剂制造工,4,1
,,,6031706香料制造工,香料制造工,4,1
,,,6031707香精制造工,香精制造工,4,1
,,,6031708化妆品配制工,化妆品配制工,4,1
,,,6031709牙膏制造工,牙膏制造工,4,1
,,,6031710油墨制造工,油墨制造工,5,1
,,,6031711制胶工,制胶工,4,1
,,,6031712火柴制造工,火柴制造工,6,2
,,,6031713蜡烛制造工,蜡烛制造工,4,1
,,60399其他化工产品生产人员,6039901电子绝缘与介质材料制造工,电子绝缘与介质材料制造工,4,1
,604机械制造加工人员,60401机械冷加工人员,"6040101车工",车工,5,2
,,,6040102铣工,铣工,5,1
,,,6040103刨工,刨工,5,1
,,,6040104磨工,磨工,5,1
,,,6040105镗工,镗工,5,1
,,,6040106钻床工,钻床工,5,1
,,,6040107组合机床操作工,组合机床操作工,5,1
,,,6040108加工中心操作工,加工中心操作工,5,1
,,,6040109制齿工,制齿工,5,1
,,60401机械冷加工人员,6040110螺丝纹挤形工,螺丝纹挤形工,5,1
,,,6040111抛磨光工,抛磨光工,4,1
,,,6040112拉床工,拉床工,5,1
,,,6040113锯床工,锯床工,5,1
,,,6040114刃具扭制工,刃具扭制工,5,1
,,,6040115弹性元件制造工,弹性元件制造工,5,1
,,,"6040116技师",技师,4,1
,,,"6040117领班、监工",领班、监工,3,1
,,,"6040118技工",技工,4,2
"第六大类6生产、运输设备操作人员及有关人员",604机械制造加工人员,60401机械冷加工人员,"6040119车床工(全自动)",车床工（全自动）,4,1
,,60402机械热加工人员,"6040201铸造工",铸造工,5,2
,,,6040202锻造工,锻造工,5,2
,,,6040203冲压工,冲压工,5,2
,,,"6040204剪切工(旧)0816007剪床工",剪切工,5,2
,,,"6040205焊工",焊工,5,2
,,,6040206金属热处理工,金属热处理工,5,2
,,,6040207粉末冶金制造工,粉末冶金制造工,5,2
,,60403特种加工设备操作人员,6040301电切削工,电切削工,5,2
,,60404冷作钣金加工人员,"6040401冷作钣金工",冷作钣金工,4,2
,,60405工件表面处理加工人员,"6040501镀层工",镀层工,4,2
,,,6040502涂装工,涂装工,5,1
,,60406磨料磨具制造加工人员,6040601磨料制造工,磨料制造工,4,1
,,,6040602磨具制造工,磨具制造工,4,1
,,60407航天器件加工成型人员,6040701金属软管、波纹管工,金属软管、波纹管工,4,1
,,,6040702卫星光学冷加工工,卫星光学冷加工工,4,1
,,,6040703航天器件高温处理工,航天器件高温处理工,4,2
,,60499其他机械制造加工人员,6049901电焊条制造工,电焊条制造工,4,2
,,,6049902仪器仪表元件制造工,仪器仪表元件制造工,4,1
,,,6049903真空干燥处理工,真空干燥处理工,3,1
,,,6049904人造宝石制造工,人造宝石制造工,3,1
,,,"6049905装配工、品管人员",装配工、品管人员,4,1
,605机电产品装配人员,60501基础件、部件装配人员,6050101基础件装配工,基础件装配工,4,1
,,,6050102部件装配工,部件装配工,4,1
,,60502机械设备装配人员,6050201装配钳工,装配钳工,4,2
,,,6050202工具钳工,工具钳工,5,2
"第六大类6生产、运输设备操作人员及有关人员",605机电产品装配人员,60503动力设备装配人员,6050301汽轮机装配工,汽轮机装配工,4,1
,,,6050302内燃机装配工,内燃机装配工,4,1
,,,"6050303锅炉设备装配厂",锅炉设备装配厂,5,2
,,,6050304电机装配工,电机装配工,4,1
,,,"6050305有关高压电之工作人员",有关高压电之工作人员,6,2
,,,6050306数控机床装调维修工,数控机床装调维修工,4,1
,,60504电气元件及设备装配人员,6050401铁心叠装工,铁心叠装工,5,2
,,,6050402绝缘制品件装配工,绝缘制品件装配工,4,1
,,,6050403线圈绕制工,线圈绕制工,4,1
,,,6050404绝缘处理浸渍工,绝缘处理浸渍工,3,1
,,,6050405变压器、互感器装配工,变压器、互感器装配工,4,2
,,,6050406高低压电器装配工,高低压电器装配工,4,1
,,,6050407电焊机装配工,电焊机装配工,4,1
,,,6050408电炉装配工,电炉装配工,4,1
,,,"6050409电线电缆制造工",电线电缆制造工,4,1
,,,"6050410技师",技师,3,1
,,60505电子专用设备装配调试人员,6050501电子专用设备装调工,电子专用设备装调工,3,1
,,,6050502真空测试工,真空测试工,2,1
,,60506仪器仪表装配人员,6050601仪器仪表元器件装调工,仪器仪表元器件装调工,4,1
,,,6050602力学仪器仪表装配工,力学仪器仪表装配工,3,1
,,,6050603电子仪器仪表装配工,电子仪器仪表装配工,3,1
,,,6050604光电仪器仪表装调工,光电仪器仪表装调工,4,1
,,,6050605分析仪器仪表装配工,分析仪器仪表装配工,3,1
,,,6050606计时仪器仪表装配工,计时仪器仪表装配工,3,1
,,,6050607工业自动化仪器仪表与装置装配工,工业自动化仪器仪表与装置装配工,3,1
,,,6050608电工仪器仪表装配工,电工仪器仪表装配工,3,1
,,60507运输车辆装配人员,,汽车（拖拉机）装配工,4,1
,,,6050702铁路机车机械制修工,铁路机车机械制修工,5,2
,,,6050703铁路车辆机械制修工,铁路车辆机械制修工,5,2
,,,6050704铁路机车电气装修工,铁路机车电气装修工,5,2
,,,6050705铁路车辆电气装修工,铁路车辆电气装修工,5,2
,,,6050706铁路机车车辆制动修造工,铁路机车车辆制动修造工,4,1
,,,6050707电机车装配工,电机车装配工,4,1
,,,6050708摩托车装配工,摩托车装配工,4,1
"第六大类6生产、运输设备操作人员及有关人员",605机电产品装配人员,60507运输车辆装配人员,"6050709助动车、自行车装配工",助动车、自行车装配工,3,1
,,,"6050710工程师",工程师,2,1
,,,"6050711技师",技师,2,1
,,,"6050712领班、监工",领班、监工,2,1
,,,"6050713试车人员",试车人员,4,1
,,,6050714汽车模型工,汽车模型工,2,1
,,,6050715城轨接触网检修工,城轨接触网检修工,5,2
,,60508膜法水处理设备制造人员,6050801功能膜工,功能膜工,4,1
,,,6050802电渗析器工,电渗析器工,4,1
,,60509医疗器械装配及假肢与矫形器制作人员,6050901医疗器械装配工,医疗器械装配工,3,1
,,,6050902假肢制作装配工,假肢制作装配工,2,1
,,,6050903矫形器制作装配工,矫形器制作装配工,2,1
,,60510日用机械电器制造装配人员,"6051001空调机装配工",空调机装配工,4,2
,,,6051002电冰箱、电冰柜制造装配工,电冰箱、电冰柜制造装配工,4,1
,,,6051003洗衣机制造装配工,洗衣机制造装配工,4,1
,,,"6051004小型家用电器装配工",小型家用电器装配工,3,1
,,,6051005缝纫机制造装配工,缝纫机制造装配工,4,1
,,,6051006办公小机械制造装配工,办公小机械制造装配工,3,1
,,,"6051007技师",技师,2,1
,,,"6051008一般制造工人",一般制造工人,4,1
,,,"6051009包装工",包装工,3,1
,,,"6051010瓦斯器具制造工",瓦斯器具制造工,4,1
,,60511五金制品制作装配人员,6051101工具五金制作工,工具五金制作工,5,1
,,,6051102建筑五金制品制作工,建筑五金制品制作工,5,1
,,,6051103制锁工,6制锁工,5,1
,,,6051104铝制品制作工,铝制品制作工,5,1
,,,6051105日用五金制品制作工,日用五金制品制作工,4,1
,,,"6051106金属家具制造工人",金属家具制造工人,4,1
"第六大类6生产、运输设备操作人员及有关人员",605机电产品装配人员,60511五金制品制作装配人员,"6051107金属家具修理工人",金属家具修理工人,3,1
,,60512装甲车辆装试人员,6051201装甲车辆装配工,装甲车辆装配工,4,1
,,,6051202装甲车辆装配检验工,装甲车辆装配检验工,4,1
,,,6051203装甲车辆驾驶试验工,装甲车辆驾驶试验工,4,1
,,,6051204装甲车辆发动机装试工,装甲车辆发动机装试工,3,1
,,60513枪炮制造人员,6051301火炮装试工,火炮装试工,3,2
,,,6051302火炮装试检验工,火炮装试检验工,3,1
,,,6051303火炮随动系统装试工,火炮随动系统装试工,3,1
,,,6051304火炮随动系统装试检验工,火炮随动系统装试检验工,3,1
,,,6051305火炮膛线制作工,火炮膛线制作工,4,1
,,,6051306枪支装配工,枪支装配工,5,1
,,,6051307枪管校直工,枪管校直工,4,1
,,,6051308枪管膛线制作工,枪管膛线制作工,4,1
,,60514弹制造人员,6051401炮弹装配工,炮弹装配工,4,2
,,,6051402枪弹装配工,枪弹装配工,4,2
,,,6051403火工装药工,火工装药工,7,3
,,60515引信加工制造人员,6051501引信装试工,引信装试工,3,2
,,60516火工品制造人员,6051601雷管制造工,雷管制造工,7,3
,,,6051602索状爆破器材制造工,索状爆破器材制造工,7,3
,,,6051603火工品装配工,火工品装配工,7,3
,,,6051604爆破器材试验工,爆破器材试验工,7,3
,,60517防化器材制造人员,6051701滤毒材料制造工,滤毒材料制造工,3,1
,,,6051702防毒器材装配工,防毒器材装配工,3,1
,,,6051703防毒器材试验工,防毒器材试验工,4,1
,,60518船舶制造人员,"6051801船体制造工",船体制造工,5,2
,,,6051802船舶轮机装配工,船舶轮机装配工,4,1
,,60518船舶制造人员,6051803船舶电气装配工,船舶电气装配工,5,1
,,,6051804船舶附件制造工,船舶附件制造工,5,1
,,,6051805船舶木塑帆缆工,船舶木塑帆缆工,4,1
,,,6051806船模制造试验工,船模制造试验工,3,1
,,,"6051807工程师",工程师,3,1
,,,"6051808领班",领班,4,1
"第六大类6生产、运输设备操作人员及有关人员",605机电产品装配人员,60518船舶制造人员,"6051809拆船工人",拆船工人,6,2
,,60519航空产品装配与调试人员,6051901飞机装配工,飞机装配工,4,1
,,,6051902飞机系统安装调试工,飞机系统安装调试工,4,1
,,,6051903机载导弹装配工,机载导弹装配工,4,1
,,,6051904航空发动机装配工,航空发动机装配工,3,1
,,,6051905飞机螺旋桨装配工,飞机螺旋桨装配工,4,1
,,,6051906飞机军械安装调试工,飞机军械安装调试工,4,1
,,,6051907航空电气安装调试工,航空电气安装调试工,4,1
,,,6051908飞机发动机附件装配工,飞机发动机附件装配工,4,1
,,,6051909航空仪表装配工,航空仪表装配工,3,1
,,,6051910飞机仪表安装试验工,飞机仪表安装试验工,3,1
,,,6051911航空装配平衡工,航空装配平衡工,3,1
,,,6051912飞机无线电设备安装调试工,飞机无线电设备安装调试工,3,1
,,,6051913飞机雷达安装调试工,飞机雷达安装调试工,4,1
,,,6051914飞机特种设备检测与修理工,飞机特种设备检测与修理工,3,1
,,,6051915飞机透明件制造胶接装配工,飞机透明件制造胶接装配工,3,1
,,,6051916飞机外场调试与维护工,飞机外场调试与维护工,4,1
,,60520航空产品试验人员,6052001飞机试验工,飞机试验工,2,1
,,,6052002机载导弹例行试验工,机载导弹例行试验工,4,1
,,,6052003航空发动机试车工,航空发动机试车工,2,1
,,,6052004飞机螺旋桨试验工,飞机螺旋桨试验工,2,1
,,,6052005飞机、发动机附件试验工,飞机、发动机附件试验工,2,1
,,,6052006航空环控救生装备试验工(地面试验),航空环控救生装备试验工(地面试验）,2,1
,,,6052007航空环控救生装备试验工(空中试验),航空环控救生装备试验工(空中试验）,7,3
,,,6052008航空仪表试验工,航空仪表试验工,2,1
,,,6052009航空电机电器试验设备调试工,航空电机电器试验设备调试工,2,1
,,60521导弹卫星装配测试人员,6052101惯性器件装配厂,惯性器件装配厂,4,1
,,,6052102伺服机构装配调试工,伺服机构装配调试工,4,1
,,,6052103导弹部段装配工,导弹部段装配工,5,1
,,,6052104航天器引信装配工,航天器引信装配工,6,2
,,,6052105弹头装配工,弹头装配工,5,2
,,,6052106导弹总体装配工,导弹总体装配工,5,2
,,,6052107卫星总体装配工,卫星总体装配工,4,2
"第六大类6生产、运输设备操作人员及有关人员",605机电产品装配人员,60522火箭发动机装配试验人员,6052201液体火箭发动机装配试验工,液体火箭发动机装配试验工,4,2
,,,6052202固体火箭发动机装配工,固体火箭发动机装配工,4,2
,,,6052203固体火箭发动机试验工,固体火箭发动机试验工,4,2
,,,6052204固体火箭发动机检测工,固体火箭发动机检测工,4,2
,,60523航天器结构强度温度环境试验人员,6052301航天器环境试验工,航天器环境试验工,3,1
,,,6052302航天器结构强度环境试验工,航天器结构强度环境试验工,3,1
,,,6052303航天器结构高低温环境试验工,航天器结构高低温环境试验工,3,1
,,,6052304火箭发动机介质试验工,火箭发动机介质试验工,3,1
,,,6052305航天器系统试验工,航天器系统试验工,3,1
,,,6052306空间环境模拟光学装测工,空间环境模拟光学装测工,2,1
,,,6052307空间环境模拟温度试验工,空间环境模拟温度试验工,2,1
,,,6052308空间环境模拟真空试验工,空间环境模拟真空试验工,2,1
,,60524靶场试验人员,6052401靶场试射工,靶场试射工,6,2
,,,6052402靶场测试工,靶场测试工,2,1
,,60599其他机电产品装配人员,"6059901技师",技师,3,1
,,,"6059902领班、监工",领班、监工,3,1
,606机械设备修理人员,60601机械设备维修人员,6060101机修钳工,机修钳工,4,1
,,,"6060102汽车修理工",汽车修理工,4,1
,,,6060103船舶修理工,船舶修理工,5,2
,,,"6060104修理保养工人(自行车)",修理保养工人（自行车）,3,1
,,,"6060105装配修理工、冷冻修理厂工人",装配修理工、冷冻修理厂工人,4,1
,,,6060106汽车玻璃维修工,汽车玻璃维修工,4,1
,,,6060107工程机械修理工,工程机械修理工,4,1
,,60602仪器仪表修理人员,6060201工业自动化仪器仪表与装置修理工,工业自动化仪器仪表与装置修理工,3,1
,,,6060202电工仪器仪表修理工,电工仪器仪表修理工,4,1
,,,6060203精密仪器仪表修理工,精密仪器仪表修理工,3,1
,,60603民用航空器维修人员,"6060301民用航空器维护人员",民用航空器维护人员,4,1
"第六大类6生产、运输设备操作人员及有关人员",606机械设备修理人员,60603民用航空器维修人员,6060302民用航空器修理人员,民用航空器修理人员,4,1
,,,"6060303机械员",机械员,4,1
,607电力设备安装、运行、检修及供电人员,60701电力设备安装人员,6070101水轮机设备安装工,水轮机设备安装工,4,1
,,,6070102锅炉设备安装工,锅炉设备安装工,4,1
,,,6070103汽轮机设备安装工,汽轮机设备安装工,4,1
,,,6070104发电机设备安装工,发电机设备安装工,4,1
,,,6070105热工仪表及控制装置安装试验工,热工仪表及控制装置安装试验工,4,1
,,,6070106发电厂电气设备安装工,发电厂电气设备安装工,4,1
,,,"6070107电力电缆安装工(旧)1402008电力设施之架设人员",电力电缆安装工,5,2
,,,"6070108高压线路架设工",高压线路架设工,7,2
,,,6070109电力工程内线安装工,电力工程内线安装工,4,1
,,,6070110小风电利用工,小风电利用工,5,2
,,,6070111微水电利用工,微水电利用工,5,2
,,60702发电运行值班人员,6070201水轮发电机值班员,水轮发电机值班员,3,1
,,,6070202燃料值班员,燃料值班员,2,1
,,,6070203锅炉运行值班员,锅炉运行值班员,4,1
,,,6070204锅炉辅机值班员,锅炉辅机值班员,4,1
,,,6070205汽轮机运行值班员,汽轮机运行值班员,3,1
,,,6070206热力网值班员,热力网值班员,3,1
,,,6070207电气值班员,电气值班员,3,1
,,,6070208集控值班员,集控值班员,3,1
,,,6070209发电机氢冷值班员,发电机氢冷值班员,3,1
,,,6070210电厂水处理值班员,电厂水处理值班员,3,1
,,60703输电、配电、变电设备值班人员,6070301送电、配电线路工,送电、配电线路工,5,1
,,,6070302变电站值班员,变电站值班员,5,1
,,,6070303调相机值班员,调相机值班员,4,1
,,,6070304换流站值班员,换流站值班员,4,1
,,60704电力设备检修人员,6070401锅炉本体设备检修工,锅炉本体设备检修工,5,2
,,,6070402锅炉附属设备检修工,锅炉附属设备检修工,5,1
,,,6070403汽轮机本体设备检修工,汽轮机本体设备检修工,4,1
,,,6070404汽轮机附属设备检修工,汽轮机附属设备检修工,4,1
,,,6070405发电厂电动机检修工,发电厂电动机检修工,4,1
,,,6070406水轮机检修工,水轮机检修工,4,1
,,,6070407水电站水力机械试验工,水电站水力机械试验工,3,1
,,,6070408水电自动装置检修工,水电自动装置检修工,4,1
,,,6070409高压线路带电检修工,高压线路带电检修工,7,3
,,,6070410变压器检修工,变压器检修工,5,2
,,,6070411变电设备检修工,变电设备检修工,5,2
"第六大类6生产、运输设备操作人员及有关人员",607电力设备安装、运行、检修及供电人员,60704电力设备检修人员,6070412电气试验员,电气试验员,4,1
,,,6070413继电保护员,继电保护员,4,1
,,,"6070414电力装置维护修理工",电力装置维护修理工,4,1
,,60705供用电人员,6070501电力负荷控制员,电力负荷控制员,3,1
,,,6070502用电监察员,用电监察员,3,1
,,,6070503装表核算收费员,装表核算收费员,2,1
,,,6070504装表接电工,装表接电工,4,1
,,,6070505电能计量装置检修工,电能计量装置检修工,3,1
,,60706生活生产电力设备安装、操作、修理人员,6070601变电设备安装工,变电设备安装工,4,1
,,,6070602变配电室值班电工,变配电室值班电工,4,1
,,,6070603常用电机检修工,常用电机检修工,4,1
,,,6070604牵引电力线路安装维护工,牵引电力线路安装维护工,6,2
,,,6070605维修电工,维修电工,5,1
,608电子元器件与设备制造、装配调试及维修人员,60801电子器件制造人员,6080101真空电子器件化学零件制造工,真空电子器件化学零件制造工,4,1
,,,6080102电极丝制造工,电极丝制造工,3,1
,,,6080103真空电子器件金属零件制造工,真空电子器件金属零件制造工,4,1
,,,6080104电子真空镀膜工,电子真空镀膜工,4,1
,,,6080105真空电子器件装配工,真空电子器件装配工,4,1
,,,6080106真空电子器件装调工,真空电子器件装调工,3,1
,,,6080107液晶显示器件制造工,液晶显示器件制造工,3,1
,,,6080108单晶片加工工,单晶片加工工,3,1
,,,6080109半导体芯片制造工,半导体芯片制造工,3,1
,,60801电子器件制造人员,6080110半导体分立器件、集成电路装调工,半导体分立器件、集成电路装调工,2,1
,,,6080111电子用水制备工,电子用水制备工,2,1
,,,"6080112技师",技师,2,1
,,,"6080113领班、监工",领班、监工,2,1
,,,"6080114制造工",制造工,4,1
,,60802电子元件制造人员,6080201电阻器制造工,电阻器制造工,4,1
,,,6080202电容器制造工,电容器制造工,4,1
"第六大类6生产、运输设备操作人员及有关人员",608电子元器件与设备制造、装配调试及维修人员,60802电子元件制造人员,6080203微波铁氧体元器件制造工,微波铁氧体元器件制造工,4,1
,,,6080204石英晶体生长设备操作工,石英晶体生长设备操作工,2,1
,,,6080205压电石英晶片加工工,压电石英晶片加工工,3,1
,,,6080206石英晶体元器件制造工,石英晶体元器件制造工,3,1
,,,6080207电声器件制造工,电声器件制造工,3,1
,,,6080208水声换能器制造工,水声换能器制造工,3,1
,,,6080209专用继电器制造工,专用继电器制造工,3,1
,,,6080210高频电感器件制造工,高频电感器件制造工,2,1
,,,6080211接插件制造工,接插件制造工,4,1
,,,6080212磁头制造工,磁头制造工,2,1
,,,6080213电子产品制版工,电子产品制版工,2,1
,,,6080214印制电路制作工,印制电路制作工,3,1
,,,6080215薄膜加热器制造工,薄膜加热器制造工,3,1
,,,6080216激光头制造工,激光头制造工,2,1
,,60803电池制造人员,6080301铅酸蓄电池制造工,铅酸蓄电池制造工,4,2
,,,6080302碱性蓄电池制造工,碱性蓄电池制造工,4,2
,,,6080303原电池制造工,原电池制造工,4,1
,,,6080304热电池制造工,热电池制造工,4,1
,,,6080305太阳电池制造工,太阳电池制造工,4,1
,,,"6080306电池制造(技师)",电池制造（技师）,3,1
,,,"6080307电池制造(工人)",电池制造（工人）,4,2
,,60804电子设备装配调试人员,6080401无线电设备机械装校工,无线电设备机械装校工,4,1
,,,"6080402电子设备装接工",电子设备装接工,4,1
,,,6080403无线电调试工,无线电调试工,2,1
,,,6080404雷达装配工,雷达装配工,4,1
,,,6080405雷达调试工,雷达调试工,2,1
,,,6080406电子精密机械装调工,电子精密机械装调工,2,1
,,,6080407电子计算机(微机)调试工,电子计算机（微机）调试工,1,1
,,,6080408有线通信传输设备调试工,有线通信传输设备调试工,2,1
,,,6080409通讯交换设备调试工,通讯交换设备调试工,2,1
,,,6080410电源调试工,电源调试工,2,1
,,,6080411激光机装调工,激光机装调工,2,1
,,,6080412激光全息工,激光全息工,1,1
,,,6080413铁路通信组调工,铁路通信组调工,3,1
"第六大类6生产、运输设备操作人员及有关人员",608电子元器件与设备制造、装配调试及维修人员,60804电子设备装配调试人员,6080414铁路信号组调工,铁路信号组调工,3,1
,,,6080415铁路电控组调工,铁路电控组调工,4,1
,,,"6080416包装工人",包装工人,4,1
,,,6080417集成电路测试员,集成电路测试员,2,1
,,60805电子产品维修人员,6080501电子计算机(微机)维修工,电子计算机（微机）维修工,1,1
,,,"6080502修理工",修理工,3,1
,,,"6080503家电用品维修人员",家电用品维修人员,3,1
,609橡胶和塑料制品生产人员,60901橡胶制品生产人员,6090101橡胶制品配料工,橡胶制品配料工,2,1
,,,6090102橡胶炼胶工,橡胶炼胶工,4,2
,,,6090103橡胶半成品制造工,橡胶半成品制造工,4,2
,,,6090104橡胶成型工,橡胶成型工,4,2
,,,6090105橡胶硫化工,橡胶硫化工,4,2
,,,6090106废胶再生工,废胶再生工,4,2
,,,6090107轮胎翻修工,轮胎翻修工,4,2
,,60902塑料制品加工人员,6090201塑料制品配料工,塑料制品配料工,3,1
,,,"6090202塑料制品成型制作工(自动)",塑料制品成型制作工（自动）,3,1
,,,"6090203塑胶射出成型人员(其它)",塑胶射出成型人员（其它）,4,1
,,60999其他橡胶和塑料制品生产人员,"6099901工程师",工程师,2,1
,,,"6099902技师",技师,2,1
,,,"6099903领班、监工",领班、监工,3,1
,,,"6099904一般工人",一般工人,3,1
,610纺织、针织、印染人员,61001纤维预处理人员,6100101纤维验配工,纤维验配工,1,1
,,,6100102开清棉工,开清棉工,2,1
,,,6100103纤维染色工,纤维染色工,2,1
,,,6100104加湿软麻工,加湿软麻工,2,1
,,,6100105选剥煮茧工,选剥煮茧工,2,1
,,,6100106纤维梳理工,纤维梳理工,2,1
,,,6100107并条工,并条工,2,1
,,,6100108粗纱工,粗纱工,2,1
,,,6100109绢纺精炼工,绢纺精炼工,3,1
"第六大类6生产、运输设备操作人员及有关人员",610纺织、针织、印染人员,61002纺纱人员,6100201细纱工,细纱工,2,1
,,,6100202简并摇工,简并摇工,2,1
,,,6100203捻线工,捻线工,2,1
,,,6100204制线工,制线工,2,1
,,,6100205缫丝工,缫丝工,2,1
,,61003织造人员,6100301整经工,整经工,2,1
,,,6100302浆纱工,浆纱工,2,1
,,,6100303穿经工,穿经工,2,1
,,,6100304织布工,织布工,2,1
,,,6100305织物验修工,织物验修工,2,1
,,,6100306意匠纹版工,意匠纹版工,1,1
,,,"6100307织造工人",织造工人,2,1
,,61004针织人员,6100401纬编工,纬编工,2,1
,,,6100402经编工,经编工,2,1
,,,6100403横机工,横机工,2,1
,,,6100404织袜工,织袜工,2,1
,,,6100405铸、钳针工,铸、钳针工,2,1
,,61005印染人员,6100501坯布检查处理工,坯布检查处理工,2,1
,,,6100502印染烧毛工,印染烧毛工,3,1
,,,6100503煮炼漂工,煮炼漂工,4,1
,,,6100504印染洗涤工,印染洗涤工,3,1
,,,6100505印染烘干工,印染烘干工,4,1
,,,6100506印染丝光工,印染丝光工,4,1
,,,6100507印染定型工,印染定型工,4,1
,,,6100508纺织针织染色工,纺织针织染色工,4,1
,,,6100509印花工,印花工,4,1
,,,6100510印染雕刻制版工,印染雕刻制版工,4,1
,,,6100511印染后整理工,印染后整理工,4,1
,,,6100512印染成品定等装潢工,印染成品定等装潢工,4,1
,,,6100513印染染化料配制工,印染染化料配制工,3,1
,,,6100514工艺染织制作工,工艺染织制作工,1,1
,,,"6100515染整工人",染整工人,4,1
,,61099其他纺织、针织、印染人员,"6109901技师",技师,2,1
"第六大类6生产、运输设备操作人员及有关人员",611裁剪缝纫和皮革、毛皮制品加工制作人员,61101裁剪缝纫人员,6110101裁剪工,裁剪工,3,1
,,,"6110102缝纫工",缝纫工,3,1
,,,6110103缝纫品整型工,缝纫品整型工,3,1
,,,6110104裁缝,裁缝,2,1
,,,6110105剧装工,剧装工,3,1
,,,"6110106设计师",设计师,1,1
,,61102鞋帽制作人员,6110201制鞋工,制鞋工,4,1
,,,6110202制帽工,制帽工,3,1
,,61103皮革、毛皮加工人员,6110301皮革加工工,皮革加工工,4,2
,,,6110302毛皮加工工,毛皮加工工,3,2
,,61104缝纫制品再加工人员,6110401缝纫制品充填处理工,缝纫制品充填处理工,3,1
,,,6110402胶制服装上胶工,胶制服装上胶工,3,1
,,,6110403服装水洗工,服装水洗工,2,1
,612粮油、食品、饮料生产加工及饲料生产加工人员,61201粮油生产加工人员,"6120101制米工",制米工,3,1
,,,6120102制粉工,制粉工,3,1
,,,6120103制油工,制油工,3,1
,,61202制糖和糖制品加工人员,6120201食糖制造工,食糖制造工,4,1
,,,6120202糖果制造工,糖果制造工,3,1
,,,6120203巧克力制造工,巧克力制造工,3,1
,,61203乳品、冷食品及罐头、饮料制作人员,6120301乳品预处理工,乳品预处理工,2,1
,,,6120302乳品加工工,乳品加工工,3,1
,,,6120303冷食品制作工,冷食品制作工,3,1
,,,6120304速冻食品制作工,速冻食品制作工,3,1
,,,6120305食品罐头加工工,食品罐头加工工,3,1
,,,6120306饮料制作工,饮料制作工,3,1
,,61204酿酒人员,6120401白酒酿造工,白酒酿造工,3,1
,,,6120402啤酒酿造工,啤酒酿造工,3,1
,,,6120403黄酒酿造工,黄酒酿造工,3,1
,,,6120404果露酒酿造工,果露酒酿造工,3,1
,,,6120405洒精制造工,洒精制造工,3,1
,,61205食品添加剂及调味品制作人员,6120501酶制剂制造工,酶制剂制造工,3,1
,,,6120502柠檬酸制造工,柠檬酸制造工,3,1
,,,6120503酱油酱类制作工,酱油酱类制作工,3,1
,,,6120504食醋制作工,食醋制作工,3,1
,,,6120505酱腌菜制作工,酱腌菜制作工,3,1
,,,6120506食用调料制作工,食用调料制作工,3,1
,,,6120507味精制作工,味精制作工,4,1
"第六大类6生产、运输设备操作人员及有关人员",612粮油、食品、饮料生产加工及饲料生产加工人员,61206粮油食品制作人员,6120601糕点、面包烘焙工,糕点、面包烘焙工,2,1
,,,6120602糕点装饰工,糕点装饰工,1,1
,,,6120603米面主食制作工,米面主食制作工,3,1
,,,6120604油脂制品工,油脂制品工,2,1
,,,6120605植物蛋白制作工,植物蛋白制作工,2,1
,,,6120606豆制品制作工,豆制品制作工,3,1
,,61207屠宰加工人员,6120701猪屠宰加工工,猪屠宰加工工,4,1
,,,6120702牛羊屠宰加工工,牛羊屠宰加工工,4,1
,,,6120703肠衣工,肠衣工,3,1
,,,6120704禽类屠宰加工工,禽类屠宰加工工,3,1
,,61208肉、蛋食品加工人员,6120801熟肉制品加工工,熟肉制品加工工,3,1
,,,6120802蛋品及再制蛋品加工工,蛋品及再制蛋品加工工,2,1
,,61209饲料生产加工人员,6120901饲料原料清理上料工,饲料原料清理上料工,2,1
,,,6120902饲料粉碎工,饲料粉碎工,3,1
,,,6120903饲料配料混合工,饲料配料混合工,2,1
,,,6120904饲料制粒工,饲料制粒工,3,1
,,,6120905饲料添加剂预混工,饲料添加剂预混工,2,1
,,,6120906饲料厂中央控制室操作工,饲料厂中央控制室操作工,1,1
,,61299其他粮油、食品、饮料生产加工及饲料生产加工人员,"6129901制造工人",制造工人,3,1
,,,"6129902冰块制造工人",冰块制造工人,3,1
,,,"6129903技师",技师,2,1
,,,"6129904领班、监工工",领班、监工,2,1
,,,"6129905装罐工人",装罐工人,4,1
,613烟草及其制品加工人员,61301原烟复烤人员,6130101烟叶调制工,烟叶调制工,2,1
,,,6130102烟叶分级工,烟叶分级工,1,1
,,,6130103挂杆复烤工,挂杆复烤工,2,1
,,,6130104打叶复烤工,打叶复烤工,2,1
,,,6130105烟叶回潮工,烟叶回潮工,2,1
,,,6130106烟叶发酵工,烟叶发酵工,2,1
,,61302卷烟生产人员,6130201烟叶制丝工,烟叶制丝工,3,1
,,,6130202膨胀烟丝工,膨胀烟丝工,3,1
,,,6130203白肋烟处理工,白肋烟处理工,2,1
"第六大类6生产、运输设备操作人员及有关人员",613烟草及其制品加工人员,61302卷烟生产人员,6130204烟草薄片工,烟草薄片工,3,1
,,,6130205卷烟卷接工,卷烟卷接工,2,1
,,61303烟用醋酸纤维丝束滤棒制作人员,6130301烟用二醋片制造工,烟用二醋片制造工,3,1
,,,6130302烟用丝束制造工,烟用丝束制造工,3,1
,,,6130303滤棒工,滤棒工,3,1
,614药品生产人员,61401合成药物制造人员,6140101化学合成制药工,化学合成制药工,3,1
,,61402生物技术制药(品)人员,6140201生化药品制造工,生化药品制造工,2,1
,,,6140202发酵工程制药工,发酵工程制药工,2,1
,,,6140203疫苗制品工,疫苗制品工,3,1
,,,6140204血液制品工,血液制品工,3,1
,,,6140205基因工程产品工,基因工程产品工,2,1
,,61403药物制剂人员,6140301药物制剂工,药物制剂工,2,1
,,,6140302淀粉葡萄糖制造工,淀粉葡萄糖制造工,3,1
,,61404中药制药人员,6140401中药炮制与配制工,中药炮制与配制工,2,1
,,,6140402中药液体制剂工,中药液体制剂工,2,1
,,,6140403中药固体制剂工,中药固体制剂工,3,1
,615木材加工、人造板生产及木材制品制作人员,61501木材加工人员,"6150101锯木工人",锯木工人,5,2
,,,6150102木材干燥工,木材干燥工,4,1
,,,"6150103木材工厂现场之职员",木材工厂现场之职员,2,1
,,,"6150104领班",领班,3,1
,,,"6150105分级员",分级员,3,1
,,,"6150106检查员",检查员,3,1
,,,"6150107标记员",标记员,3,1
,,,"6150108磅秤员",磅秤员,3,1
,,,6150109木材供应站管理人员,木材供应站管理人员,1,1
,,,6150110木材供应站营业员,木材供应站营业员,2,1
,,,6150111仓库管理员,仓库管理员,3,1
,,,"6150112防腐剂工人",防腐剂工人,4,2
,,,"6150113木材储藏槽工人",木材储藏槽工人,4,1
"第六大类6生产、运输设备操作人员及有关人员",615木材加工、人造板生产及木材制品制作人员,61501木材加工人员,"6150114木材搬运工人",木材搬运工人,5,2
,,,"6150115吊车操作人员",吊车操作人员,3,1
,,61502人造板生产人员,"6150201胶合板工",胶合板工,4,1
,,,6150202纤维板工,纤维板工,4,2
,,,6150203刨花板工,刨花板工,4,2
,,,6150204人造板制胶工,人造板制胶工,3,2
,,,6150205装饰层压板工,装饰层压板工,4,1
,,,6150206人造板饰面工,人造板饰面工,4,1
,,61503木材制品制作人员,6150301手工木工,手工木工,3,2
,,,6150302机械木工,机械木工,3,2
,,,6150303精细木工,精细木工,3,1
,,,"6150304技师",技师,3,1
,,,"6150305领班、监工",领班、监工,3,1
,,,"6150306木制家具制造工人",木制家具制造工人,3,2
,,,"6150307木制家具修理工人",木制家具修理工人,3,1
,616制浆、造纸和纸制品生产加工人员,61601制浆人员,6160101制浆备料工,制浆备料工,5,1
,,,"6160102制浆设备操作工",制浆设备操作工,5,2
,,,6160103制浆废液回收利用工,制浆废液回收利用工,5,2
,,61602造纸人员,"6160201造纸工",造纸工,4,2
,,,6160202纸张整饰工,纸张整饰工,3,1
,,,6160203宣纸书画纸制作工,宣纸书画纸制作工,4,1
,,61603纸制品制作人员,"6160301瓦楞纸箱制作工",瓦楞纸箱制作工,4,1
,,,6160302纸盒制作工,纸盒制作工,4,1
,,61699其他制浆、造纸和纸制品生产加工人员,"6169901技师",技师,3,1
,,,"6169902领班、监工",领班、监工,3,1
,617建筑材料生产加工人员,61701水泥及水泥制品生产加工人员,6170101水泥生产制造工,水泥生产制造工,6,2
,,,6170102水泥制品工,水泥制品工,6,2
,,,6170103石灰焙烧工,石灰焙烧工,6,2
"第六大类6生产、运输设备操作人员及有关人员",617建筑材料生产加工人员,61701水泥及水泥制品生产加工人员,"6170104工程师",工程师,2,1
,,,"6170105技师",技师,2,1
,,,"6170106领班",领班,3,1
,,,"6170107一般工人",一般工人,6,2
,,,"6170108采掘工",采掘工,7,2
,,,"6170109爆破工",爆破工,7,3
,,,"6170110陶瓷、木炭、砖块制造工",陶瓷、木炭、砖块制造工,3,1
,,61702墙体屋面材料生产人员,6170201砖、瓦生产工,砖、瓦生产工,3,1
,,,6170202加气混凝土制品工,加气混凝土制品工,6,2
,,,6170203纸面石膏板生产工,纸面石膏板生产工,3,1
,,,6170204石膏浮雕板工,石膏浮雕板工,3,1
,,,6170205监工(不参与制造过程),监工（不参与制造过程）,2,1
,,61703建筑防水密封材料生产人员,6170301油毡生产工,油毡生产工,3,2
,,,6170302高分子防水卷材生产工,高分子防水卷材生产工,3,2
,,61704建筑保温及吸音材料生产人员,6170401保温材料制造工,保温材料制造工,4,2
,,,6170402吸音材料生产工,吸音材料生产工,4,2
,,,6170403珍珠岩制造工,珍珠岩制造工,4,2
,,61705装饰石材生产人员,6170501装饰石材生产工,装饰石材生产工,5,2
,,61706非金属矿及其制品生产加工人员,6170601云母制品加工工,云母制品加工工,4,2
,,,6170602石棉制品工,石棉制品工,7,3
,,,6170603高岭土制品工,高岭土制品工,4,2
,,,6170604金刚石制品工,金刚石制品工,5,2
,,,6170605人工合成晶体工,人工合成晶体工,4,2
,,61707耐火材料生产人员,6170701耐火原料加工工,耐火原料加工工,3,2
,,,6170702耐火材料成型工,耐火材料成型工,3,2
,,,6170703耐火材料烧成工,耐火材料烧成工,4,2
,,,6170704耐火制品浸油工,耐火制品浸油工,4,2
,,,6170705耐火纤维制品工,耐火纤维制品工,4,2
"第六大类6生产、运输设备操作人员及有关人员",618玻璃、陶瓷、搪瓷及其制品生产加工人员,61801玻璃熔制人员,6180101玻璃配料工,玻璃配料工,3,1
,,,6180102玻璃熔化工,玻璃熔化工,4,2
,,,6180103玻璃制板及玻璃成型工,玻璃制板及玻璃成型工,4,2
,,,"6180104玻璃加工工",玻璃加工工,4,2
,,,6180105玻璃制品装饰加工工,玻璃制品装饰加工工,3,2
,,,"6180106技师",技师,3,1
,,,"6180107监工",监工,3,1
,,61802玻璃纤维及制品生产人员,6180201玻璃纤维制品工,玻璃纤维制品工,4,2
,,,6180202玻璃钢制品工,玻璃钢制品工,4,2
,,61803石英玻璃制品加工人员,6180301石英玻璃制品加工工,石英玻璃制品加工工,4,2
,,61804陶瓷制品生产人员,6180401陶瓷原料准备工,陶瓷原料准备工,3,1
,,,6180402陶瓷成型工,陶瓷成型工,3,1
,,,6180403陶瓷烧成工,陶瓷烧成工,3,1
,,,6180404陶瓷装饰工,陶瓷装饰工,3,1
,,,6180405匣钵、模型制作工,匣钵、模型制作工,3,1
,,,6180406古建琉璃工,古建琉璃工,3,1
,,61805搪瓷制品生产人员,6180501搪瓷釉浆熔制工,搪瓷釉浆熔制工,3,1
,,,6180502搪瓷坯体制作工,搪瓷坯体制作工,4,1
,,,6180503搪瓷涂搪烧成工,搪瓷涂搪烧成工,3,1
,,,6180504搪瓷花版饰花工,搪瓷花版饰花工,3,1
,619广播影视制品制作、播放及文物保护作业人员,61901影视制品制作人员,6190101影视置景制作员,影视置景制作员,3,1
,,,6190102影视服装员,影视服装员,1,1
,,,6190103影视舞台烟火特效员,影视舞台烟火特效员,3,1
,,,6190104影视动画制作员,影视动画制作员,1,1
,,,6190105影视木偶制作员,影视木偶制作员,2,1
,,,6190106电影洗印员,电影洗印员,2,1
,,61902音像制品制作复制人员,6190201唱片制作工,唱片制作工,3,1
,,,6190202唱片检听工,唱片检听工,2,1
,,,6190203音像带复制工,音像带复制工,1,1
,,,6190204光盘复制工,光盘复制工,1,1
,,61903广播影视舞台设备安装调试及运行操作人员,6190301照明设备操作员,照明设备操作员,2,1
,,,6190302影视设备机械员,影视设备机械员,2,1
,,,"6190303广播电视天线工",广播电视天线工,5,2
,,,6190304有线广播电视机线员,有线广播电视机线员,4,1
,,,6190305音响调音员,音响调音员,1,1
"第六大类6生产、运输设备操作人员及有关人员",619广播影视制品制作、播放及文物保护作业人员,61903广播影视舞台设备安装调试及运行操作人员,6190306舞台音响效果工,舞台音响效果工,2,1
,,61904电影放映人员,"6190401电影放映员",电影放映员,2,1
,,,6190402拷贝检片员,拷贝检片员,2,1
,,,6190403拷贝字幕员,拷贝字幕员,2,1
,,,"6190404电影院售票员",电影院售票员,1,1
,,,6190405跑片员,跑片员,4,1
,,61905文物保护作业人员,6190501考古发掘工,考古发掘工,4,2
,,,6190502文物修复工,文物修复工,3,1
,,,6190503文物拓印工,文物拓印工,2,1
,,,6190504古旧书画修复工,古旧书画修复工,2,1
,620印刷人员,62001印前处理人员,"6200101平版制版工",平版制版工,2,1
,,,6200102凸版制版工,凸版制版工,3,1
,,,6200103凹版制版工,凹版制版工,3,1
,,,6200104孔版制版工,孔版制版工,2,1
,,,6200105印前制作员,印前制作员,2,1
,,62002印刷操作人员,"6200201平版印刷工",平版印刷工,2,1
,,,6200202凸版印刷工,凸版印刷工,2,1
,,,6200203凹版印刷工,凹版印刷工,2,1
,,,6200204孔版印刷工,孔版印刷工,2,1
,,,6200205木刻水印印制工,木刻水印印制工,2,1
,,,6200206珂罗版印制工,珂罗版印制工,2,1
,,,6200207盲文印制工,盲文印制工,2,1
,,62003印后制作人员,"6200301装订工",装订工,2,1
,,,6200302印品整饰工,印品整饰工,2,1
,621工艺、美术品制作人员,62101珠宝首饰加工制作人员,6210101宝石琢磨工,宝石琢磨工,2,1
,,,6210102贵金属首饰制作工,贵金属首饰制作工,2,1
,,62102地毯制作人员,6210201地毯制作工,地毯制作工,2,1
,,62103玩具制作人员,6210301金属、塑料、木制玩具装配工,金属、塑料、木制玩具装配工,2,1
,,,6210302布绒玩具制作工,布绒玩具制作工,2,1
,,,6210303搪塑玩具制作工,搪塑玩具制作工,2,1
"第六大类6生产、运输设备操作人员及有关人员",621工艺、美术品制作人员,62104漆器工艺品制作人员,6210401漆器制胎工,漆器制胎工,3,1
,,,6210402彩绘雕填制作工,彩绘雕填制作工,2,1
,,,6210403漆器镶嵌工,漆器镶嵌工,2,1
,,62105抽纱刺绣工艺品制作人员,6210501机绣工,机绣工,2,1
,,,6210502手绣制作工,手绣制作工,2,1
,,,6210503抽纱挑编工,抽纱挑编工,2,1
,,62106金属工艺品制作人员,6210601景泰蓝制作工,景泰蓝制作工,4,1
,,,6210602金属摆件工,金属摆件工,3,1
,,,"6210604金属手工艺品加工工人",金属手工艺品加工工人,3,1
,,62107雕刻工艺品制作人员,"6210703金属工艺品雕刻工",金属工艺品雕刻工,3,1
,,,"6210704竹木制手工艺品雕刻工",竹木制手工艺品雕刻工,2,1
,,62108美术品制作人员,6210801装饰美工,装饰美工,2,1
,,,6210802雕塑翻制工,雕塑翻制工,2,1
,,,6210803壁画制作工,壁画制作工,2,1
,,,6210804油画外框制作工,油画外框制作工,2,1
,,,6210805装裱工,装裱工,2,1
,,,6210806版画制作工,版画制作工,2,1
,,62199其他工艺、美术品制作人员,6219901民间工艺品制作工,民间工艺品制作工,2,1
,,,6219902人造花制作工,人造花制作工,2,1
,,,6219903工艺画制作工,工艺画制作工,2,1
,,,6219904烟花爆竹制作工,烟花爆竹制作工,7,3
,,,"6219908竹木制手工艺品加工工人",竹木制手工艺品加工工人,2,1
,,,"6219906布类纸品工艺品加工工人",布类纸品工艺品加工工人,1,1
,,,"6219907矿石手工艺品加工人员",矿石手工艺品加工人员,3,1
,622文化教育、体育用品制作人员,62201文教用品制作人员,6220101墨制作工,墨制作工,3,1
,,,6220102墨水制造工,墨水制造工,2,1
,,,6220103墨汁制造工,墨汁制造工,2,1
,,,6220104绘图仪器制作工,绘图仪器制作工,2,1
,,,6220105静电复印机消耗材制造工,静电复印机消耗材制造工,2,1
"第六大类6生产、运输设备操作人员及有关人员",622文化教育、体育用品制作人员,62201文教用品制作人员,6220106毛笔制作工,毛笔制作工,2,1
,,,6220107自来水笔制作工,自来水笔制作工,2,1
,,,6220108圆珠笔制作工,圆珠笔制作工,2,1
,,,6220109铅笔制造工,铅笔制造工,3,1
,,,6220110印泥制作工,印泥制作工,2,1
,,62202体育用品制作人员,6220201制球工,制球工,2,1
,,,6220202球拍、球网制作工,球拍、球网制作工,2,1
,,,6220203健身器材制作工,健身器材制作工,3,1
,,62203乐器制作人员,6220301钢琴及键盘乐器制作工,钢琴及键盘乐器制作工,3,1
,,,6220302提琴制作工,提琴制作工,3,1
,,,6220303管乐器制作工,管乐器制作工,3,1
,,,6220304民族拉弦、弹拨乐器制作工,民族拉弦、弹拨乐器制作工,3,1
,,,6220305吹奏乐器制作工,吹奏乐器制作工,3,1
,,,6220306打击乐器制作工,打击乐器制作工,3,1
,,,6220307电声乐器制作工,电声乐器制作工,3,1
,623工程施工人员,62301土石方施工人员,6230101凿岩工,凿岩工,7,3
,,,"6230102爆破工",爆破工,7,3
,,,6230103土石方机械操作工(推土、铲运机驾驶员、挖掘机驾驶员、打桩工、铲运机操作工),土石方机械操作工,5,2
,,62302砌筑人员,6230201砌筑工,砌筑工,4,1
,,,"6230202洗石工人",洗石工人,4,1
,,,6230203砌砖匠,砌砖匠,4,1
,,,"6230204泥水匠",泥水匠,4,1
,,,"6230205磨石工人",磨石工人,3,1
,,62303混凝土配制及制品加工人员,6230301混凝土工,混凝土工,4,1
,,,"6230302混凝土制品模具工",混凝土制品模具工,4,1
,,,"6230303混凝土搅拌机械操作工",混凝土搅拌机械操作工,4,1
,,62304钢筋加工人员,"6230401钢筋工",钢筋工,5,2
,,62305施工架子搭设人员,"6230501架子工",架子工,5,2
,,62306工程防水人员,"6230601防水工",防水工,4,1
"第六大类6生产、运输设备操作人员及有关人员",623工程施工人员,62306工程防水人员,6230602防渗墙工,防渗墙工,4,1
,,,"6230603排水工程人员",排水工程人员,4,1
,,62307装饰装修人员,6230701装饰装修工,装饰装修工,4,1
,,,6230702室内成套设施装饰工,室内成套设施装饰工,3,1
,,,"6230703油漆工、喷漆工",油漆工、喷漆工,4,2
,,,"6230704铝门窗安装工人",铝门窗安装工人,4,1
,,,"6230705石棉瓦或浪板安装工人",石棉瓦或浪板安装工人,4,1
,,,"6230706设计制图人员",设计制图人员,1,1
,,,"6230707地毯之装设人员",地毯之装设人员,2,1
,,,"6230708室内装潢人员(不含木工、油漆工)",室内装潢人员（不含木工、油漆工）,3,1
,,,"6230709室外装潢人员",室外装潢人员,6,2
,,,"6230710承包商、监工",承包商、监工,2,1
,,,"6230711铁门窗制造安装工人",铁门窗制造安装工人,5,2
,,,"6230712木工",木工,3,2
,,,6230713安装玻璃幕墙工人,安装玻璃幕墙工人,7,3
,,62308古建筑修建人员,6230801古建筑结构施工工,古建筑结构施工工,4,2
,,,6230802古建筑装饰工,古建筑装饰工,4,1
,,62309筑路、养护、维修人员,6230901筑路机械操作工,筑路机械操作工,5,1
,,,6230902筑路、养护工,筑路、养护工,5,1
,,,6230903线桥专用机械操作工,线桥专用机械操作工,5,1
,,,"6230904铁道线路工",铁道线路工,4,2
,,,"6230905桥梁工",桥梁工,5,2
"第六大类6生产、运输设备操作人员及有关人员",623工程施工人员,62309筑路、养护、维修人员,"6230906隧道工",隧道工,6,2
,,,6230907铁路舟桥工,铁路舟桥工,5,2
,,,6230908道岔制修工,道岔制修工,5,1
,,,6230909枕木处理工,枕木处理工,4,1
,,,"6230910铁路平交道看守人员",铁路平交道看守人员,2,1
,,,"6230911铁路修护厂技工",铁路修护厂技工,3,1
,,,"6230912铁路铺设领班",铁路铺设领班,3,1
,,,"6230913管道铺设及维护工人",管道铺设及维护工人,4,1
,,,"6230914高速公路工程人员",高速公路工程人员,5,2
,,,"6230915电线架设及维护工人",电线架设及维护工人,5,2
,,62310工程设备安装人员,6231001机械设备安装工,机械设备安装工,3,1
,,,"6231002电气设备安装工",电气设备安装工,4,1
,,,6231003管工,管工,4,1
,,,6231004防火系统、警报器安装人员,防火系统、警报器安装人员,4,1
,,,"6231005电梯、升降机安装工人(非高空作业)",电梯、升降机安装工人（非高空作业）,4,2
,,,6231006电梯、升降机安装工人(高空作业),电梯、升降机安装工人（高空作业）,7,3
,,,"6231007电梯、升降机修理及维护工人",电梯、升降机修理及维护工人,4,1
,,62399其他工程施工人员,6239901中小型施工机械操作工,中小型施工机械操作工,4,1
,,,"6239902建筑工程车辆驾驶员",建筑工程车辆驾驶员,5,1
,,,"6239903建筑工程车辆机械操作员",建筑工程车辆机械操作员,5,1
,,,"6239904监工",监工,3,1
"第六大类6生产、运输设备操作人员及有关人员",623工程施工人员,62399其他工程施工人员,"6239905测量员",测量员,3,1
,,,"6239906拆屋、迁屋工人",拆屋、迁屋工人,4,2
,,,"6239907道路工程机械操作员",道路工程机械操作员,4,1
,,,"6239908道路工程车辆驾驶员",道路工程车辆驾驶员,4,1
,,,"6239909工地看守员",工地看守员,4,1
,,,"6239910海湾港口工程人员",海湾港口工程人员,5,2
,,,"6239911水坝工程人员、挖井工程人员",水坝工程人员、挖井工程人员,5,2
,,,"6239912潜水工作人员",潜水工作人员,7,3
,,,"6239913挖泥船工人",挖泥船工人,5,2
,,,6239914工地推车工,工地推车工,4,1
,624运输设备操作人员及有关人员,62401公(道)路运输机械设备操作及有关人员,"6240101自用小客车司机",自用小客车司机,3,1
,,,"6240102自用大客车司机",自用大客车司机,3,1
,,,"6240103出租车、救护车司机",出租车、救护车司机,4,1
,,,"6240104游览车司机及服务员",游览车司机及服务员,3,1
,,,"6240105客运车司机及服务员",客运车司机及服务员,3,1
,,,"6240106小型客货两用车司机",小型客货两用车司机,3,1
,,,"6240107自用货车司机、随车工人、搬家工人",自用货车司机、随车工人、搬家工人,4,1
,,,"6240108人力三轮车夫",人力三轮车夫,3,2
,,,"6240109机动三轮车夫",机动三轮车夫,5,1
"第六大类6生产、运输设备操作人员及有关人员",624运输设备操作人员及有关人员,62401公(道)路运输机械设备操作及有关人员,"6240110营业用货车司机、随车工人",营业用货车司机、随车工人,6,1
,,,"6240111砂石车司机、随车工人",砂石车司机、随车工人,6,1
,,,"6240112工程卡车司机、随车人员",工程卡车司机、随车人员,5,1
,,,"6240113液化、氧化油罐车司机、随车工人",液化、氧化油罐车司机、随车工人,6,1
,,,"6240114货柜车司机、随车人员",货柜车司机、随车人员,4,1
,,,"6240115有摩托车驾照人员",有摩托车驾照人员,3,2
,,62402铁路、地铁运输机械设备操作及有关人员,6240201车站行车作业员,车站行车作业员,2,1
,,,6240202车站运转作业计划员,车站运转作业计划员,1,1
,,,6240203车号员,车号员,2,1
,,,6240204驼峰设备操作员,驼峰设备操作员,2,1
,,,6240205车站调车作业员,车站调车作业员,3,1
,,,6240206列车运转乘务员,列车运转乘务员,2,1
,,,"6240207机车驾驶员",机车驾驶员,3,1
,,,6240208机车调度员,机车调度员,1,1
,,,6240209发电车乘务员,发电车乘务员,3,1
,,,"6240210机车燃料填充员",机车燃料填充员,3,1
,,,6240211救援机械操作员,救援机械操作员,4,1
,,,6240212列车轴温检测员,列车轴温检测员,2,1
,,,6240213铁路通信工,铁路通信工,4,1
,,,"6240214铁路电源工",铁路电源工,4,1
,,,6240215铁路信号工,铁路信号工,4,1
,,,"6240216铁路机工",铁路机工,4,1
,,62403民用航空设备操作及有关人员,6240301航空通信雷达导航员,航空通信雷达导航员,1,1
,,,6240302航空通信雷达设备维护保养员,航空通信雷达设备维护保养员,3,1
"第六大类6生产、运输设备操作人员及有关人员",624运输设备操作人员及有关人员,62403民用航空设备操作及有关人员,6240303航空油料员,航空油料员,3,1
,,,6240304航空摄影员,航空摄影员,6,2
,,,6240305航空器材员,航空器材员,3,1
,,,6240306航空气象员,航空气象员,1,1
,,62404水上运输设备操作及有关人员,"6240401水手长、水手",水手长、水手,6,1
,,,"6240402木匠",木匠,6,1
,,,"6240403铜匠",铜匠,6,1
,,,6240404船舶机工,船舶机工,6,1
,,,6240405船舶轮机员,船舶轮机员,6,1
,,,6240406船舶加油,船舶加油,3,1
,,,6240407无线电航标操作工,无线电航标操作工,3,1
,,,6240408潜水员,潜水员,7,3
,,,6240409视觉航标工(灯塔、航标维护保养),视觉航标工（灯塔、航标维护保养）,6,2
,,,6240410港口维护工(码头维修、水面防污、港口除尘),港口维护工,5,1
,,,6240411航道航务施工工,航道航务施工工,7,2
,,,"6240412泵匠",6-24-04-12泵匠,6,1
,,,"6240413电机师",电机师,6,1
,,,"6240414游览船之驾驶及工作人员",游览船之驾驶及工作人员,6,1
,,,"6240415小汽艇之驾驶及工作人员",小汽艇之驾驶及工作人员,6,1
,,,"6240416拖船驾驶员及工作人员",拖船驾驶员及工作人员,4,1
,,,"6240417渡船驾驶员及工作人员",渡船驾驶员及工作人员,4,1
,,62405起重装卸机械操作及有关人员,6240501起重装卸机械操作工,起重装卸机械操作工,4,2
,,,6240502起重工,起重工,6,2
,,,6240503输送机操作工,输送机操作工,3,1
,,,6240504闸门运行工,闸门运行工,3,1
"第六大类6生产、运输设备操作人员及有关人员",624运输设备操作人员及有关人员,62405起重装卸机械操作及有关人员,"6240505索道运输机械操作工",索道运输机械操作工,3,1
,,62499其他运输设备操作人员及有关人员,"6249901电梯、升降机操作员(不含矿场使用者)",电梯、升降机操作员（不含矿场使用者）,2,1
,625环境监测与废物处理人员,62501环境监测人员,6250101大气环境监测工,大气环境监测工,2,1
,,,6250102水环境监测工,水环境监测工,2,1
,,,6250103土壤环境监测工,土壤环境监测工,2,1
,,,6250104环境生物监测工,环境生物监测工,2,1
,,,6250105环境噪声及振动监测工,环境噪声及振动监测工,2,1
,,,6250106固体废物监测工,固体废物监测工,2,1
,,,6250107环境辐射监测工,环境辐射监测工,2,1
,,,6250108室内装饰装修质量检验员,室内装饰装修质量检验员,2,1
,,,6250109室内环境治理员,室内环境治理员,3,1
,,62502海洋环境调查与监测人员,6250201海洋调查与监测工,海洋调查与监测工,3,1
,,,6250202海洋浮标工,海洋浮标工,2,1
,,,6250203海洋水文气象观测员,海洋水文气象观测员,1,1
,,62503废物处理人员,6250301固体废物处理工,固体废物处理工,3,1
,,,6250302废水处理工,废水处理工,3,1
,,,6250303废气处理工,废气处理工,3,1
,,,6250304除尘设备运行工,除尘设备运行工,3,1
,626检验、计量人员,62601检验人员,6260101化学检验工,化学检验工,2,1
,,,6260102材料成分检验工,材料成分检验工,1,1
,,,6260103材料物理性能检验工,材料物理性能检验工,1,1
,,,6260104无损检测员,无损检测员,1,1
,,,6260105产品环境适应性能检验工,产品环境适应性能检验工,1,1
,,,6260106产品可靠性能检验工,产品可靠性能检验工,1,1
,,,6260107产品安全性能检验工,产品安全性能检验工,1,1
,,,6260108食品检验工,食品检验工,1,1
,,,6260109饲料检验工,饲料检验工,1,1
,,,6260110畜禽产品检验工,畜禽产品检验工,1,1
,,,6260111烟草检验工,烟草检验工,1,1
,,,6260112纺织纤维检验工,纺织纤维检验工,1,1
,,,6260113针纺织品检验工,针纺织品检验工,1,1
,,,6260114印染工艺检验工,印染工艺检验工,1,1
,,,6260115服装鞋帽检验工,服装鞋帽检验工,1,1
,,,6260116木材及家具检验工,木材及家具检验工,1,1
,,,6260117包装材料检验工,包装材料检验工,1,1
,,,6260118文体用品及出版物品检验工,文体用品及出版物品检验工,1,1
"第六大类6生产、运输设备操作人员及有关人员",626检验、计量人员,62601检验人员,6260119燃料检验工,燃料检验工,2,1
,,,6260120感光材料检验工,感光材料检验工,1,1
,,,6260121药物检验工,药物检验工,1,1
,,,6260122中药检验工,中药检验工,1,1
,,,6260123五金制品检验工,五金制品检验工,1,1
,,,6260124机械产品检验工,机械产品检验工,2,1
,,,6260125医疗器械检验工,医疗器械检验工,1,1
,,,6260126机动车检验工,机动车检验工,2,1
,,,6260127电器产品检验工,电器产品检验工,2,1
,,,6260128电工器材检验工,电工器材检验工,2,1
,,,6260129照明电器检验工,照明电器检验工,2,1
,,,6260130通信设备检验工,通信设备检验工,2,1
,,,6260131广播影视设备检验工,广播影视设备检验工,2,1
,,,6260132计算机检验工,计算机检验工,1,1
,,,6260133电子器件检验工,电子器件检验工,1,1
,,,6260134仪器仪表检验工,仪器仪表检验工,2,1
,,,6260135贵金属首饰、钻石、宝玉石检验员,贵金属首饰、钻石、宝玉石检验员,1,1
,,,6260136管道检验工,管道检验工,2,1
,,,6260137合成材料测试员,合成材料测试员,2,1
,,62602航空产品检验人员,6260201飞机检验工,飞机检验工,2,1
,,,6260202机载导弹检验工,机载导弹检验工,2,1
,,,6260203航空发动机检验工,航空发动机检验工,2,1
,,,6260204飞机螺旋桨检验工,飞机螺旋桨检验工,2,1
,,,6260205飞机、发动机附检验工,飞机、发动机附检验工,2,1
,,,6260206航空环控救生装备检验工,航空环控救生装备检验工,1,1
,,,6260207航空仪表检验工,航空仪表检验工,1,1
,,62603航天器检验测试人员,6260301航天器无损检测试验工,航天器无损检测试验工,2,1
,,,6260302航天器材料性能测试试验工,航天器材料性能测试试验工,2,1
,,,6260303试车台测量工,试车台测量工,2,1
,,,6260304试车台液、气系统操作工,试车台液、气系统操作工,2,1
,,,6260305试车台控制工,试车台控制工,2,1
,,,6260306液体推进剂性能试验工,液体推进剂性能试验工,2,1
,,,6260307固体推进剂性能试验工,固体推进剂性能试验工,2,1
,,,6260308试车台测力计量检定工,试车台测力计量检定工,2,1
,,62604计量人员,6260401长度计量工,长度计量工,1,1
,,,6260402热工计量工,热工计量工,1,1
,,,6260403衡器计量工,衡器计量工,1,1
"第六大类6生产、运输设备操作人员及有关人员",626检验、计量人员,62604计量人员,6260404硬度测力计量工,硬度测力计量工,1,1
,,,6260405容量计量工,容量计量工,1,1
,,,6260406电器计量工,电器计量工,1,1
,,,6260407化学计量工,化学计量工,1,1
,,,6260408声学计量工,声学计量工,1,1
,,,6260409光学计量工,光学计量工,1,1
,,,6260410电离辐射计量工,电离辐射计量工,1,1
,,,6260411专用计量器具计量工,专用计量器具计量工,1,1
,699其他生产运输设备操作人员及有关人员,69901包装人员,6990101包装人员,包装人员,3,1
,,69902机泵操作人员,6990201机泵操作人员,机泵操作人员,3,1
,,69903简单体力劳动人员,6990301简单体力劳动人员,简单体力劳动人员,4,1
"第七大类7军人",700军人,70000军人,"7000001一般地面部队人员(含陆军野战、机械修护、土木工程、飞弹、战车及空军炮、飞机修护等)",一般地面部队人员,3,1
,,,"7000002特种兵(海军陆站队、伞兵、水兵、爆破兵、蛙人、化学兵、负有布雷爆破任务之工兵、情报单位负有特殊任务者)",特种兵,7,3
,,,"7000003行政及内勤人员(国防部、三军总部、军校教官等)",行政内勤人员(国防部三军总部军校教官等),1,1
,,,"7000004宪兵",宪兵,4,1
,,,7000005后勤补给及通讯地勤人员,后勤补给及通讯地勤人员,3,1
,,,7000006军事研究单位纸上设计人员,军事研究单位纸上设计人员,1,1
,,,7000007军事单位武器、弹药研究及管理人员,军事单位武器、弹药研究及管理人员,3,1
,,,7000008空军飞行官兵、空军海洋巡弋舰艇及潜艇官兵,空军飞行官兵、空军海洋巡弋舰艇及潜艇官兵,7,3
,,,7000009前线军人,前线军人,7,3
,,,7000010军校学生及入伍受训新兵,军校学生及入伍受训新兵,7,2
"第七大类7军人",700军人,70000军人,7000011军医院官兵,军医院官兵,2,1
"第八大类8其他从业人员",800其他从业人员,80000其他从业人员,8000001无业人员,无业人员,2,1
,,,8000002退休人员,退休人员,1,1
,,,8000003离休人员,离休人员,1,1
,,80001特殊运动从业人员,8000101特殊运动班学生（拳击、摔跤、跆拳道等）,特殊运动班学生（拳击、摔跤、跆拳道等）,6,2
,,,8000102武术学校学生,武术学校学生,6,2
