AXZHYL2,A,0-5,TP07H001
AXZHYL2,A,6-10,TP07H002
AXZHYL2,A,11-15,TP07H003
AXZHYL2,A,16-20,TP07H004
AXZHYL2,A,21-25,TP07H005
AXZHYL2,A,26-30,TP07H006
AXZHYL2,A,31-35,TP07H007
AXZHYL2,A,36-40,TP07H008
AXZHYL2,A,41-45,TP07H009
AXZHYL2,A,46-50,TP07H010
AXZHYL2,A,51-55,TP07H011
AXZHYL2,A,56-60,TP07H012
AXZHYL2,A,61-65,TP07H013
AXZHYL2,A,66-70,TP07H014
AXZHYL2,A,71-75,TP07H015
AXZHYL2,A,76-80,TP07H016
AXZHYL2,B,0-5,TP07H017
AXZHYL2,B,6-10,TP07H018
AXZHYL2,B,11-15,TP07H019
AXZHYL2,B,16-20,TP07H020
AXZHYL2,B,21-25,TP07H021
AXZHYL2,B,26-30,TP07H022
AXZHYL2,B,31-35,TP07H023
AXZHYL2,B,36-40,TP07H024
AXZHYL2,B,41-45,TP07H025
AXZHYL2,B,46-50,TP07H026
AXZHYL2,B,51-55,TP07H027
AXZHYL2,B,56-60,TP07H028
AXZHYL2,B,61-65,TP07H029
AXZHYL2,B,66-70,TP07H030
AXZHYL2,B,71-75,TP07H031
AXZHYL2,B,76-80,TP07H032
AXZHYL1,A,0-5,TP07H033
AXZHYL1,A,6-10,TP07H034
AXZHYL1,A,11-15,TP07H035
AXZHYL1,A,16-20,TP07H036
AXZHYL1,A,21-25,TP07H037
AXZHYL1,A,26-30,TP07H038
AXZHYL1,A,31-35,TP07H039
AXZHYL1,A,36-40,TP07H040
AXZHYL1,A,41-45,TP07H041
AXZHYL1,A,46-50,TP07H042
AXZHYL1,A,51-55,TP07H043
AXZHYL1,A,56-60,TP07H044
AXZHYL1,A,61-65,TP07H045
AXZHYL1,A,66-70,TP07H046
AXZHYL1,A,71-75,TP07H047
AXZHYL1,A,76-80,TP07H048
AXZHYL1,B,0-5,TP07H049
AXZHYL1,B,6-10,TP07H050
AXZHYL1,B,11-15,TP07H051
AXZHYL1,B,16-20,TP07H052
AXZHYL1,B,21-25,TP07H053
AXZHYL1,B,26-30,TP07H054
AXZHYL1,B,31-35,TP07H055
AXZHYL1,B,36-40,TP07H056
AXZHYL1,B,41-45,TP07H057
AXZHYL1,B,46-50,TP07H058
AXZHYL1,B,51-55,TP07H059
AXZHYL1,B,56-60,TP07H060
AXZHYL1,B,61-65,TP07H061
AXZHYL1,B,66-70,TP07H062
AXZHYL1,B,71-75,TP07H063
AXZHYL1,B,76-80,TP07H064