泰康在线职业分类表,,,,,
,,,,,
大分类,中分类,,小分类,,职业等级
001一般职业,00101,国家机关、党政团体,00101001,"国家机关、党政团体单位负责人
（不从事风险工作）",1
,,,00101002,"国家机关、党政团体单位职员
（内勤）",1
,,,00101003,"国家机关、党政团体单位职员
（外勤）",2
,,,00101004,"国家机关、党政团体单位职员
（司机或维修人员）",3
,00102,事业单位,00102001,"事业单位负责人
（不从事风险工作）",1
,,,00102002,"事业单位职员
（内勤）",1
,,,00102003,"事业单位职员
（外勤）",2
,,,00102004,"事业单位职员
（司机或维修人员）",3
,,,00102005,工商\税务\城管人员,3
,00103,企业单位,00103001,"企业单位负责人
（不从事风险工作）",1
,,,00103002,"企业单位职员
（内勤）",1
,,,00103003,"企业单位职员
（外勤）",2
,,,00103004,"企业单位职员
（司机或维修人员）",3
,00104,民间组织和社会团体,00104001,民间组织和社会团体负责人,1
,,,00104002,"民间组织和社会团体职员
（内勤）",1
,,,00104003,"民间组织和社会团体职员
（外勤）",2
,,,00104004,村委会、居委会人员,2
002农牧渔业,00201,农业生产人员,00201001,农作物种植者（不亲自作业）,1
,,,00201002,啤酒花生产工,2
,,,00201003,作物种子繁育工,2
,,,00201004,农作物病虫草害防治工,2
,,,00201005,农场经营者(不亲自作业),1
,,,00201006,蔬菜园艺工,2
,,,00201007,花卉园艺工,2
,,,00201008,果、茶、桑园艺工,2
,,,00201009,菌类园艺工,2
,,,00201010,天然橡胶\剑麻生产人员,2
,,,00201011,中药材种植员,2
,,,00201012,中药材养殖员,2
,,,00201013,中药材生产管理员,2
,,,00201014,大田作物生产人员,2
,,,00201018,苗圃栽培人员,2
,,,00201019,花圃栽培人员,2
,,,00201020,热带作物生产人员,3
,,,00201021,昆虫（蜜蜂）饲养人员,3
,,,00201025,实验室饲养人员,2
,00202,农业技术人员,00202001,农业科学研究人员,2
,,,00202002,土壤肥料技术人员,2
,,,00202003,作物遗传育种栽培技术人员,3
,,,00202004,农业技术指导人员,2
,,,00202005,农业实验人员,2
,,,00202006,农情测报员,1
,,,00202007,粮油管理员,1
,,,00202008,农艺工,2
,,,00202009,园艺技术人员,2
,,,00202010,糖厂技工,3
,,,00202011,植物保护技术人员,2
,00203,农林专用机械操作人员,00203001,联合收割机驾驶员,3
,,,00203003,农业机械操作或修理人员,3
,,,00203006,沼气生产管理人员,2
,,,00203009,生物质能设备人员,3
,,,00204002,果类产品加工工,3
,,,00204003,茶叶\蔬菜加工人员,2
,,,00204004,竹\藤\麻\棕\草制品加工人员,2
,,,00204005,特种植物原料加工人员,3
,,,00204006,农作物种子加工,2
,,,00204007,农副林特产品加工人员,2
,,,00204009,蜂产品加工,3
,00205,畜牧业饲养人员,00205001,饲养家禽家畜人员,2
,,,00205002,家畜繁殖工,3
,,,00205003,畜牧场经营者(不亲自作业),1
,,,00205004,畜牧工作人员,3
,,,00205006,家禽繁殖工,2
,,,00205009,动物养殖人员,3
,00206,畜牧业技术人员,00206001,畜牧技术人员,2
,,,00206002,兽医,3
,,,00206003,兽药技术人员,2
,,,00206004,动物疫病防治员,3
,,,00206005,兽医化验员,2
,,,00206006,动物检疫\检验\化验员,2
,,,00206007,中兽医员,3
,00207,草业生产服务人员,00207001,草业技术人员,2
,,,00207002,草地监护员,2
,,,00207003,牧草培育\加工人员,3
,,,00207004,草坪建植工,2
,,,00207005,草业生产人员,3
,00208,渔业养殖人员,00208001,水生动物苗种繁育工,3
,,,00208002,水生植物苗种培育工,3
,,,00208003,水生动物饲养工,3
,,,00208004,水生植物栽培工,3
,,,00208005,珍珠养殖工(淡水),3
,,,00208006,珍珠养殖工(海水),3
,,,00208007,生物饵料培养工,3
,,,00208009,渔场经营者(不亲自作业),1
,,,00208010,渔场经营者(亲自作业),3
,,,00208011,热带鱼养殖者、水族馆经营者,3
,,,00208015,养殖工人（内陆）,3
,,,00208016,水族馆经营者（不亲自作业）,1
,,,00208017,水族馆经营者,2
,,,00208018,水生动植物采集\栽培及苗种繁育人员,3
,,,00208019,渔网具装配人员,2
,00209,渔业技术人员,00209001,水产养殖工程技术人员,2
,,,00209002,渔业资源开发利用工程技术人员,2
,,,00209003,水产实验人员(室内),1
,,,00209004,水产实验人员（室外）,3
,,,00209005,水产养殖质量管理员,1
,,,00209006,水产品质量检验员,1
,00210,渔业加工人员,00210001,水产品原料处理工,2
,,,00210002,水产品腌熏烤制工,3
,,,00210003,鱼糜及鱼糜制品加工工,3
,,,00210004,鱼粉加工工,3
,,,00210005,鱼肝油及制品加工工,3
,,,00210006,海藻制碘工,3
,,,00210007,海藻制醇工,3
,,,00210008,海藻制胶工,3
,,,00210009,海藻食品加工工,3
,,,00210010,贝类净化工,3
,,,00210011,水（海）产品加工人员,3
,,,00210012,负责人（不亲自作业）,1
,00211,渔业捕捞人员,00211001,水产捕捞工,3
,,,00211007,水生动植物采集工,3
003森林木材业,00301,林业工程技术人员,00301001,林业生态环境工程技术人员,3
,,,00301002,森林培育工程技术人员,3
,,,00301003,园林绿化工程技术人员,3
,,,00302009,生产行政管理员,2
,,,00303002,领班,3
,,,00303003,分级员,3
,,,00303004,检查员,3
,,,00303005,标记员,3
,,,00303006,磅秤员,3
,,,00303011,吊车操作人员,3
,,,00303013,木材供应站管理人员,1
,,,00303014,木材供应站营业人员,2
,,,00303015,仓库管理员,3
,,,00303020,木材工厂现场管理人员,2
,,,00304004,人造板制胶工人,3
,00305,木材制品\家俱制作,00305001,技术人员,3
,,,00305002,领班\监工,2
,00306,森林资源管护人员,00306001,护林员,3
,,,00306002,森林病虫害防治员,2
,,,00306003,其他森林资源管护人员,2
,,,00307002,野生植物保护员,3
,,,00307003,自然保护区巡视监测员,3
,,,00307004,标本员,3
,,,00308004,平地育苗工人,2
,,,00308006,领班,3
,,,00308010,树木育苗人员,2
,,,00308011,实验室育苗栽培人员,1
,,,00401007,海洋土质实验工人,1
,,,00401008,固体岩矿碎样工人,2
,,,00401009,岩矿\古生物样品磨片工人,3
,,,00401010,重沙样品淘洗工人,2
,,,00401011,劈岩\保管工人,3
,,,00401012,地球科学研究人员,1
,,,00401015,地质探测员(平地),2
,,,00401016,工程师,2
,00402,地质测量,00402001,大地\人员程测量人员,3
,,,00402002,摄影测量人员,2
,,,00402003,地图制图人员,1
,,,00402004,地籍测绘人员,2
,,,00402005,海洋测绘人员(非海上作业),2
,00403,盐业生产,00403001,海盐晒制工,3
,,,00403002,海盐采收工,2
,,,00403005,湖盐脱水工,3
,,,00403009,真空制盐工,3
,,,00403010,冷冻提硝工,3
,,,00403011,苦卤综合利用工,3
,,,00403012,精制盐工,3
,00404,矿物处理人员,00404001,筛选破碎工,3
,,,00404002,重力选矿工,3
,,,00404003,浮选工,2
,,,00404004,磁选工,2
,,,00404005,选矿脱水工,2
,,,00404011,动力配煤工,2
,,,00404012,工业型煤加工制作人员,2
,00405,"坑外作业
",00405001,生产管理人员（不到现场）,1
,,,00405006,采砂\石厂管理人员,3
,,,00405024,矿山检查验收工,3
,,,00405025,矿灯、自救器管理工,2
,,,00405026,生产管理人员（现场监督）,3
,,,00405027,经营者(不到现场者),1
,,,00405028,经营者(现场监督者),3
,,,00405029,经理人员,2
,,,00405033,矿工头灯充电人员,2
,,,00405041,生产技术管理人员（非煤矿山）,3
,0406,陆上油矿开采业,00406043,行政人员,1
,,,00406044,工程师,3
,,,00406050,综合录井工,3
,,,00406051,气测工,3
,,,00406052,注水员,3
,,,00406056,天然气净化工人,3
,,,00406057,油气输送工人,3
,,,00406059,采油化验工,3
,00407,海上油矿开采业,00407001,行政人员,1
005运输业,00501,公路运输及设备操作,00501001,路桥收费站收费员,2
,,,00501003,公务小客车司机,3
,,,00501004,非营运大客车司机,3
,,,00501005,出租车、救护车司机,3
,,,00501006,游览车司机及服务员,3
,,,00501007,客运车司机、服务员、售票员（短途）,3
,,,00501009,小型客货两用车司机,3
,,,00501010,非营运货车司机、随车工人、搬家工人,3
,,,00501012,人力三轮车夫,3
,,,00501015,柜台售票员,1
,,,00501021,缆车操作员,3
,,,00501023,执摩托车驾照者（非营运）,3
,,,00501024,汽车货运站务员,2
,,,00501025,汽车运输调度员,1
,,,00501026,车辆保管人员,2
,,,00501027,客运车稽核人员,1
,,,00501028,其他公路道路运输服务人员,3
,,,00501029,计程，货运行业负责人（不驾驶）,1
,,,00501030,外务员（非驾驶人员）,2
,,,00501031,公交车司机及售票员,3
,,,00501032,内勤工作人员,1
,00502,铁路运输及设备操作,00502001,铁路运输工程技术人员,2
,,,00502002,铁路机务工程技术人员,2
,,,00502003,铁路车辆工程技术人员,2
,,,00502004,铁路电务工程技术人员,2
,,,00502005,铁路站长,2
,,,00502006,行包运输服务员,2
,,,00502007,车站货运作业组织员,2
,,,00502008,铁路票房工作人员,2
,,,00502009,车站检票员,1
,,,00502010,铁路播音员,1
,,,00502011,铁路一般内勤人员,2
,,,00502012,铁路服务台人员,1
,,,00502013,车站客运服务员,1
,,,00502014,铁路车站清洁工人,2
,,,00502015,旅客列车乘务员,2
,,,00502016,机车乘务员,2
,,,00502017,机车整备员,2
,,,00502020,铁路修护厂厂长,1
,,,00502021,铁路修护厂内勤,1
,,,00502022,铁路建筑工程技术人员,3
,,,00502023,铁路修护厂技工,3
,,,00502025,车号员,1
,,,00502026,铁路平交道看护人员,2
,,,00502027,车站货运员,2
,,,00502029,驼峰设备操作员,3
,,,00502030,求援机械操作员,2
,,,00502031,列车轴温检测员,2
,,,00502033,机车调度员,3
,,,00502034,车站调车作业员,3
,,,00502035,发电车乘务员,3
,,,00502036,车站运转作业计划员,2
,,,00502038,铁路机车驾驶员,3
,,,00502039,地铁\轻轨驾驶员,3
,,,00502040,地铁月台工作人员,2
,,,00502041,车站治安巡视人员,3
,,,00502042,铁路（轻轨）行李搬运工人,2
,,,00502043,铁路（轻轨）机车燃料填充员,3
,,,00502046,铁路（轻轨）货运：领班,3
,,,00502047,铁路（轻轨）押运员,3
,,,00502048,乘警,3
,,,00502049,随车人员(技术人员除外),2
,,,00502050,修设厂工程师,2
,,,00502053,仓库管理员,3
,,,00503003,客货轮大副（内河）,3
,,,00503004,客货轮二副（内河）,3
,,,00503005,客货轮三副（内河）,3
,,,00503006,客货轮大管轮（内河）,3
,,,00503007,客货轮二管轮（内河）,3
,,,00503008,客货轮三管轮（内河）,3
,,,00503009,客货轮报务员（内河）,3
,,,00503010,客货轮事务长（内河）,3
,,,00503011,客货轮医务人员及一般船员（内河）,3
,,,00503024,仓库管理人员、理货员（内河）,3
,,,00503025,船舶引航员（内河）,3
,,,00503026,关务人员（内河）,3
,,,00503032,船舶业务员（内河）,3
,,,00503033,港口客运员（内河）,3
,,,00503093,港口客运人员（远洋）,3
,,,00503097,稽查人员（远洋）,3
,,,00503101,船舶加油（远洋）,3
,,,00503102,汽车运用工程技术人员,2
,,,00503103,船舶运用工程技术人员,2
,,,00503104,水上交通工程技术人员,2
,,,00503106,船舶检验工程技术人员,2
,,,00504005,航空站站长,1
,,,00504006,航空站播音员,1
,,,00504007,运输地面服务人员,1
,,,00504008,一般内勤人员,1
,,,00504009,塔台工作人员,1
,,,00504010,关务人员,1
,,,00504011,检查人员,2
,,,00504012,运务人员,2
,,,00504013,清洁工人（航空大厦内）,2
,,,00504015,航空公司清洁工（机舱内）,2
,,,00504016,机场内交通车司机,2
,,,00504017,行李货运搬运工人,3
,,,00504019,飞机外壳洗刷人员,3
,,,00504020,跑道维护工,3
,,,00504023,航空公司票务人员,1
,,,00504024,航空公司机场柜台工作人员,1
,,,00504025,航空货运外务员,2
,,,00504026,航空货运理货员,2
,,,00504032,航空通信雷达导航员,1
,,,00504033,航空通信雷达设备维护保养员,3
,,,00504036,航空器材员,3
,,,00504037,航空气象员,1
,,,00504038,缉私人员,3
,,,00504040,雷达、无线电操作员,3
,,,00504041,办事处人员,1
,,,00504042,清舱员,2
,,,00504043,航空一般内勤人员,1
,,,00504044,航空货运报关人员,2
,,,00504055,航空工程技术人员、民用航空工程技术人员、航空业工作人员,3
,,,00504056,航空运输地面人员、民用航空设备操作机及有关人员,2
006建筑工程业,00601,建筑公司（土木工程）,00601001,内勤人员,1
,,,00601002,建筑师,1
,,,00601003,现场技术检查员,2
,,,00601005,木匠（室内）,3
,,,00601019,负责人（不亲自作业不在现场）,1
,,,00601020,负责人（不亲自作业偶现场）,2
,,,00601021,负责人（亲自作业视具体性质）,3
,,,00601022,外勤人员,3
,,,00601023,测量人员,3
,,,00601024,工程人员,3
,,,00601025,工地服务人员,3
,,,00601037,"引导参观工地服务人员（不亲自作业,否则参照具体工种）",2
,,,00601038,"承包商（土木建筑，“不亲自作业,偶尔去现场巡视,若亲自作业请参照具体工种”）",2
,,,00601048,地毯之装设人员,2
,,,00601049,监工（装饰行业）,2
,,,00601052,室内成套设施装饰工,3
,,,00601054,装饰装修设计制图人员,1
,,,00601058,水暧工,3
,00602,建筑物维修及管理人员,00602001,清洁工人,3
,,,00602005,工程师,3
,00603,铁路道路铺设,00603001,现场技术检查员,3
,,,00603004,工程师,3
,,,00603005,领班、监工,3
,,,00603007,现场勘测人员（非山区）,3
,,,00603015,铁路（轻轨）平交道看守人员,2
,,,00603016,铁路（轻轨）修护厂技工,3
,,,00604002,操作员（不包括矿场使用者）,2
,00605,装璜业,00605001,设计人员,1
,,,00605004,地毯装设人员,2
,,,00605005,承包商、监工,2
,,,00606020,索道运输机械操作工人,3
,,,00607003,地质探测员（平地）,2
,,,00607004,大地、工程测量工程技术人员,3
,,,00607005,摄影测量与遥感工程技术人员,2
,,,00607006,地图制图与印刷工程技术人员,1
,,,00607007,海洋测绘工程技术人员（非海上作业）,2
,00608,水泥(含石灰\石膏),00608001,工程师,2
,,,00608002,技术人员,2
,,,00608003,领班,3
,00609,墙体屋面材料生产,00609001,砖\瓦生产工人,3
,,,00609003,纸面石膏板生产工人,3
,,,00609004,石膏浮雕板工人,3
,,,00609005,监工(不参与制造过程),2
,00610,防水\保温\吸音材料生产,00610001,油毡生产工人,3
,,,00610002,高分子防水卷材生工人,3
,00611,耐火材料生产,00611001,耐火材料技师,2
,,,00611002,耐火原材料加工工人,3
,,,00611003,耐火材料成型工人,3
007制造业,00701,冶金工程技术人员,00701001,领班、监工,3
,,,00701003,冶炼工程技术人员,2
,,,00701004,轧制工程技术人员,2
,,,00701005,焦化工程技术人员,2
,,,00701006,金属材料工程技术人员,2
,,,00701007,耐火材料工程技术人员,2
,,,00701008,碳素材料工程技术人员,2
,,,00701009,冶金热能工程技术人员,2
,00714,机械制造加工业,00714001,机械设计工程技术人员,2
,,,00714002,机械制造工程技术人员,2
,,,00714003,仪器仪表工程技术人员,2
,,,00714004,设备工程技术人员,2
,,,00714005,企业负责人,1
,,,00714006,领班、监工,3
,,,00714007,模具设计人员,3
,,,00714048,真空干燥处理工人,3
,,,00714062,装配工、品管人员,2
,00715,电子\电子元器件工程技术人员,00715001,电子材料工程技术人员,2
,,,00715002,电子元器件工程技术人员,2
,,,00715003,雷达系统工程技术人员,2
,,,00715004,广播视听设备工程技术人员,2
,,,00715005,电子仪器与测量工程技术人员,2
,,,00716007,液晶显示器件制造工,3
,,,00716008,单晶片加工工,3
,,,00716009,半导体芯片制造工,3
,,,00716010,半导体分立器件\集成电路装调工,2
,,,00716011,电子用水制备工,3
,,,00716015,石英晶体生长设备操作工,2
,,,00716016,压电石英晶片加工工,3
,,,00716017,石英晶体元器件制造工,3
,,,00716018,电声器件制造工,3
,,,00716019,水声换能器制造工,3
,,,00716020,专用继电器制造工,3
,,,00716021,高频电感器件制造工,2
,,,00716023,磁头制造工,2
,,,00716024,电子产品制版工,2
,,,00716025,印制电路制作工,3
,,,00716026,薄膜加热器制造工,3
,,,00716027,激光头制造工,3
,,,00716028,领班、监工,2
,,,00716029,装配工,3
,,,00716030,修理工,3
,,,00716031,制造工人,3
,,,00716032,质量检验人员,2
,,,00716033,包装工人,3
,00717,电机业,00717001,工程师,2
,,,00717002,领班、监工,2
,,,00717005,质检员,3
,,,00717006,电机调试员,3
,,,00718006,技师,3
,,,00719003,无线电调试工,2
,,,00719007,电子计算机调试工,3
,,,00719008,有线通信传输设备调试工,3
,,,00719009,通讯交换设备调试工,3                                             
,,,00719010,电源调试工,3                                             
,,,00719011,激光机装调工,3                                             
,,,00719012,激光全息工,3
,,,00719013,铁路通信组调工,3
,,,00719014,铁路信号组调工,3
,,,00719016,集成电路测试员,3
,,,00720002,家电用品维修人员,3
,,,00720003,空气调节器之装修人员（不需要在高空作业）,3
,,,00720005,电子计算机维修工,2
,,,00723010,技师,3
,00724,电子专用设备装配调试,00724001,电子专用设备装调工,3
,,,00724002,真空测试工,3
,00725,仪器仪表装配,00725001,仪器仪表元器件装调工,3
,,,00725002,力学仪器仪表装配工,3
,,,00725003,电子仪器仪表装配工,3
,,,00725004,光电仪器仪表装调工,3
,,,00725005,分析仪器仪表装配工,3
,,,00725006,计时仪器仪表装配工,3
,,,00725007,工业自动化仪器仪表与装置装配工,3
,,,00725008,电工仪器仪表装配工,3
,,,00725011,仪器仪表装配工,3
,,,00725012,仪器仪表装调工,3
,,,00725013,仪表仪器制造人员,2
,,,00725014,仪表仪器修理人员,3
,,,00725015,仪器仪表检验工,2
,,,00726009,助动车\自行车装配工,3
,,,00726010,助动车\自行车修理工,3
,,,00726011,工程师,2
,,,00726012,技师,3
,,,00726015,工程师,2
,,,00726017,领班、监工,2
,,,00726020,汽车加气站操作工,3
,,,00728005,缝纫机制造装配工,3
,,,00728006,办公小机械制造装配工,3
,,,00728007,技师,3
,,,00728011,家电维修（非高空）,2
,,,00728012,其他家用电器安装与维修,3
,,,00728013,石英晶体生长设备操作工人,2
,,,00728014,包装工人,3
,,,00736007,工程师,3
,00737,航空产品装配\调试\试验,00737001,飞机设计工程技术人员,3
,,,00737002,飞机制造工程技术人员,3
,,,00737003,飞机发动机设计工程技术人员,3
,,,00737004,飞机发动机制造工程技术人员,3
,,,00737008,航空发动机装配工,3
,,,00737013,航空\飞机仪表装配工,3
,,,00737014,航空装配平衡工,3
,,,00737015,飞机无线电设备安装调试工,3
,,,00737018,飞机透明件制造胶接装配工,3
,,,00737027,航空仪表试验工,2
,,,00737029,航天器环境试验工人,3
,,,00737030,航天器结构强度环境试验工人,3
,,,00737031,航天器结构高低温环境试验工人,3
,,,00737032,火箭发动机介质试验工人,3
,,,00737033,航天器系统试验工人,3
,,,00737034,空间环境模拟光学装测工人,2
,,,00737035,空间环境模拟温度试验工人,2
,,,00737036,空间环境模拟真空试验工人,2
,,,00743003,橡胶半成品制造工,3
,,,00743009,塑料制品成型制作工(自动),3
,,,00743011,工程师,2
,,,00743012,技师,3
,,,00743013,一般工人,3
,,,00744006,压缩机工,3
,,,00744007,气体净化工,3
,,,00744008,过滤工,3
,,,00744010,制冷工,3
,,,00744011,蒸发工,3
,,,00744012,蒸馏工,3
,,,00744013,萃取工,3
,,,00744014,吸收工,3
,,,00744015,吸附工,3
,,,00744016,干燥工,3
,,,00744017,结晶工,3
,,,00744018,造粒工,3
,,,00744020,化工工艺试验工,3
,,,00744021,化工总控工,1
,,,00744022,样品检验员,2
,,,00744023,仪表监控员,2
,,,00744024,燃料油生产工,3
,,,00744025,润滑油、脂生产工,3
,,,00744026,石油产品精制工,3
,,,00744041,氯化钾生产工,3
,,,00744081,纺丝凝固浴液配制工,3
,,,00744082,无纺布制造工,3
,,,00744083,化纤纺丝精密组件工,3
,,,00744084,合成革制造工,3
,,,00744085,有机合成工,3
,,,00744086,农药生物测试试验工,3
,,,00744087,染料标准工,2
,,,00744088,染料应用试验工,2
,,,00744089,染料拼混工,3
,,,00744090,研磨分散工,3
,,,00744091,催化剂制造工,3
,,,00744092,催化剂试验工,2
,,,00744095,溶剂制造工,3
,,,00744096,化学试剂制造工,3
,,,00744097,化工添加剂制造工,3
,,,00744100,感光材料试验工,2
,,,00744104,磁记录材料制造工,3
,,,00744105,磁记录材料试验工,3
,,,00744106,感光鼓涂敷工,3
,,,00744145,领班、监工,3
,,,00744146,一般工人,3
,,,00744149,样品检验员,2
,,,00744150,仪表监控员,2
,,,00745004,工程师,2
,,,00745005,技师,2
,,,00745006,纤维验配工,1
,,,00745007,开清棉工,2
,,,00745008,纤维染色工,2
,,,00745009,加湿软麻工,2
,,,00745010,选剥煮茧工,2
,,,00745011,纤维梳理工,2
,,,00745012,并条工,2
,,,00745013,粗纱工,2
,,,00745014,绢纺精炼工,3
,,,00745015,细纱工,2
,,,00745016,简并摇工,2
,,,00745017,捻线工,2
,,,00745018,制线工,2
,,,00745019,缫丝工,2
,,,00745020,整经工,2
,,,00745021,浆纱工,2
,,,00745022,穿经工,2
,,,00745023,织布工,2
,,,00745024,织物验修工,2
,,,00745025,意匠纹版工,2
,,,00745026,织造工人,2
,,,00745027,纬编工,2
,,,00745028,经编工,2
,,,00745029,横机工,2
,,,00745030,织袜工,2
,,,00745031,铸、钳针工,2
,,,00745032,坯布检查处理工,2
,,,00745033,印染烧毛工,3
,,,00745035,印染洗涤工,3
,,,00745044,印染染化料配制工,3
,,,00745045,工艺染织制作工,2
,,,00745046,染整工人,3
,,,00745047,裁剪工,3
,,,00745048,缝纫工,3
,,,00745049,缝纫品整型工,3
,,,00745050,裁缝,2
,,,00745051,剧装工,3
,,,00745052,设计师,1
,,,00745054,制帽工,3
,,,00745056,毛皮加工工,3
,,,00745057,缝纫制品充填处理工,3
,,,00745058,胶制服装上胶工,3
,,,00745059,服装水洗工,2
,,,00745060,制造工人,2
,,,00745061,质量检验人员,1
,,,00745062,缝纫制品再加工人员,3
,,,00745063,纺织纤维检验工,2
,,,00745064,针纺织品检验工,2
,,,00745065,印染工艺检验工,2
,,,00745067,服装鞋帽检验工,2
,,,00745068,刺绣工人,2
,,,00745069,地毯制造工人,3
,,,00745070,接触尘埃或有毒化合物人员,3
,,,00745071,床垫及枕头织造业人员,3
,,,00745072,羽绒、羽毛加工人员,2
,00746,造纸\纸产品,00746001,领班、监工,3
,,,00746003,技师,2
,,,00746004,仓库管理员,3
,,,00746009,纸张整饰工,3
,,,00746012,纸盒制作工,3
,00747,家具制造业,00747001,技术人员,3
,,,00747002,领班、监工,3
,,,00747007,木材及家具检验工,3
,,,00747008,油漆工,2
,,,00747010,闵工,3
,00748,食品\饮料\饲料制造业,00748001,制米工,3
,,,00748002,制粉工,3
,,,00748003,制油工,3
,,,00748004,食糖制造工,3
,,,00748005,糖果制造工,3
,,,00748006,巧克力制造工,3
,,,00748007,乳品预处理工,2
,,,00748008,乳品加工工,3
,,,00748009,蜂产品加工工,3
,,,00748010,冷食品制作工,3
,,,00748011,速冻食品制作工,3
,,,00748012,食品罐头加工工,3
,,,00748013,饮料制作工,3
,,,00748014,白酒酿造工,3
,,,00748015,啤酒酿造工,3
,,,00748016,黄酒酿造工,3
,,,00748017,果露酒酿造工,3
,,,00748018,洒精制造工,3
,,,00748019,酒品标签粘贴、包装工人,2
,,,00748020,酶制剂制造工,3
,,,00748021,柠檬酸制造工,3
,,,00748022,酱油酱类制作工,3
,,,00748023,食醋制作工,3
,,,00748024,酱腌菜制作工,3
,,,00748025,食用调料制作工,3
,,,00748027,糕点、面包烘焙工,2
,,,00748028,糕点装饰工,1
,,,00748029,米面主食制作工,3
,,,00748030,油脂制品工,2
,,,00748031,植物蛋白制作工,2
,,,00748032,豆制品制作工,3
,,,00748034,肠衣工,3
,,,00748035,禽类屠宰加工工,3
,,,00748036,熟肉制品加工工,3
,,,00748037,蛋品及再制蛋品加工工,2
,,,00748038,饲料原料清理上料工,2
,,,00748039,饲料粉碎工,3
,,,00748040,饲料配料混合工,2
,,,00748041,饲料制料工,3
,,,00748042,饲料添加剂预混工,2
,,,00748043,饲料厂中央控制室操作工,2
,,,00748044,领班、监工,2
,,,00748045,冰块制造工人,3
,,,00748046,技师(食品原料制造业),2
,,,00748047,食品饮料制造工人,3
,00749,玻璃\陶瓷\搪瓷制制造业,00749001,玻璃配料工,3
,,,00749007,监工,3
,,,00749011,陶瓷原料准备工,3
,,,00749015,匣钵、模型制作工,3
,,,00749016,古建琉璃工,3
,,,00749018,搪瓷坯体制作工,3
,,,00749019,搪瓷涂搪烧成工,3
,,,00749020,搪瓷花版饰花工,3
,,,00749021,工程师,2
,,,00749022,领班,3
,,,00749030,砖、瓦生产工,3
,,,00749039,炉前工,3
,,,00749042,匣钵\模型制作工人(陶瓷),3
,,,00749043,负责行政工作（经理、文员、零售商）,1
,00750,烟草制品加工业,00750001,内勤行政工作人员,1
,,,00750002,工程师\领班\监工,2
,,,00750003,烟叶调制工,2
,,,00750004,烟叶分级工,2
,,,00750005,挂杆复烤工,2
,,,00750006,打叶复烤工,2
,,,00750007,烟叶回潮工,2
,,,00750008,烟叶发酵工,2
,,,00750009,烟叶制丝工,3
,,,00750010,膨胀烟丝工,3
,,,00750011,白肋烟处理工,2
,,,00750012,烟草薄片工,3
,,,00750013,卷烟卷接工,3
,,,00750014,烟用二醋片制造工,3
,,,00750015,烟用丝束制造工,3
,,,00750016,滤棒工,3
,00751,医疗用品\制药业,00751001,化学合成制药工,3
,,,00751002,生化药品制造工,2
,,,00751003,发酵工程制药工,2
,,,00751004,疫苗制品工,3
,,,00751005,血液制品工,3
,,,00751006,基因工程产品工,2
,,,00751007,药物制剂工,2
,,,00751008,淀粉葡萄糖制造工,3
,,,00751009,医药代表,2
,,,00751010,一般内勤人员,1
,,,00751011,技师\产品研究人员,2
,,,00751012,中药材种植人员,2
,,,00751013,中药炮制与配制工,2
,,,00751014,中药液体制剂工,2
,,,00751015,中药固体制剂工,2
,,,00751016,医疗器械装配工,3
,,,00751017,假肢制作装配工,2
,,,00751018,矫形器制作装配工,2
,,,00752003,地毯制作工,2
,,,00752004,金属、塑料、木制玩具装配工,3
,,,00752005,布绒玩具制作工,3
,,,00752006,搪塑玩具制作工,3
,,,00752007,漆器制胎工,3
,,,00752008,彩绘雕填制作工,2
,,,00752009,漆器镶嵌工,2
,,,00752010,机绣工,2
,,,00752011,手绣制作工,2
,,,00752012,抽纱挑编工,2
,,,00752014,金属摆件工,3
,,,00752015,金属手工艺品加工工人,3
,,,00752016,金属工艺品雕刻工,3
,,,00752017,竹木制手工艺品雕刻工,3
,,,00752018,玉器加工技师,2
,,,00752019,玉器加工工人,3
,,,00752020,装饰美工,2
,,,00752021,雕塑翻制工,3
,,,00752024,装裱工,2
,,,00752025,版画制作工,2
,,,00752026,民间工艺品制作工,2
,,,00752027,人造花制作工,2
,,,00752028,工艺画制作工,2
,,,00752030,布类纸品工艺品加工工人,2
,,,00752032,竹木制手工艺品加工工人,3
,,,00752033,漆器工艺品制作人员,3
,,,00752037,皮革手工艺品制作工,2
,,,00752038,砖木制品生产人员,3
,,,00752039,珠宝首饰加工制作人员,2
,,,00752040,美术品制作人员,2
,00753,文体用品制造业,00753001,墨制作工,3
,,,00753002,墨水制造工,2
,,,00753003,墨汁制造工,3
,,,00753004,绘图仪器制作工,2
,,,00753005,静电复印机消耗材制造工,2
,,,00753006,毛笔制作工,2
,,,00753007,自来水笔制作工,2
,,,00753008,圆珠笔制作工,2
,,,00753009,铅笔制造工,3
,,,00753010,印泥制作工,2
,,,00753011,制球工,2
,,,00753012,球拍、球网制作工,2
,,,00753013,健身器材制作工,3
,,,00753014,钢琴及键盘乐器制作工,3
,,,00753015,提琴制作工,3
,,,00753016,管乐器制作工,3
,,,00753017,民族拉弦、弹拨乐器制作工,3
,,,00753018,吹奏乐器制作工,3
,,,00753019,打击乐器制作工,3
,,,00753020,电声乐器制作工,3
008新闻\出版\文化\印刷\广告业,00801,广播电影电视技术人员,00801001,广播电视编播工程技术人员（非高空）,3
,00802,记者,00802001,一般记者,1
,,,00802002,外勤记者,2
,,,00802003,摄影记者,3
,,,00802005,电视记者,2
,00803,编辑,00803001,文字编辑,1
,,,00803002,美术编辑,1
,,,00803003,技术编辑,1
,,,00803004,电子出版物编辑,1
,00804,校对员,00804001,校对员,1
,00805,播音及节目主持人员,00805001,播音员,1
,,,00805002,节目主持员,1
,00806,翻译,00806001,翻译,1
,00807,图书资料与档案业务人员,00807001,图书馆学、情报学研究人员,2
,,,00807002,图书资料业务人员,1
,,,00807003,档案业务人员,1
,,,00807004,微缩摄影人员,2
,,,00807005,负责人(出版商、书店、文具店),1
,,,00807006,店员,1
,,,00807007,外务员,2
,,,00807008,送货员,2
,,,00807009,内勤人员,1
,,,00807010,推销员,2
,,,00807011,送报员,3
,,,00807012,图书馆工作人员,1
,00808,考古及文物保护,00808001,考古工作者,2
,,,00808002,文物鉴定及保管人员,1
,,,00808003,文物保护专业人员,2
,,,00808004,博物馆工作人员,1
,,,00808006,文物修复工,3
,,,00808007,文物拓印工,2
,,,00808008,古旧书画修复工,2
,,,00808009,考古及文物保护工作,2
,,,00808010,翻译,2
,00809,印刷,00809001,排版\制版工人,2
,,,00809002,装订工人,2
,,,00809003,印刷工人,2
,,,00809004,切纸工人,2
,,,00809005,印品整饰工人,2
,00810,宗教人士,00810001,寺庙及教堂管理人员,1
,,,00810002,宗教团体工作人员,1
,,,00810003,僧尼，道士及传教人员,1
,,,00810004,宗教职业者,1
,,,00810005,乩童,1
,00811,新闻广告公关员,00811001,新闻广告公关员,1
,00812,计算机操作员,00812001,计算机操作员,1
,00813,其他新闻出版、文化工作人员,00813001,其他新闻出版、文化工作人员,2
,00814,广告从业人员,00814001,广告设计人员,1
,,,00814004,广告会展设计师,2
,,,00814005,一般内勤,1
,,,00814006,业务员,2
,,,00814007,广告影片拍摄录制人员,2
,,,00814011,广告招牌绘制人员（地面）,3
009卫生保健业,00901,医学研究人员,00901001,医学研究人员,1
,,,00901002,一般医师及护士,1
,,,00901003,精神病医师，看护，护士,3
,,,00901004,化验技师,1
,00902,西医医师,00902001,内科医师,1
,,,00902002,外科医师,1
,,,00902003,儿科医师,1
,,,00902004,妇产科医师,1
,,,00902005,眼科医师,1
,,,00902006,耳鼻喉科医师,1
,,,00902007,口腔科医师,1
,,,00902008,皮肤科医师,1
,,,00902009,精神科医师,3
,,,00902010,心理医师,1
,,,00902011,传染病科医师,3
,,,00902012,急诊科医师,2
,,,00902013,康复科医师,2
,,,00902014,麻醉科医师,2
,,,00902015,病理科医师,2
,,,00902019,全科医师,2
,,,00902020,乡村医师,2
,,,00902021,妇女保健医师,2
,,,00902022,输（采供）血医师,2
,00903,中医医师,00903001,中医内科医师,2
,,,00903002,中医外科医师,2
,,,00903003,中医妇科医师,2
,,,00903004,中医儿科医师,2
,,,00903005,中医眼医疗医师,2
,,,00903006,中医皮肤科医师,2
,,,00903007,中医骨伤科医师,2
,,,00903008,中医肛肠科医师,2
,,,00903009,中医耳鼻喉科医师,2
,,,00903010,针炙科医师,2
,,,00903011,推拿按摩科医师,2
,00904,中西医结合医师,00904001,中西医结合医师,2
,00905,民族医师,00905001,民族医师,2
,00906,公共卫生医师,00906001,流行病学医师,2
,,,00906002,营养与食品卫生医师,2
,,,00906003,环境卫生医师,2
,,,00906004,职业病医师,2
,,,00906005,劳动（职业）卫生医师,2
,,,00906007,儿少和学校卫生医师,2
,,,00906008,监狱、看守所医师,3
,00907,药剂人员,00907001,西药剂师,1
,,,00907002,中药药师,1
,00908,医疗技术人员,00908001,影像技师,1
,,,00908002,麻醉技师,1
,,,00908003,病理技师,1
,,,00908004,临床检验技师,1
,,,00908005,公卫检验技师,1
,,,00908006,卫生工程技师,1
,,,00908007,输（采供）血技师,2
,00909,护理人员,00909001,病房护士,1
,,,00909002,门诊护士,2
,,,00909003,手术室护士,3
,,,00909004,供应室护士,3
,,,00909005,社区护士,3
,,,00909006,助产士,2
,00910,其他卫生专业技术人员,00910001,其他卫生专业技术人员,2
,00911,医药商品购销人员,00911001,医药商品购销员,2
,00912,中药调剂人员,00912001,中药调剂员,2
,00913,医药商品储运人员,00913001,医药商品储运员,2
,00914,医疗卫生辅助服务人员,00914001,医疗临床辅助服务员,2
,,,00914002,药房辅助员,2
,,,00914003,卫生防疫、妇幼保健员,3
,,,00914004,医务行政人员,1
,,,00914005,护理员,2
,,,00914006,药剂检验人员,2
,,,00914007,放射线之技术人员,3
,,,00914009,配膳员,2
,,,00914010,卫生检查员,2
,,,00914011,医院后勤人员、医疗临床辅助服务员、药房辅助员,2
,,,00914012,医院炊事,2
,,,00914013,医院勤杂工、清洁工,2
,,,00914014,分析员,2
,,,00914015,助产士、齿模技工,2
,,,00914016,跌打损伤治疗人员,2
,,,00914017,验光师,2
,,,00914018,理疗师,2
,,,00914019,消毒员,3
,,,00914020,医疗设备、口腔科设备维修人员,3
,,,00914021,医用气体工,1
010广播\影视\文艺,01001,文艺创作和评论人员,01001001,文学、艺术研究人员,1
,,,01001002,文学作家,1
,,,01001003,曲艺作家,1
,,,01001004,剧作家,1
,,,01001005,作曲家,1
,,,01001006,词作家,1
,,,01001007,文艺评论员,1
,,,01001008,皮影戏木偶戏作家,1
,,,01001009,演奏人员,1
,,,01001010,绘画人员,1
,,,01001011,编曲人员,1
,,,01001012,书法家,1
,,,01001013,陶艺家,2
,,,01001014,篆刻家,2
,01002,编导和音乐指挥人员,01002001,电影电视导演,2
,,,01002002,戏剧导演,2
,,,01002003,舞蹈编导,3
,,,01002004,音乐指挥,1
,,,01002005,编剧,1
,,,01002006,武术指导,3
,01003,演员,01003001,电影电视演员,2
,,,01003002,戏剧演员,2
,,,01003003,舞蹈演员,2
,,,01003004,曲艺演员,2
,,,01003005,杂技魔术演员,3
,,,01003006,歌唱演员,2
,,,01003007,皮影戏演员,2
,,,01003008,木偶戏演员,2
,,,01003015,一般替身演员,3
,,,01003016,节目主持人,1
,,,01003017,巡回演出戏剧团体人员,3
,,,01003018,配音演员,1
,,,01003019,服装模特,2
,,,01003020,雕塑人员,3
,01004,乐器演奏员,01004001,民族乐器演奏员,1
,,,01004002,外国乐器演奏员,1
,01005,电影电视制作及舞台专业人员,01005001,电影电视制片,1
,,,01005002,电影电视场记,2
,,,01005003,电影电视摄影师,2
,,,01005004,照明师,1
,,,01005005,录音师,1
,,,01005006,剪辑师,1
,,,01005007,美工师,1
,,,01005008,化妆师,1
,,,01005009,置景师,2
,,,01005010,道具师,2
,,,01005011,电影电视片发行人,1
,,,01005012,舞台监督,1
,,,01005013,戏剧制作人,1
,,,01005014,影片商,1
,,,01005015,灯光及音响工作人员,3
,,,01005016,冲片人员,2
,,,01005017,洗片人员,2
,,,01005021,影视设备机械员,3
,,,01005024,广播电视编播工程技术人员,2
,,,01005025,广播电视传输覆盖工程技术人员,2
,,,01005026,电影工程技术人员,2
,,,01005028,电影院售票员,1
,,,01005029,电影院放映人员、服务人员,2
,,,01005030,影视服装员,1
,,,01005031,影视动画制作人员,1
,,,01005032,影视木偶制作人员,2
,,,01005033,电影洗印人员,2
,,,01005034,拷贝字幕员,2
,,,01005035,拷贝捡片员,2
,,,01005036,唱式制作工人,3
,,,01005037,唱片检听工人,2
,,,01005038,音像带复制工人,1
,,,01005039,光盘复制工人,1
011教育机构,01101,教育机构,01101001,校长（教育机构负责人）,1
,,,01101002,教师,1
,,,01101003,学生,1
,,,01101004,教育单位行政人员,1
,,,01101005,校工,2
,,,01101006,特殊教育教师（如聋哑老师）,1
,,,01101007,家庭教师,1
,,,01101008,保育员,3
,,,01101009,教育科学研究人员,3
,,,01101013,戏曲舞蹈教师\学生,3
,,,01101016,校车司机,3
,,,01101017,军训教官,2
,,,01101018,汽车驾驶训练班教练,3
 012公共事业,01201,邮政,01201001,邮政营业员,1
,,,01201002,邮件分检、接发员,2
,,,01201003,内勤人员,1
,,,01201004,外勤邮务人员,2
,,,01201005,火车、汽车邮件押运员,3
,,,01201007,报刊分发员,1
,,,01201008,投递员(外勤),3
,,,01201009,投递员(内勤),2
,,,01201010,邮政储汇员,1
,,,01201011,报刊发行、零售员,1
,,,01201012,集邮业务员,1
,,,01201013,邮政业务档案员,1
,,,01201014,邮政设备安装、维护人员,3
,,,01201016,邮政工程技术人员,2
,,,01201019,包裹邮物人员,3
,,,01202003,电话电报交换机人员,3
,,,01202004,电信业务营业员,1
,,,01202005,话务员,1
,,,01202006,报务员,1
,,,01202007,通信设备维护人员,3
,,,01202009,电话电报交换设备安装、维护人员,3
,,,01202010,电话机、寻呼机、传真机等用户终端设备维修员,1
,,,01202012,市话障碍处理人员,2
,,,01202013,电信装置维护修理工,3
,,,01202015,通信工程技术人员,3
,01203,水利,01203001,工程师,2
,,,01203002,水坝\水库管理人员,3
,,,01203009,农田灌排施工\管护人员,3
,,,01203014,水土保持防治工,2
,,,01203015,水土保持测试工,2
,,,01203016,水土保持勘测工,2
,,,01203017,水文勘测工,2
,,,01203022,机泵操作人员,3
,,,01203023,农田灌排工程建设管理维护人员,2
,,,01203024,水土保持作业人员,2
,01204,自来水,01204001,工程师,2
,,,01204002,自来水管装修人员,3
,,,01204003,抄表员、收费员、巡水员,2
,,,01204004,自来水厂水质分析员(实地),3
,,,01204005,工业及饮用水净化处理人员,3
,,,01204006,工业及饮用水生产人员(水井工),3
,,,01204007,供水调度员,3
,01205,电力工程技术人员,01205001,发电\变电\输电工程技术人员,3
,,,01205002,供用电工程技术人员,3
,,,01205003,电力拖动与自动控制工程技术人员,2
,,,01205004,电线电缆与电工材料工程技术人员,2
,,,01206010,小风电利用工,3
,,,01206011,微水电利用工,3
,,,01206013,电缆施放员,3
,01207,发电运行值班人员,01207001,水轮发电机值班员,3
,,,01207002,燃料值班员,3
,,,01207005,汽轮机运行值班员,3
,,,01207006,热力网值班员,3
,,,01207007,电气值班员,3
,,,01207008,集控值班员,3
,,,01207009,发电机氢冷值班员,3
,,,01207010,电厂水处理值班员,3
,01210,供用电人员,01210001,电力负荷控制员,3
,,,01210002,用电监察员,3
,,,01210003,装表核算收费员,2
,,,01210005,电能计量装置检修工,3
,,,01210006,内勤人员,1
,,,01210007,抄表员、收费员,2
,01213,石油工程技术人员,01213001,石油开采工程技术人员,3
,01214,液化气\煤气\天然气,01214001,负责人,1
,,,01214002,店员,2
,,,01214005,收费员\抄表员,2
,,,01214006,安全检查员,3
,,,01214007,仓库管理员,3
,,,01214009,储气槽\分装厂工作人员,3
,,,01214010,工程师,2
,,,01214011,检查员,2
,01216,环境监测人员,01216001,大气环境监测工,3
,,,01216002,水环境监测工,3
,,,01216003,土壤环境监测工,3
,,,01216004,环境生物监测工,3
,,,01216005,环境噪声及振动监测工,3
,,,01216006,固体废物监测工,3
,,,01216008,室内装饰装修质量检验员,3
,,,01216009,室内环境治理员,3
,01217,环境保护工程技术人员,01217001,环境损害控制工程技术人员,3
,,,01217002,环境监测工程技术人员,3
,,,01217003,环境污染治理工程技术人员,3
,,,01218003,海洋水文气象观测员,3
,,,01220004,除尘设备运行工,3
,01221,气象工程技术人员,01221001,气象观测人员,2
,,,01221002,天气预报人员,2
,,,01221003,气候监测预测人员,2
,,,01221004,应用气象人员,2
,,,01221005,气象服务人员,2
,01222,购销人员,01222001,购销人员,3
,,,01223005,一般废旧物资回收人员,3
,01224,保管人员,01224001,保管员,2
,,,01224002,理货员,2
,,,01224003,商品养护员,2
,,,01224004,保鲜员,2
,,,01224005,冷藏工,3
,,,01224007,起重机操作员（于控制室内）,2
,01225,储运人员,01225001,商品储运员,3
,01226,日用机电维修员,01226001,家用电子产品维修工,3
,,,01226002,家用电器产品维修工,3
,,,01226003,照相器材维修工,3
,,,01226004,钟表维修工,3
,,,01226005,乐器维修工,3
,,,01226006,自行车维修工,3
,01227,办公设备维修工,01227001,办公设备维修工,3
013一般商业,01301,商业,01301001,普通摊商,3
,,,01301002,厨具商,1
,,,01301003,陶瓷器商,1
,,,01301004,古董商,1
,,,01301005,花卉商,1
,,,01301006,米商,1
,,,01301007,杂货商、烟商、酒商、塑料制品商、超市售货员,1
,,,01301008,玻璃商,2
,,,01301009,果菜商,2
,,,01301010,石材商,3
,,,01301011,建材商,3
,,,01301012,铁材商,3
,,,01301013,木材商,3
,,,01301014,五金商,3
,,,01301015,宠物商,2
,,,01301016,电器商\电脑\手机商,2
,,,01301017,水电卫生器材商,2
,,,01301018,机车买卖商（不含修理）,1
,,,01301019,汽车买卖商（不含修理）,1
,,,01301020,车辆器材商（不含矿物油）,2
,,,01301021,矿物油、香烛买卖商,3
,,,01301022,眼镜商,1
,,,01301023,食品商,1
,,,01301024,文具商,1
,,,01301025,布商,1
,,,01301026,服饰买卖商,1
,,,01301030,药品买卖商,1
,,,01301031,医疗器械仪器商,2
,,,01301032,化学原料商、农药买卖商,3
,,,01301033,手工艺品买卖商,1
,,,01301034,银楼珠宝、当铺负责人及工作人员,1
,,,01301035,家具商,1
,,,01301036,自行车买卖商,1
,,,01301037,农具商,2
,,,01301038,售货商,2
,,,01301039,碾米商,2
,,,01301040,体育用品及器材销售,3
,,,01301041,IT业销售人员,2
,,,01301042,化学品销售商（非危险品）,3
,,,01301043,负责人（燃气器具店）,1
,,,01301044,店员（燃气器具店）,1
,,,01301045,送货员（燃气器具店）,3
,,,01301046,装饰工（燃气器具店）,3
,,,01301047,瓦斯器具负责人,1
,,,01301048,瓦斯器具店员,1
,,,01301049,瓦斯器具送货员,3
,,,01301050,瓦斯器具装设工,3
,,,01301054,液化瓦斯零售负责人,2
,,,01301055,液化瓦斯零售店员,2
,,,01301058,液化瓦斯旧货收购人员,3
,,,01301059,燃气矿物油销售人员（液化瓦斯零售店）,2
,,,01301060,采购员,2
,,,01301061,熟食店（使用道具者）,3
014金融业,01401,银行业,01401001,银行货币发行员,1
,,,01401002,银行国库业务人员,1
,,,01401003,银行外汇管理员,1
,,,01401004,银行清算员,1
,,,01401005,银行信贷员,1
,,,01401006,金融（销售及）外务员,2
,,,01401007,征信人员,2
,,,01401009,银行国外业务人员,3
,,,01401010,银行信托业务人员,3
,,,01401011,银行信用卡业务人员,3
,,,01401012,银行储蓄员,1
,01402,保险业,01402001,精算师,1
,,,01402002,保险推销员,1
,,,01402003,保险核保员,1
,,,01402004,保险核赔员,1
,,,01402005,理赔调查员,2
,,,01402006,保险收费员,2
,01403,证券业,01403001,证券发行员,1
,,,01403002,证券交易员,1
,,,01403003,证券投资顾问,1
,01404,其他金融人员,01404001,其他金融人员,2
015服务业,01501,旅游\旅馆业,01501001,一般内勤人员,1
,,,01501002,外务员,2
,,,01501003,导游、领队,2
,,,01501005,行政管理人员,1
,,,01501006,负责人,1
,,,01501007,一般内勤服务员,1
,,,01501008,外务员,2
,,,01501009,收帐员,2
,,,01501010,技工,3
,,,01501012,前厅服务员,2
,,,01501013,客房服务员,2
,,,01501014,旅店服务员,2
,,,01502002,中式面点师,2
,,,01502003,西式烹调师,2
,,,01502004,西式面点师,2
,,,01502005,调酒师,1
,,,01502006,茶艺师,2
,,,01502007,营养配餐员,2
,,,01502008,餐厅服务员,3
,,,01502009,餐具清洗保管员,2
,,,01502010,其他餐饮服务人员,3
,,,01502011,采购人员,2
,,,01502012,厨师（星级酒店）,2
,,,01502013,厨房杂工,3
,,,01502014,经理人员,1
,,,01502015,一般内勤,1
,,,01502016,柜台人员,1
,,,01502017,收帐员,1
,01503,健身和娱乐场所服务人员,01503001,群众性体育活动指导员,3
,,,01503002,体育场地维护、保养工,3
,,,01503003,康乐服务员,3
,,,01503004,保健按摩师,2
,,,01503005,桑拿业负责人,1
,,,01503006,桑拿业柜台人员,2
,,,01503007,社会文化指导员,3
,,,01503008,健身教练,3
,,,01503009,芳香保健师,3
,,,01503010,浴池服务人员,2
,,,01503011,修脚师,2
,01504,高尔夫球馆,01504001,教练,2
,,,01504002,球场保养人员,2
,,,01504003,维护工人,2
,,,01504004,球童,2
,,,01504005,职业高尔夫球员,2
,01505,保龄球馆,01505001,记分员,1
,,,01505002,柜台人员,1
,,,01505003,机械保护员,3
,,,01505004,清洁工人,2
,01506,撞球馆,01506001,负责人,2
,,,01506002,记分员,2
,,,01506003,柜台人员,2
,,,01506004,机械保护员,2
,01507,游泳池,01507001,负责人,1
,,,01507002,管理员,1
,,,01507003,教练,2
,,,01507004,售票员,1
,01508,海水浴场,01508001,管理员,1
,,,01508002,负责人,1
,,,01508005,售票员,1
,01509,游乐园动物园,01509001,负责人,1
,,,01509002,售票员,1
,,,01509003,一般清洁工,2
,,,01509004,游戏机操作员,2
,,,01509008,兽医(动物园),2
,01510,娱乐场所,01510001,咖啡厅工作人员,2
,,,01510002,茶室工作人员,2
,,,01510003,酒家工作人员,2
,,,01510008,娱乐餐饮业负责人,2
,,,01510010,调酒师,3
,,,01510011,乐队人员,3
,,,01510012,歌唱人员,3
,,,01510013,DJ,3
,,,01510014,迎宾,3
,,,01510016,电子游戏厅工作人员,3
,,,01510018,网吧管理人员,2
,,,01510019,按摩沐足\桑拿负责人,1
,,,01510020,按摩沐足\桑拿柜台人员,1
,,,01510021,按摩沐足\桑拿工作人员,2
,,,01510022,负责人,3
,01511,营业、推销人员,01511001,营业员,2
,,,01511002,收银员,1
,,,01511003,推销员,2
,01512,采购人员,01512001,采购员,3
,,,01512002,收购员,3
,,,01512003,中药购销员,3
,01513,酒店服务部人员,01513001,前厅服务员,2
,,,01513002,客房服务员,2
,,,01513003,旅店服务员,2
,,,01513004,负责人,1
,,,01513005,一般内勤,1
,,,01513006,外务员,2
,,,01513007,收帐员,2
,,,01513008,技工,3
,01514,旅游及公共游览场所服务人员,01514001,导游,2
,,,01514002,一般内勤,1
,,,01514003,外务员,2
,,,01514004,公共游览场所服务员,3
,,,01514005,展览讲解员,3
,,,01514006,插花员,3
,,,01514007,盆景工,3
,01515,美容美发人员,01515001,美容师,1
,,,01515002,美发师,1
,01516,摄影服务人员,01516001,摄影师,1
,,,01516002,冲印师,1
,01517,验光配镜人员,01517001,眼镜验光员,2
,,,01517002,眼镜定配员,2
,01518,洗染织补人员,01518001,洗衣师,2
,01519,印章刻字人员,01519001,刻字印章工,3
,01520,房地产,01520001,经营管理者,1
,,,01520002,室内工作人员,2
,,,01520003,开发工作人员,2
,,,01520004,租赁销售人员、度地房屋买卖介绍人,3
,01521,殡葬服务人员,01521001,殡仪服务员,2
,,,01521004,尸体整容工,2
,,,01521005,尸体火化工,3
,,,01521006,墓地管理员,2
,,,01521007,殡葬车驾驶员,3
,01522,社会中介服务人员,01522001,中介代理人,3
,,,01522002,职业指导员,2
,,,01522003,其他社会中介服务人员,1
,,,01522004,中介机构内勤人员,1
,,,01522005,中介机构外勤人员,2
,01523,物业管理员,01523001,物业管理员,2
,,,01524002,保洁工,2
,,,01524004,清洁打蜡工人（地板）,2
,,,01524006,汽车清洗、护理工,3
,,,01524008,汽车美容,3
,01525,供水、供热及生活燃料供应服务人员,01525001,供水生产工,3
,,,01525002,供水供应工,3
,,,01525003,生活燃料供应工,3
,,,01528003,会计人员,1
,,,01528006,公证员,1
,,,01528007,公证行外务员,2
,,,01529002,分拣员,3
,,,01529005,报关行外务员,2
,,,01530003,宠物美容师,3
,,,01530004,宠物健康护理人员,3
,01531,其他商业、服务业人员,01531001,其他商业、服务业人员,3
,,,01531002,代书(内勤),1
,,,01531003,经纪人(内勤),1
,,,01531004,速录师,1
,,,01531005,土地房屋买卖介绍人,2
,,,01531006,景观设计师,2
,,,01531007,钟表匠,1
,,,01531008,鞋匠、伞匠,2
,,,01531009,勘查师,2
,,,01531010,警卫人员(工厂、公司行号、大楼),3
,,,01531011,大楼管理员,1
,,,01531012,收费站、停车场收费人员,2
,,,01531013,加油站工作人员,2
,,,01531014,地磅场工作人员,2
,,,01531015,健身房教练,3
,,,01531016,健身房服务人员,2
,,,01531018,车辆保管人员,2
,,,01531020,勤杂工,3
,,,01531021,道路清洁工,3
,01532,家政管理,01532001,家政服务员,2
,,,01532002,家庭主妇,2
,,,01532003,儿童、非职业技术学校学生,2
,,,01532004,职业技术学校学生,3
,,,01532005,保姆,2
016安全保卫\消防,01601,人民警察,01601001,警务行政及内勤人员,1
,,,01601012,铁路警察,3
,,,01601013,警校学生,3
,,,01601014,警校教官,3
,,,01601015,警校文职教师,3
,,,01601017,安检人员,3
,,,01601019,监狱看守所管理人员,3
,,,01601020,情报、犯罪等信息调查人员(内勤不搜证),3
,,,01601023,行政执法人员,3
,,,01602003,门卫,3
,,,01602004,单位保卫科工作人员,3
,,,01602006,违禁品检查员,3
,,,01602008,工商、税务、海关、城管等特定国家行政执法人员,3
,,,01602009,治安调查人员,3
,,,01602013,抢险救援器材维修人员,3
,,,01602014,火险监督员\防火审核员,2
,,,01602015,物业管理人员,3
,,,01603003,防火员,2
,,,01603007,抢险救援器材工具调配工,3
,,,01603008,可燃气体（毒气）检测员、危险物品监督员,3
,,,01603009,火灾嘹望观察员（嘹望塔）,2
,01604,司法,01604001,人民法院负责人,1
,,,01604002,人民检察院负责人,1
,,,01604003,法官,1
,,,01604004,检察官,1
,,,01604005,律师,1
,,,01604006,公证员,1
,,,01604007,法医,2
,,,01604008,书记员,1
,,,01604009,商业犯罪调查处理人员,3
,01605,武装警察,01605001,武警总部行政及内勤人员,3
017军人,01701,现役军人,01701001,行政及内勤人员,1
,,,01701002,一般地面部队人员（非前线）,3
,,,01701004,军医院官兵（非前线）,1
,,,01701005,后勤补给及通讯地勤人员（非前线）,3
,,,01701006,军事研究单位纸上设计人员,1
,,,01701012,通勤之行政及内勤人员(国防部、三军总部、军校教官等),1
018计算机与互联网业,01801,计算机与互联网业,01801001,计算机硬件技术人员,2
,,,01801002,计算机软件技术人员,1
,,,01801003,计算机网络技术人员,1
,,,01801004,计算机系统分析技术人员,1
,,,01801005,维护工程师,2
,,,01801006,系统工程师,1
,,,01801007,运维支持工程师,2
,,,01801008,销售工程师,2
,,,01801009,计算机乐谱制作师,1
,,,01801010,数字视频合成师,1
,,,01801011,互联网业经营管理及服务人员,2
,,,01801012,计算机软件产品检验员,1
019职业运动员,01901,保龄球运动,01901001,教练员,2
,,,01901002,保龄球球员,2
,01902,桌球运动,01902001,教练员,2
,,,01902002,桌球球员,2
,01903,羽毛球运动,01903001,教练员,2
,,,01903002,羽毛球球员,2
,01904,游泳运动,01904001,教练员,2
,,,01904002,游泳队员,2
,,,01904003,花样游泳人员,2
,,,01904004,其他游泳人员,3
,01905,射箭运动,01905001,教练员,2
,,,01905002,射箭运动员,2
,01906,网球运动,01906001,教练员,2
,,,01906002,网球球员,2
,01907,垒球运动,01907001,教练员,2
,,,01907002,垒球球员,3
,01908,滑冰运动,01908001,教练员,2
,01910,民族体育运动(不含竞技性),01910001,教练员,2
,,,01910002,民族体育活动人员,2
,01911,举重运动,01911001,教练员,2
,,,01911002,举重运动员,3
,01912,篮球运动,01912001,教练员,2
,,,01912002,篮球运动员,3
,01913,排球运动,01913001,教练员,2
,,,01913002,排球运动员,3
,01914,棒球运动,01914001,教练员,2
,01915,田径运动,01915001,教练员,2
,,,01915002,田径运动员,3
,01916,体操运动,01916001,教练员,2
,,,01916002,体操运动员,3
,01920,划船运动,01920001,教练员,2
,,,01920002,驾乘人员,3
,01921,泛舟运动,01921001,教练员,3
,,,01921002,驾乘人员,3
,01922,巧固球运动,01922001,教练员,2
,,,01922002,巧固球球员,3
,01923,手球运动,01923001,教练员,2
,,,01923002,手球运动员,3
,01926,足球运动,01926001,教练员,2
,01927,曲棍球运动,01927001,教练员,2
,01928,冰上曲棍球运动,01928001,教练员,3
,01929,橄榄球,01929001,教练员,2
,01930,乒乓球运动,01930001,教练员,3
,,,01930002,乒乓球球员,3
,01931,击剑运动,01931001,教练员,2
,,,01931002,击剑运动员,3
,01932,水球运动,01932001,教练员,2
,,,01932002,水球球员,3
,01934,摔跤运动,01934001,教练员,3
,01936,自行车运动,01936001,教练员,2
,,,01936002,骑行人员,3
,01937,裁判人员,01937001,裁判人员,3
,01939,高尔夫球运动,01939001,教练员,1
,,,01939002,运动员,2
,,,01939003,球童,2
,01940,壁球,01940001,壁球人员,2
,,,01940002,教练,2
,01941,滑草,01941001,教练,3
,,,01941002,滑草人员,3
,01942,角力,01942001,教练,3
,01943,柔道,01943001,教练,3
,01944,空手道,01944001,教练,3
,01945,跆拳道,01945001,教练,3
,01946,武术,01946001,教练,3
020其他,02001,自由职业者和无业,02001001,学龄前儿童,1
,,,02001002,家族主妇、主夫,2
,,,02001003,离退休人员（无兼职）,1
,,,02001004,自由投资者,3
,,,02001005,待业人员、下岗人员,2
,,,02001006,自由职业人员,3
,02002,个体经营,02002001,个体经营与商贩（有固定摊位）,3
,,,02002003,私营企业主(不亲自作业),1
