生命人寿职业代码（第三版）,,,,,,,,,,,,,,,,,,
,,,,,,,,,,,,,,,,,,
行业,,,,,,职业,,,,,代码,,意外险,,,寿险,,豁免
一般职业01,机关团体公司011,,,,内勤人员,,,,,,11001,,1,,,标准,,1
,,,,,外勤人员,,,,,,11002,,2,,,标准,,1
,,,,,企、事业单位负责人,,,,,,11003,,1,,,标准,,1
,,,,,私营企业主(不亲自作业),,,,,,11004,,1,,,标准,,1
,,,,,企、事业单位部门经理\主管(不亲自作业),,,,,,11005,,1,,,标准,,1
,,,,,村委会、居委会人员,,,,,,11006,,2,,,标准,,1
,,,,,工商、税务、城管人员,,,,,,11007,,3,,,标准,,1
农牧业02,农业021,,,,农场经营者(不亲自作业),,,,,,21001,,1,,,标准,,1
,,,,,农民,,,,,,21002,,2,,,标准,,1
,,,,,农业雇工,,,,,,21003,,3,,,标准,,1
,,,,,果农,,,,,,21004,,3,,,标准,,1
,,,,,苗圃、花圃栽培人员,,,,,,21005,,2,,,标准,,1
,,,,,饲养家禽家畜人员,,,,,,21006,,2,,,标准,,1
,,,,,农业技师,,,,,,21007,,2,,,标准,,1
,,,,,农业机械的操作或维修人员,,,,,,21008,,3,,,标准,,1
,,,,,农具商,,,,,,21009,,2,,,标准,,1
,,,,,昆虫饲养人员,,,,,,21010,,3,,,标准,,1
,,,,,茶农、桑农,,,,,,21011,,3,,,标准,,1
,,,,,农业实验人员,,,,,,21012,,2,,,标准,,1
,,,,,农情测报人员,,,,,,21013,,2,,,标准,,1
,,,,,天然橡胶、剑麻种植工人,,,,,,21014,,2,,,标准,,1
,,,,,割胶工人,,,,,,21015,,3,,,标准,,1
,,,,,采茶工人,,,,,,21016,,3,,,标准,,1
,,,,,茶叶、蔬菜加工人员,,,,,,21017,,2,,,标准,,1
,,,,,竹、藤、麻、棕、草制品加工人员,,,,,,21018,,3,,,标准,,1
,,,,,特种植物原料加工人员,,,,,,21019,,3,,,标准,,1
,,,,,棉花加工工人,,,,,,21020,,4,,,标准,,1
,,,,,果类产品加工工人,,,,,,21021,,3,,,标准,,1
,,,,,山核桃采摘人员,,,,,,21022,,5,,,25,,1.5
,,,,,沼气生产管理人员,,,,,,21023,,2,,,标准,,1
,,,,,沼气工程施工人员,,,,,,21024,,5,,,25,,1.5
,,,,,沼气装备安装、调试、检修人员,,,,,,21025,,4,,,标准,,1
,,,,,农用太阳能设施人员,,,,,,21026,,4,,,标准,,1
,,,,,农作物种子加工人员,,,,,,21027,,2,,,标准,,1
,,,,,中草药种植人员,,,,,,21028,,2,,,标准,,1
,,,,,中草药采摘人员,,,,,,21029,,4,,,标准,,1
,牧业022,,,,畜牧经营者(不亲自作业),,,,,,22001,,1,,,标准,,1
,,,,,畜牧工作人员,,,,,,22002,,3,,,标准,,1
,,,,,兽医,,,,,,22003,,3,,,标准,,1
,,,,,家畜饲养人员,,,,,,22004,,3,,,标准,,1
,,,,,家禽饲养人员,,,,,,22005,,3,,,标准,,1
,,,,,牧草培育、加工人员,,,,,,22006,,3,,,标准,,1
,,,,,宠物训导师,,,,,,22007,,3,,,标准,,1
,,,,,特种养殖（蛇、鳄鱼、蝎等）,,,,,,22008,,6,,,50,,1.5
,,,,,昆虫（蜜蜂）饲养人员,,,,,,22009,,3,,,标准,,1
,,,,,观赏动物饲养人员,,,,,,22010,,3,,,标准,,1
,,,,,实验动物饲养人员,,,,,,22011,,2,,,标准,,1
,,,,,动物检疫、检验人员,,,,,,22012,,2,,,标准,,1
,,,,,训犬人员,,,,,,22013,,4,,,标准,,1
渔业03,内陆渔业031,,,,渔场经营者(不亲自作业),,,,,,31001,,1,,,标准,,1
,,,,,渔场经营者(亲自作业),,,,,,31002,,3,,,标准,,1
,,,,,养殖工人(内陆),,,,,,31003,,3,,,标准,,1
,,,,,养殖工人(沿海),,,,,,31004,,5,,,标准,,1
,,,,,水族馆经营者,,,,,,31005,,2,,,标准,,1
,,,,,捕鱼人(内陆),,,,,,31006,,4,,,标准,,1
,,,,,捕鱼人(沿海),,,,,,31007,,拒保,,,50,,拒保
,,,,,水产试验人员(室内),,,,,,31008,,1,,,标准,,1
,海上渔业032,,,,远洋渔船船员,,,,,,32001,,拒保,,,50,,拒保
,,,,,近海渔船船员,,,,,,32002,,拒保,,,50,,拒保
,水产公司033,,,,经理(不亲自作业),,,,,,33001,,1,,,标准,,1
,,,,,营业员,,,,,,33002,,2,,,标准,,1
,,,,,搬运人员,,,,,,33003,,5,,,标准,,1
木材、森林业04,森林砍伐业041,,,,领班、监工,,,,,,41001,,4,,,25,,1.5
,,,,,伐木工人,,,,,,41002,,6,,,25,,2
,,,,,锯木工人,,,,,,41003,,6,,,25,,2
,,,,,运材车辆司机及押运人员,,,,,,41004,,6,,,25,,2
,,,,,起重机操作人员,,,,,,41005,,6,,,25,,2
,,,,,装运工人、挂钩工人,,,,,,41006,,6,,,25,,2
,,,,,相关行政内勤管理人员,,,,,,41007,,2,,,标准,,1
木材加工业05,木材加工业051,,,,领班,,,,,,51001,,2,,,标准,,1
,,,,,分级员,,,,,,51002,,3,,,标准,,1
,,,,,检查员,,,,,,51003,,3,,,标准,,1
,,,,,标记员,,,,,,51004,,3,,,标准,,1
,,,,,磅秤员,,,,,,51005,,4,,,标准,,1
,,,,,锯木工人,,,,,,51006,,6,,,50,,2
,,,,,防腐剂工人,,,,,,51007,,6,,,50,,2
,,,,,木材储藏槽工人,,,,,,51008,,5,,,25,,1
,,,,,木材搬运工人,,,,,,51009,,5,,,25,,1
,,,,,吊车操作人员,,,,,,51010,,3,,,25,,1
,,,,,胶合板制造工人,,,,,,51011,,4,,,25,,1
,,,,,仓库管理员,,,,,,51012,,5,,,标准,,1
,,,,,木材供应站管理人员,,,,,,51013,,2,,,标准,,1
,,,,,木材供应站营业员,,,,,,51014,,3,,,标准,,1
,,,,,木材干燥工人,,,,,,51015,,4,,,标准,,1
,,,,,纤维板制造工人,,,,,,51016,,4,,,25,,1
,,,,,刨花板制造工人,,,,,,51017,,4,,,25,,1
,,,,,人造板制胶工人,,,,,,51018,,3,,,标准,,1
,,,,,装饰层压板工人,,,,,,51019,,4,,,25,,1
,,,,,人造板饰面工人,,,,,,51020,,4,,,25,,1
,造林业052,,,,领班,,,,,,52001,,3,,,标准,,1
,,,,,山地造林工人,,,,,,52002,,4,,,标准,,1
,,,,,山地管理人员,,,,,,52003,,4,,,标准,,1
,,,,,森林防火人员,,,,,,52004,,拒保,,,25,,1.5
,,,,,平地育苗工人,,,,,,52005,,2,,,标准,,1
,,,,,实验室育苗栽培人员,,,,,,52006,,1,,,标准,,1
矿业、开采业06,坑道内作业061,,,,,矿工,,,,,61001,,拒保,,,75,,拒保
,坑道外作业062,,,,经营者(不到现场),,,,,,62001,,1,,,标准,,1
,,,,,经营者(现场监督者),,,,,,62002,,4,,,标准,,1
,,,,,经理人员,,,,,,62003,,2,,,标准,,1
,,,,,经理人员（现场监督员）,,,,,,62004,,4,,,标准,,1
,,,,,行政内勤人员,,,,,,62005,,2,,,标准,,1
,,,,,工程师、技师、领班,,,,,,62006,,5,,,25,,1
,,,,,工人,,,,,,62007,,6,,,25,,2
,,,,,工矿安全人员,,,,,,62008,,5,,,标准,,1
,海上作业063,,,,,所有作业人员（含潜水人员）,,,,,63001,,拒保,,,50,,拒保
,采矿石业064,,,,采石业工人,,,,,,64001,,5,,,25,,1.5
,,,,,采矿业工人,,,,,,64002,,5,,,25,,1.5
,,,,,采砂业工人,,,,,,64003,,5,,,25,,1.5
,陆上油矿开采业065,,,,,工程师,,,,,65001,,3,,,标准,,1
,,,,,技术员,,,,,,65002,,6,,,25,,2
,,,,,油气井清洁保养修护工,,,,,,65003,,6,,,25,,2
,,,,,钻勘设备安装换修保养工,,,,,,65004,,6,,,25,,2
,,,,,钻油井工人,,,,,,65005,,6,,,25,,2
,,,,,相关行政内勤管理人员,,,,,,65006,,2,,,标准,,1
,,,,,钻井设备、井架安装工人,,,,,,65007,,5,,,25,,2
,,,,,油气井测试工人,,,,,,65008,,5,,,25,,2
,,,,,采油、气工人,,,,,,65009,,5,,,25,,2
,,,,,井下作业工人,,,,,,65010,,拒保,,,拒保,,拒保
,,,,,天然气净化工人,,,,,,65011,,3,,,标准,,1
,,,,,油气输送工人,,,,,,65012,,3,,,标准,,1
,,,,,油气管道保护工人,,,,,,65013,,5,,,25,,1.5
,,,,,采油化验工,,,,,,65014,,3,,,标准,,1
,,,,,综合录井工,,,,,,65015,,3,,,标准,,1
,,,,,气测工,,,,,,65016,,3,,,标准,,1
,,,,,注水员,,,,,,65017,,3,,,标准,,1
,盐业066,,,,海盐晒制工,,,,,,66001,,3,,,标准,,1
,,,,,海盐采收工,,,,,,66002,,2,,,标准,,1
,,,,,湖盐采掘船工,,,,,,66003,,6,,,50,,1.5
,,,,,湖盐采掘爆破工,,,,,,66004,,拒保,,,拒保,,拒保
,,,,,湖盐脱水工,,,,,,66005,,3,,,标准,,1
,,,,,驳筑、集拆驼盐工,,,,,,66006,,3,,,标准,,1
,,,,,井矿盐采卤工人,,,,,,66007,,3,,,标准,,1
,,,,,井矿盐卤水净化工人,,,,,,66008,,3,,,标准,,1
,,,,,真空制盐工人,,,,,,66009,,3,,,标准,,1
,,,,,冷冻提硝工人,,,,,,66010,,3,,,标准,,1
,,,,,苦卤综合利用工人,,,,,,66011,,3,,,标准,,1
,,,,,精制盐工人,,,,,,66012,,3,,,标准,,1
交通运输业07,陆运071,,,,出租车、货运车公司负责人(不参与驾驶),,,,,,71001,,1,,,标准,,1
,,,,,外务员,,,,,,71002,,2,,,标准,,1
,,,,,内勤工作人员,,,,,,71003,,1,,,标准,,1
,,,,,自用小车司机,,,,,,71004,,3,,,标准,,1
,,,,,自用小客车司机（11座以内）,,,,,,71005,,3,,,标准,,1
,,,,,自用大客车司机,,,,,,71006,,4,,,标准,,1
,,,,,出租车司机,,,,,,71007,,4,,,标准,,1
,,,,,游览车、客运车司机及服务员,,,,,,71008,,4,,,标准,,1
,,,,,小型自用客货两用车司机,,,,,,71009,,4,,,标准,,1
,,,,,小型自用货车司机、随车工人,,,,,,71010,,4,,,标准,,1
,,,,,救护车司机,,,,,,71011,,4,,,标准,,1
,,,,,殡葬车司机,,,,,,71012,,4,,,标准,,1
,,,,,人力三轮车夫,,,,,,71013,,3,,,标准,,1
,,,,,拖拉机（手扶）驾驶员,,,,,,71014,,6,,,25,,2
,,,,,拖拉机（方向盘）驾驶员,,,,,,71015,,5,,,标准,,1
,,,,,机动三轮车夫,,,,,,71016,,6,,,25,,2
,,,,,柜台售票员,,,,,,71017,,1,,,标准,,1
,,,,,客运车稽核人员,,,,,,71018,,2,,,标准,,1
,,,,,营业用货车司机及随车工人(4吨以上),,,,,,71019,,6,,,标准,,1.5
,,,,,营业用货车司机及随车工人(4吨或以下),,,,,,71020,,5,,,标准,,1
,,,,,搬运工人,,,,,,71021,,6,,,25,,2
,,,砂石车司机、随车工人,,,,,,71022,,6,,25,,,2,,
,,,工程卡车司机、随车工人,,,,,,71023,,6,,25,,,2,,
,,,液化、气化油罐车司机、随车工人,,,,,,71024,,拒保,,25,,,拒保,,
,,,货柜车司机、随车工人,,,,,,71025,,5,,标准,,,2,,
,,,缆车操作员,,,,,,71026,,3,,标准,,,1,,
,,,中巴、小巴司机及售票员,,,,,,71027,,3,,标准,,,1,,
,,,公共汽车司机及售票员,,,,,,71028,,3,,标准,,,1,,
,,,营业用摩托车驾驶员,,,,,,71029,,5,,25,,,2,,
铁路、地铁072,,,站长,,,,,,72001,,1,,标准,,,1,,
,,,票房工作人员,,,,,,72002,,1,,标准,,,1,,
,,,播音员,,,,,,72003,,1,,标准,,,1,,
,,,一般内勤人员,,,,,,72004,,1,,标准,,,1,,
,,,车站检票员,,,,,,72005,,1,,标准,,,1,,
,,,服务台人员,,,,,,72006,,1,,标准,,,1,,
,,,月台工作人员,,,,,,72007,,2,,标准,,,1,,
,,,行李搬运工人,,,,,,72008,,3,,标准,,,1,,
,,,车站清洁工人,,,,,,72009,,3,,标准,,,1,,
,,,随车人员(技术人员除外),,,,,,72010,,2,,标准,,,1,,
,,,驾驶员,,,,,,72011,,3,,标准,,,1,,
,,,燃料填充员,,,,,,72012,,3,,标准,,,1,,
,,,机工,,,,,,72013,,4,,标准,,,1,,
,,,电工,,,,,,72014,,4,,标准,,,1,,
,,,修设厂厂长,,,,,,72015,,1,,标准,,,1,,
,,,修设厂一般内勤人员,,,,,,72016,,1,,标准,,,1,,
,,,修设厂工程师,,,,,,72017,,2,,标准,,,1,,
,,,修设厂技工,,,,,,72018,,4,,标准,,,1,,
,,,修路工,,,,,,72019,,4,,25,,,1.5,,
,,,铁路维修工,,,,,,72020,,4,,25,,,1.5,,
,,,平交道看守人员,,,,,,72021,,2,,标准,,,1,,
,,,铁路货运领班,,,,,,72022,,3,,标准,,,1,,
,,,铁路货运搬运工人,,,,,,72023,,4,,标准,,,1.5,,
,,,仓库管理员,,,,,,72024,,3,,标准,,,1,,
,,,火车乘警,,,,,,72025,,5,,标准,,,1,,
,,,发电车乘务员,,,,,,72026,,3,,标准,,,1,,
,,,铁路信号工人,,,,,,72027,,4,,标准,,,1,,
,,,铁路通讯工人,,,,,,72028,,4,,标准,,,1,,
航运073,,,1)客货轮、游览船、小汽艇一般工作人员,,,,,,73001,,5,,50,,,2,,
,,,2)港口作业,,,,,,,,,,,,,,,
,,,2)港口作业-码头工人及领班(陆上作业),,,,,,73002,,5,,25,,,1,,
,,,2)港口作业-码头工人及领班(上船作业),,,,,,73003,,6,,25,,,2,,
,,,2)港口作业-堆高机操作员,,,,,,73004,,5,,标准,,,1,,
,,,2)港口作业-吊车（平吊、龙门吊）操作人员,,,,,,73005,,5,,标准,,,1,,
,,,2)港口作业-吊车（塔吊）操作人员,,,,,,73006,,拒保,,50,,,拒保,,
,,,2)港口作业-仓库管理员,,,,,,73007,,3,,标准,,,1,,
,,,2)港口作业-领航员、引水员,,,,,,73008,,4,,标准,,,1,,
,,,2)港口作业-关务人员,,,,,,73009,,2,,标准,,,1,,
,,,2)港口作业-稽查人员,,,,,,73010,,6,,25,,,1.5,,
,,,2)港口作业-缉私人员,,,,,,73011,,拒保,,50,,,2,,
,,,2)港口作业-拖船和渡轮驾驶员及工作人员,,,,,,73012,,5,,25,,,1.5,,
,,,3)救难船员,,,,,,73013,,拒保,,50,,,拒保,,
,,,4)垃圾船工作人员,,,,,,73014,,拒保,,标准,,,拒保,,
,,,5)客货轮船长,,,,,,73015,,6,,50,,,2,,
,,,轮机长,,,,,,73016,,6,,50,,,2,,
,,,大副,,,,,,73017,,6,,50,,,2,,
,,,二副,,,,,,73018,,6,,50,,,2,,
,,,事务长,,,,,,73019,,6,,50,,,2,,
,,,医务人员,,,,,,73020,,6,,50,,,2,,
,,,报务员,,,,,,73021,,6,,50,,,2,,
,,,水手长,,,,,,73022,,6,,50,,,2,,
空运074,,,1)机场,,,,,,,,,,,,,,,
空运074,,,1)机场-站长,,,,,,74001,,1,,标准,,,1,,
,,,1)机场-播音员,,,,,,74002,,1,,标准,,,1,,
,,,1)机场-服务室人员,,,,,,74003,,1,,标准,,,1,,
,,,1)机场-一般内勤人员,,,,,,74004,,1,,标准,,,1,,
,,,1)机场-塔室工作人员,,,,,,74005,,1,,标准,,,1,,
,,,1)机场-关务人员、检查人员、运务人员,,,,,,74006,,1,,标准,,,1,,
,,,1)机场-缉私人员,,,,,,74007,,2,,标准,,,1,,
,,,1)机场-清洁工人,,,,,,74008,,2,,标准,,,1,,
,,,1)机场-机场内交通车司机,,,,,,74009,,3,,标准,,,1,,
,,,1)机场-行李货运搬运员,,,,,,74010,,3,,标准,,,1,,
,,,1)机场-加添燃料员,,,,,,74011,,4,,标准,,,1,,
,,,1)机场-飞机洗涮人员,,,,,,74012,,5,,标准,,,1,,
,,,1)机场-清洁工(高墙或天花板但不超过2层楼高),,,,,,74013,,5,,标准,,,1,,
,,,1)机场-清洁工(高空作业),,,,,,74014,,拒保,,拒保,,,拒保,,
,,,1)机场-跑道维修工,,,,,,74015,,4,,标准,,,1,,
,,,1)机场-机械员,,,,,,74016,,4,,标准,,,1,,
,,,1)机场-飞机维修人员,,,,,,74017,,4,,标准,,,1,,
,,,1)机场-灯塔修理员,,,,,,74018,,6,,25,,,2,,
,,,2)航空公司,,,,,,,,,,,,,,,
,,,2)航空公司-办事处人员,,,,,,74019,,1,,标准,,,1,,
,,,2)航空公司-票务人员,,,,,,74020,,1,,标准,,,1,,
,,,2)航空公司-机场柜台人员,,,,,,74021,,1,,标准,,,1,,
,,,,,2)航空公司-清仓员,,,,,,74022,,2,,,标准,,1
,,,,,3)航空货运,,,,,,,,,,,,,
,,,,,3)航空货运-一般内勤人员,,,,,,74023,,1,,,标准,,1
,,,,,3)航空货运-运报关、外务人员,,,,,,74024,,2,,,标准,,1
,,,,,3)航空货运-理货员,,,,,,74025,,3,,,标准,,1
,,,,,4)空勤人员,,,,,,,,,,,,,
,,,,,4)空勤人员-民航机飞行人员,,,,,,74026,,5,,,25,,1.5
,,,,,4)空勤人员-机上服务员,,,,,,74027,,5,,,25,,1.5
,,,,,4)空勤人员-直升机飞行员,,,,,,74028,,6,,,个案,,拒保
,,,,,4)空勤人员-航空公司飞行训练教官及学员,,,,,,74029,,拒保,,,25,,拒保
餐旅业08,旅游业081,,,,一般内勤人员,,,,,,81001,,1,,,标准,,1
,,,,,外务员及导游,,,,,,81002,,2,,,标准,,1
,旅馆业082,,,,经理人员,,,,,,82001,,1,,,标准,,1
,,,,,一般内勤服务人员,,,,,,82002,,1,,,标准,,1
,,,,,外务员,,,,,,82003,,2,,,标准,,1
,,,,,技工、修理工(非室外高空作业),,,,,,82004,,4,,,标准,,1
,,,,,技工、修理工(室外高空作业),,,,,,82005,,拒保,,,50,,2
,,,,,客房服务员,,,,,,82006,,2,,,标准,,1
,,,,,清洁工,,,,,,82007,,3,,,标准,,1
,,,,,锅炉工(全自动),,,,,,82008,,5,,,标准,,1
,,,,,锅炉工(非全自动),,,,,,82009,,6,,,25,,1.5
,餐饮业083,,,,经理人员,,,,,,83001,,1,,,标准,,1
,,,,,一般内勤人员,,,,,,83002,,1,,,标准,,1
,,,,,柜台人员、收银员,,,,,,83003,,1,,,标准,,1
,,,,,收帐员,,,,,,83004,,2,,,标准,,1
,,,,,采购人员,,,,,,83005,,2,,,标准,,1
,,,,,厨师(宾馆),,,,,,83006,,3,,,标准,,1
,,,,,点心师,,,,,,83007,,3,,,标准,,1
,,,,,服务人员、领班,,,,,,83008,,2,,,标准,,1
,,,,,厨师(一般饭店酒楼),,,,,,83009,,4,,,标准,,1
,,,,,厨房杂工,,,,,,83010,,3,,,标准,,1
,,,,,餐具清洗保管员,,,,,,83011,,2,,,标准,,1
,,,,,调酒师,,,,,,83012,,1,,,标准,,1
,,,,,外务员,,,,,,83013,,2,,,标准,,1
建筑工程业09,建筑公司091(土木工程),,,,经理人员(非现场者),,,,,,91001,,1,,,标准,,1
,,,,,经理人员(不亲自作业、偶至现场指导),,,,,,91002,,2,,,标准,,1
,,,,,建筑师,,,,,,91003,,1,,,标准,,1
,,,,,制图员,,,,,,91004,,1,,,标准,,1
,,,,,行政内勤人员,,,,,,91005,,1,,,标准,,1
,,,测量员,,,,,,91006,,3,,标准,,,1,,
,,,工程师,,,,,,91007,,3,,标准,,,1,,
,,,监工,,,,,,91008,,3,,标准,,,1,,
,,,业务员,,,,,,91009,,3,,标准,,,1,,
,,,引导参观工地服务人员,,,,,,91010,,3,,标准,,,1,,
,,,承包单位工程负责人员（非现场工作）,,,,,,91011,,3,,标准,,,1,,
,,,建筑工人,,,,,,,,,,,,,,,
,,,建筑工人-领班,,,,,,91012,,4,,标准,,,1,,
,,,建筑工人-模板工,,,,,,91013,,5,,标准,,,1,,
,,,建筑工人-木匠,,,,,,91014,,5,,标准,,,1,,
,,,建筑工人-泥水匠,,,,,,91015,,5,,标准,,,1,,
,,,建筑工人-混凝土混合机操作员,,,,,,91016,,5,,标准,,,1,,
,,,建筑工人-油漆工,,,,,,91017,,5,,50,,,1.5,,
,,,建筑工人-水电工,,,,,,91018,,4,,标准,,,1,,
,,,建筑工人-钢骨结构工人,,,,,,91019,,拒保,,25,,,2,,
,,,建筑工人-脚手架设工人,,,,,,91020,,拒保,,25,,,2,,
,,,建筑工人-焊工,,,,,,91021,,拒保,,25,,,2,,
,,,建筑工人-建筑工程车辆驾驶员,,,,,,91022,,5,,25,,,2,,
,,,建筑工人-建筑工程车辆机械操作员,,,,,,91023,,5,,25,,,2,,
,,,建筑工人-磨石工人,,,,,,91024,,4,,50,,,1.5,,
,,,建筑工人-洗石工人,,,,,,91025,,4,,50,,,1.5,,
,,,建筑工人-石棉瓦或浪板安装工人,,,,,,91026,,4,,25,,,1.5,,
,,,建筑工人-铝门窗装修人员,,,,,,91027,,5,,25,,,1.5,,
,,,建筑工人-防水、排水工程员,,,,,,91028,,4,,标准,,,1.5,,
,,,仓库管理员,,,,,,91029,,4,,标准,,,1,,
,,,短工,,,,,,91030,,拒保,,拒保,,,拒保,,
,,,楼宇拆除工人,,,,,,91031,,拒保,,拒保,,,拒保,,
建筑物维修及管理091,,,内勤,,,,,,91032,,1,,标准,,,1,,
,,,外勤,,,,,,91033,,2,,标准,,,1,,
,,,安装工人,,,,,,91034,,4,,标准,,,1,,
铁路道路铺设092,,,工程师,,,,,,92001,,3,,标准,,,1,,
,,,领班、监工,,,,,,92002,,3,,标准,,,1,,
,,,道路工程机械操作员,,,,,,92003,,5,,25,,,1,,
,,,道路工程车辆驾驶员,,,,,,92004,,5,,标准,,,1,,
,,,山地铺设工人,,,,,,92005,,拒保,,25,,,1.5,,
,,,平地铺设工人,,,,,,92006,,5,,标准,,,1,,
,,,维护工人,,,,,,92007,,5,,标准,,,1,,
,,,电线架设及维护工人,,,,,,92008,,拒保,,25,,,1.5,,
,,,管道铺设机维护工人,,,,,,92009,,5,,标准,,,1,,
,,,高速公路工程人员(含美化工程),,,,,,92010,,6,,25,,,1.5,,
造修船业093,,,,工程师,,,,,93001,,3,,标准,,,1,,
,"电梯,升降梯094",,,,领班、监工,,,,,,93002,,4,,,标准,,1
,,,,,工人,,,,,,93003,,6,,,25,,1.5
,,,,,行政内勤人员,,,,,,93004,,1,,,标准,,1
,,,,,拆船工人,,,,,,93005,,6,,,25,,1.5
,,,,,修理及维护工人(非高空作业),,,,,,94001,,5,,,标准,,1
,,,,,"安装,修理及维护工人(高空作业)",,,,,,94002,,6,,,50,,2
,,,,,操作员(非矿场作业),,,,,,94003,,2,,,标准,,1
,装潢业095,,,,设计制图人员,,,,,,95001,,1,,,标准,,1
,,,,,地毯铺置人员,,,,,,95002,,2,,,标准,,1
,,,,,室内装潢人员（如下）,,,,,,,,,,,,,
,,,,,室内装潢人员-木工,,,,,,95003,,4,,,标准,,1
,,,,,室内装潢人员-水电工,,,,,,95004,,4,,,标准,,1
,,,,,室内装潢人员-泥水匠,,,,,,95005,,4,,,标准,,1
,,,,,室内装潢人员-油漆工,,,,,,95006,,4,,,25,,1
,,,,,室内装潢人员-门窗安装工,,,,,,95007,,4,,,标准,,1
,,,,,室外装潢人员(非高空作业),,,,,,95008,,5,,,标准,,1
,,,,,室外装潢人员(高空作业),,,,,,95009,,拒保,,,50,,2
,,,,,承包商、监工,,,,,,95010,,2,,,标准,,1
,,,,,墙纸粘贴工,,,,,,95011,,4,,,标准,,1
,其他096,,,,地质探测员(山区、海上),,,,,,96001,,拒保,,,75,,2
,,,,,地质探测员(平地，不包括建筑工地),,,,,,96002,,3,,,标准,,1
,,,,,工地看守员,,,,,,96003,,5,,,标准,,1
,,,,,海湾港口工程人员,,,,,,96004,,6,,,50,,2
,,,,,水利、桥梁、隧道工程人员,,,,,,96005,,拒保,,,50,,拒保
,,,,,潜水、爆破工作人员,,,,,,96006,,拒保,,,75,,拒保
,,,,,挖泥船工人,,,,,,96007,,拒保,,,50,,拒保
制造业10,钢铁厂101,,,,"经理人员(不至现场者,仅内勤管理)",,,,,,101001,,1,,,标准,,1
,,,,,"经理人员(不亲自作业,偶至现场指导)",,,,,,101002,,2,,,标准,,1
,,,,,技师,,,,,,101003,,4,,,标准,,1
,,,,,工程师,,,,,,101004,,3,,,标准,,1
,,,,,领班、监工,,,,,,101005,,4,,,标准,,1
,,,,,工人,,,,,,101006,,6,,,25,,1.5
,,,,,车间统计员、车间主任,,,,,,101007,,2,,,标准,,1
,,,,,仓库管理员,,,,,,101008,,5,,,标准,,1
,,,,,检验员,,,,,,101009,,4,,,标准,,1
,,,,,搬运工人,,,,,,101010,,拒保,,,25,,1.5
,,,,,炼铁,,,,,,,,,,,,,
,,,,,炼铁-冶炼风机工人,,,,,,101011,,3,,,标准,,1
,,,,,炼铁-烧结球团原料工人,,,,,,101012,,4,,,标准,,1
,,,,,炼铁-烧结工人,,,,,,101013,,4,,,标准,,1
,,,,,炼铁-球团焙烧工人,,,,,,101014,,4,,,标准,,1
炼铁-绕结成品工人,,,,,,,101015,4,,标准,,1,,,,,,
炼铁-高炉原料工人,,,,,,,101016,5,,25,,1.5,,,,,,
炼铁-高炉炉前工人,,,,,,,101017,拒保,,拒保,,拒保,,,,,,
炼铁-高炉运转工人,,,,,,,101018,5,,25,,1.5,,,,,,
炼钢,,,,,,,,,,,,,,,,,,
炼钢-炼钢原料工人,,,,,,,101019,6,,50,,2,,,,,,
炼钢-平炉炼钢工人,,,,,,,101020,6,,50,,2,,,,,,
炼钢-转炉炼钢工人,,,,,,,101021,6,,50,,2,,,,,,
炼钢-电炉炼钢工人,,,,,,,101022,6,,50,,2,,,,,,
炼钢-炼钢浇铸工人,,,,,,,101023,6,,50,,2,,,,,,
炼钢-炼钢准备工人,,,,,,,101024,5,,25,,1.5,,,,,,
炼钢-整脱模工人,,,,,,,101025,5,,25,,1.5,,,,,,
铁合金冶炼,,,,,,,,,,,,,,,,,,
铁合金冶炼-铁合金原料工人,,,,,,,101026,3,,标准,,1,,,,,,
铁合金冶炼-铁合金电炉治炼工人,,,,,,,101027,5,,25,,1.5,,,,,,
铁合金冶炼-铁合金焙烧工人,,,,,,,101028,4,,标准,,1,,,,,,
铁合金冶炼-铁合金湿法治炼工人,,,,,,,101029,4,,标准,,1,,,,,,
铁合金冶炼-铁合金炉外法治炼工人,,,,,,,101030,4,,标准,,1,,,,,,
重有色金属冶炼,,,,,,,,,,,,,,,,,,
重有色金属冶炼-重冶备料工人,,,,,,,101031,4,,标准,,1,,,,,,
重有色金属冶炼-焙烧工人,,,,,,,101032,4,,标准,,1,,,,,,
重有色金属冶炼-火法冶炼工人,,,,,,,101033,5,,25,,1.5,,,,,,
重有色金属冶炼-湿法冶炼钢工人,,,,,,,101034,4,,标准,,1,,,,,,
重有色金属冶炼-电解精炼工人,,,,,,,101035,4,,标准,,1,,,,,,
重有色金属冶炼-烟气制酸工人,,,,,,,101036,5,,25,,1.5,,,,,,
重有色金属冶炼-氧化铝制取工人,,,,,,,101037,4,,标准,,1,,,,,,
重有色金属冶炼-铝电解工人,,,,,,,101038,4,,标准,,1,,,,,,
重有色金属冶炼-,,,,,,,101039,4,,标准,,1,,,,,,
重有色金属冶炼-硅冶炼工人,,,,,,,101040,4,,标准,,1,,,,,,
稀贵金属冶炼,,,,,,,,,,,,,,,,,,
稀贵金属冶炼-钨\钽\钛等稀贵金属冶炼工人,,,,,,,101041,4,,标准,,1,,,,,,
稀贵金属冶炼半导体材料制造人员,,,,,,,101042,4,,标准,,1,,,,,,
金属轧制,,,,,,,,,,,,,,,,,,
金属轧制-轧制原料工人,,,,,,,101043,4,,标准,,1,,,,,,
金属轧制-金属轧制工人,,,,,,,101044,5,,25,,1.5,,,,,,
金属轧制-酸洗工人,,,,,,,101045,5,,25,,1.5,,,,,,
金属轧制-金属材料涂层工人,,,,,,,101046,4,,标准,,1,,,,,,
金属轧制-金属材料热处理工人,,,,,,,101047,5,,25,,1.5,,,,,,
金属轧制-焊管工人,,,,,,,101048,6,,50,,2,,,,,,
金属轧制-精整工人,,,,,,,101049,5,,25,,1.5,,,,,,
金属轧制-金属材料丝拉拔工人,,,,,,,101050,5,,25,,1.5,,,,,,
金属轧制-金属挤压工人,,,,,,,101051,5,,25,,1.5,,,,,,
,,,金属轧制-铸轧工人,,,,,,101052,,5,,25,,,1.5,,
,,,金属轧制-钢丝绳制造工人,,,,,,101053,,4,,标准,,,1,,
,,,铸铁管生产,,,,,,,,,,,,,,,
,,,铸铁管生产-铸管备品工人,,,,,,101054,,3,,标准,,,1,,
,,,铸铁管生产-铸管工人,,,,,,101055,,5,,25,,,1.5,,
,,,铸铁管生产-铸管精修工人,,,,,,101056,,5,,25,,,1.5,,
,,,硬质合金生产,,,,,,,,,,,,,,,
,,,硬质合金生产-硬质合金混合料制备工人,,,,,,101057,,4,,标准,,,1,,
,,,硬质合金生产-硬质合金成型工人,,,,,,101058,,5,,25,,,1.5,,
,,,硬质合金生产-硬质合金烧结工人,,,,,,101059,,4,,标准,,,1,,
,,,硬质合金生产-硬质合金精加工工人,,,,,,101060,,4,,标准,,,1,,
,,,碳素制品生产,,,,,,,,,,,,,,,
,,,碳素制品生产-碳素制品生产人员,,,,,,101061,,4,,标准,,,1,,
机械厂111,,,"经理人员(不至现场,仅内勤管理)",,,,,,111001,,1,,标准,,,1,,
,,,"经理人员(不亲自作业,偶至现场指导)",,,,,,111002,,2,,标准,,,1,,
,,,领班,,,,,,111003,,3,,标准,,,1,,
,,,板金工,,,,,,111004,,5,,标准,,,1,,
,,,装配工,,,,,,111005,,5,,标准,,,1,,
,,,焊接工,,,,,,111006,,6,,25,,,1.5,,
,,,搬运工人,,,,,,111007,,6,,25,,,1.5,,
,,,车床工(全自动),,,,,,111008,,5,,标准,,,1,,
,,,车床工(其他),,,,,,111009,,6,,25,,,1.5,,
,,,铸造工,,,,,,111010,,6,,25,,,1.5,,
,,,铅字铸造工,,,,,,111011,,5,,标准,,,1,,
,,,锅炉工,,,,,,111012,,6,,25,,,1.5,,
,,,水电工,,,,,,111013,,4,,标准,,,1,,
,,,电镀工,,,,,,111014,,5,,标准,,,1,,
,,,铣床工,,,,,,111015,,6,,25,,,1.5,,
,,,剪床工,,,,,,111016,,6,,25,,,1,,
,,,冲床工,,,,,,111017,,6,,25,,,1.5,,
,,,机修工,,,,,,111018,,5,,标准,,,1,,
,,,仓库管理员,,,,,,111019,,5,,标准,,,1,,
,,,行政内勤人,,,,,,111020,,1,,标准,,,1,,
,,,模具设计人,,,,,,111021,,2,,标准,,,1,,
,,,钳工,,,,,,111022,,4,,标准,,,1,,
,,,钻床工,,,,,,111023,,6,,25,,,1.5,,
,,,铲车工,,,,,,111024,,4,,标准,,,1,,
,,,行车司机,,,,,,111025,,5,,标准,,,1,,
,,,行车指挥员,,,,,,111026,,5,,25,,,1.5,,
电子业121,,,行政内勤人员,,,,,,121001,,1,,标准,,,1,,
,,,工程师,,,,,,121002,,2,,标准,,,1,,
技师,,,,,,,121003,3,,标准,,1,,,,,,
领班、监工,,,,,,,121004,2,,标准,,1,,,,,,
装配工,,,,,,,121005,3,,标准,,1,,,,,,
修理工,,,,,,,121006,3,,标准,,1,,,,,,
包装工人,,,,,,,121007,3,,标准,,1,,,,,,
点焊工,,,,,,,121008,3,,标准,,1,,,,,,
制造工,,,,,,,121009,4,,标准,,1,,,,,,
质检员,,,,,,,121010,2,,标准,,1,,,,,,
搬运工人,,,,,,,121011,4,,标准,,1,,,,,,
仓库管理员,,,,,,,121012,3,,标准,,1,,,,,,
电子产品修理工,,,,,,,131012,3,,标准,,1,,,,,,
电子元器件制造,,,,,,,,,,,,,,,,,,
电子元器件制造-真空电子器件化学零件制造工人,,,,,,,131013,4,,标准,,1,,,,,,
电子元器件制造-真空电子器件金属零件制造工人,,,,,,,131014,4,,标准,,1,,,,,,
电子元器件制造-真空电子器件装配、调试工人,,,,,,,131015,4,,标准,,1,,,,,,
电子元器件制造-电极丝制造工人,,,,,,,131016,3,,标准,,1,,,,,,
电子元器件制造-电子真空镀膜工人,,,,,,,131017,4,,标准,,1,,,,,,
电子元器件制造-液晶显视器件制造工人,,,,,,,131018,3,,标准,,1,,,,,,
电子元器件制造-晶片加工工人,,,,,,,131019,3,,标准,,1,,,,,,
电子元器件制造-半导体芯片制造工人,,,,,,,131020,3,,标准,,1,,,,,,
电子元器件制造-半导体分立器件、集成电路装调工人,,,,,,,131021,2,,标准,,1,,,,,,
电子元器件制造-电子用水制备工人,,,,,,,131022,2,,标准,,1,,,,,,
电子元器件制造-电阻器制造工人,,,,,,,131023,4,,标准,,1,,,,,,
电子元器件制造-电容器制造工人,,,,,,,131024,4,,标准,,1,,,,,,
电子元器件制造-微波铁氧体元器件制造工人,,,,,,,131025,4,,标准,,1,,,,,,
电子元器件制造-石英晶体生长设备操作工人,,,,,,,131026,2,,标准,,1,,,,,,
电子元器件制造-压电石英晶片加工工人,,,,,,,131027,3,,标准,,1,,,,,,
电子元器件制造-石英晶体元器件制造工人,,,,,,,131028,3,,标准,,1,,,,,,
电子元器件制造-电声器件制造工人,,,,,,,131029,3,,标准,,1,,,,,,
电子元器件制造-水声换能器制造工人,,,,,,,131030,3,,标准,,1,,,,,,
电子元器件制造-专用继电器制造工人,,,,,,,131031,3,,标准,,1,,,,,,
电子元器件制造-高频电感器件制造工人,,,,,,,131032,2,,标准,,1,,,,,,
电子元器件制造-接插件制造工人,,,,,,,131033,4,,标准,,1,,,,,,
电子元器件制造-磁头制造工人,,,,,,,131034,2,,标准,,1,,,,,,
电子元器件制造-电子产品制版工人,,,,,,,131035,2,,标准,,1,,,,,,
电子元器件制造-印制电路制作工人,,,,,,,131036,3,,标准,,1,,,,,,
电子元器件制造-薄膜加热器制造工人,,,,,,,131037,3,,标准,,1,,,,,,
电子设备装备、调试、修理,,,,,,,,,,,,,,,,,,
电子设备装备、调试、修理-无线电设备机械装校工人,,,,,,,131038,4,,标准,,1,,,,,,
电子设备装备、调试、修理-电子设备装配工人,,,,,,,131039,4,,标准,,1,,,,,,
,,,电子设备装备、调试、修理-无线电调试工人,,,,,,131040,,2,,标准,,,1,,
,,,电子设备装备、调试、修理-雷达装配工人,,,,,,131041,,4,,标准,,,1,,
,,,电子设备装备、调试、修理-雷达调试工人,,,,,,131042,,2,,标准,,,1,,
,,,电子设备装备、调试、修理-电子精密机械装调工人,,,,,,131043,,2,,标准,,,1,,
,,,电子设备装备、调试、修理-电子计算机调试工人,,,,,,131044,,1,,标准,,,1,,
,,,电子设备装备、调试、修理-有线通信传输设备调试工人,,,,,,131045,,2,,标准,,,1,,
,,,电子设备装备、调试、修理-通讯交换设备调试工人,,,,,,131046,,2,,标准,,,1,,
,,,电子设备装备、调试、修理-电源调试工人,,,,,,131047,,2,,标准,,,1,,
,,,电子设备装备、调试、修理-激光机装调工人,,,,,,131048,,2,,标准,,,1,,
,,,电子设备装备、调试、修理-激光全息工人,,,,,,131049,,1,,标准,,,1,,
,,,电子设备装备、调试、修理-铁路通信组调工人,,,,,,131050,,3,,标准,,,1,,
,,,电子设备装备、调试、修理-铁路信号组调工人,,,,,,131051,,3,,标准,,,1,,
,,,电子设备装备、调试、修理-铁路电控组调工人,,,,,,131052,,4,,标准,,,1,,
电机业131,,,行政内勤人员,,,,,,131001,,1,,标准,,,1,,
,,,工程师,,,,,,131002,,3,,标准,,,1,,
,,,技师,,,,,,131003,,4,,标准,,,1,,
,,,领班、监工,,,,,,131004,,3,,标准,,,1,,
,,,有关高压电工作人员,,,,,,131007,,拒保,,25,,,1.5,,
,,,电机调试员,,,,,,131008,,5,,标准,,,1,,
,,,冷冻修理工,,,,,,131009,,5,,标准,,,1,,
,,,质检员,,,,,,131010,,2,,标准,,,1,,
,,,仓库管理员,,,,,,131011,,3,,标准,,,1,,
"塑胶,橡胶业141",,,行政内勤人员,,,,,,141001,,1,,标准,,,1,,
,,,工程师,,,,,,141002,,2,,标准,,,1,,
,,,技师,,,,,,141003,,3,,标准,,,1,,
,,,领班、监工,,,,,,141004,,2,,标准,,,1,,
,,,一般工人,,,,,,141005,,4,,标准,,,1,,
,,,塑胶射出成型工人(自动),,,,,,141006,,4,,标准,,,1,,
,,,塑胶射出成型工人(其他),,,,,,141007,,5,,标准,,,1,,
,,,质检员,,,,,,141008,,2,,标准,,,1,,
,,,塑料制品配料工人,,,,,,141009,,3,,标准,,,1,,
,,,橡胶制品配料工人,,,,,,141010,,2,,标准,,,1,,
,,,橡胶炼胶工人,,,,,,141011,,4,,标准,,,1,,
,,,橡胶成型工人,,,,,,141012,,4,,标准,,,1,,
,,,橡胶硫化工人,,,,,,141013,,4,,标准,,,1,,
,,,废胶再生工人,,,,,,141014,,4,,标准,,,1,,
水泥业(水泥、石膏、石灰)151,,,行政内勤人员,,,,,,151001,,1,,标准,,,1,,
,,,工程师,,,,,,151002,,2,,标准,,,1,,
,,,技师,,,,,,151003,,3,,标准,,,1,,
,,,领班、监工,,,,,,151004,,3,,标准,,,1,,
,,,工人,,,,,,151005,,5,,标准,,,1,,
,,,石棉瓦工人,,,,,,151006,,6,,75,,,拒保,,
,,,采掘工,,,,,,151007,,拒保,,75,,,拒保,,
,,,爆破工,,,,,,151008,,拒保,,拒保,,,拒保,,
化学原料及化学产品生产161,,,行政内勤人员,,,,,,161001,,1,,标准,,,1,,
,,,工程师,,,,,,161002,,2,,标准,,,1,,
,,,技师,,,,,,161003,,3,,标准,,,1,,
,,,一般工人,,,,,,161004,,5,,25,,,1.5,,
,,,电池制造(技师),,,,,,161005,,4,,25,,,1.5,,
,,,电池制造(工人),,,,,,161006,,5,,25,,,1.5,,
,,,硫酸、盐酸、硝酸制造工,,,,,,161007,,拒保,,拒保,,,拒保,,
,,,液化气体制造工人,,,,,,161008,,拒保,,50,,,拒保,,
,,,石油炼制生产人员,,,,,,161009,,5,,标准,,,1.5,,
炸药业171,,,火药爆竹制造及处理人员(包括爆竹、烟火制造工及所有现场办公人员),,,,,,171001,,拒保,,拒保,,,拒保,,
,,,矿厂采石,,,,,,171002,,拒保,,拒保,,,拒保,,
汽车、机车、自行车制造修理业181,,,行政内勤人员,,,,,,181001,,1,,标准,,,1,,
,,,工程师,,,,,,181002,,2,,标准,,,1,,
,,,技师,,,,,,181003,,3,,标准,,,1,,
,,,汽车、机车制造修理保养工人,,,,,,181004,,4,,标准,,,1,,
,,,自行车制造修理保养工人,,,,,,181005,,3,,标准,,,1,,
,,,领班、监工,,,,,,181006,,2,,标准,,,1,,
,,,试车人员,,,,,,181007,,5,,标准,,,1,,
,,,喷油（漆）工人,,,,,,181008,,3,,标准,,,1,,
纺织、成衣业、皮革、毛皮制品加工人员191,,,行政内勤人员,,,,,,191001,,1,,标准,,,1,,
,,,工程师,,,,,,191002,,2,,标准,,,1,,
,,,设计师,,,,,,191003,,1,,标准,,,1,,
,,,技师,,,,,,191004,,3,,标准,,,1,,
,,,领班、监工,,,,,,191005,,2,,标准,,,1,,
,,,制造工人,,,,,,191006,,3,,标准,,,1,,
,,,染整工人,,,,,,191007,,4,,25,,,1.5,,
,,,质检员,,,,,,191008,,2,,标准,,,1,,
,,,裁缝,,,,,,191009,,2,,标准,,,1,,
,,,制鞋工,,,,,,191010,,4,,标准,,,1,,
,,,制帽工,,,,,,191011,,3,,标准,,,1,,
,,,皮革加工,,,,,,191012,,4,,标准,,,1,,
,,,毛皮加工工,,,,,,191013,,3,,标准,,,1,,
造纸工业201,,,行政内勤人员,,,,,,201001,,1,,标准,,,1,,
,,,技师,,,,,,201002,,3,,标准,,,1,,
,,,领班、监工,,,,,,201003,,3,,标准,,,1,,
,,,造纸厂、纸浆厂工人,,,,,,201004,,4,,25,,,1.5,,
,,,纸箱制造工人,,,,,,201005,,4,,标准,,,1,,
,,,暴身于尘埃或有毒化合物之工人,,,,,,201006,,拒保,,50,,,2,,
,,,制浆备料工人,,,,,,201007,,5,,25,,,1.5,,
,,,制浆设备操作工人,,,,,,201008,,5,,25,,,1.5,,
,,,制浆废液回收利用工人,,,,,,201009,,5,,25,,,1.5,,
,,,纸张整饰工人,,,,,,201010,,3,,标准,,,1,,
,,,宣纸书画纸制作工人,,,,,,201011,,4,,标准,,,1,,
,,,纸盒制作工人,,,,,,201012,,4,,标准,,,1,,
家具制造业211,,,行政内勤人员,,,,,,211001,,1,,标准,,,1,,
,,,技师,,,,,,211002,,3,,标准,,,1,,
,,,领班、监工,,,,,,211003,,3,,标准,,,1,,
,,,家具制造、装配、修理工人,,,,,,211004,,4,,标准,,,1,,
,,,机器木工,,,,,,211005,,6,,25,,,1.5,,
,,,油漆工,,,,,,211006,,5,,50,,,1.5,,
,,,金属家具制造工人,,,,,,211007,,4,,标准,,,1,,
,,,金属家具修理工人,,,,,,211008,,3,,标准,,,1,,
手工艺品业221,,,竹木制手工艺品加工、雕刻工人,,,,,,221001,,3,,标准,,,1,,
,,,金属手工艺品加工、雕刻工人,,,,,,221002,,4,,标准,,,1,,
,,,布类制品工艺品加工工人,,,,,,221003,,2,,标准,,,1,,
,,,矿石手工艺品加工工人,,,,,,221004,,4,,标准,,,1,,
电线电缆业231,,,技师,,,,,,231001,,3,,标准,,,1,,
,,,工人(非登高作业),,,,,,231002,,4,,标准,,,1,,
,,,工人(登高作业),,,,,,231003,,4,,25,,,1.5,,
,,,"监察(工作指导,无需亲自操作,非登高)",,,,,,231004,,4,,标准,,,1,,
食品饮料制造业241,,,冰块制造,,,,,,241001,,3,,标准,,,1,,
,,,技师,,,,,,241002,,2,,标准,,,1,,
,,,制造工人,,,,,,241003,,3,,标准,,,1,,
,,,包装工人,,,,,,241004,,2,,标准,,,1,,
,,,碾米厂操作人员,,,,,,241005,,4,,标准,,,1,,
,,,仓库管理员,,,,,,241006,,2,,标准,,,1,,
,,,粮油生产加工,,,,,,,,,,,,,,,
,,,粮油生产加工-制米工人,,,,,,241007,,3,,标准,,,1,,
,,,粮油生产加工-制粉工人,,,,,,241008,,3,,标准,,,1,,
,,,粮油生产加工-制油工人,,,,,,241009,,3,,标准,,,1,,
,,,粮油食品制作,,,,,,,,,,,,,,,
,,,粮油食品制作-糕点、面包烘焙工人,,,,,,241010,,2,,标准,,,1,,
,,,粮油食品制作-糕点装饰工人,,,,,,241011,,1,,标准,,,1,,
,,,粮油食品制作-米面主食制作工人,,,,,,241012,,3,,标准,,,1,,
,,,粮油食品制作-油脂制品工人,,,,,,241013,,2,,标准,,,1,,
,,,粮油食品制作-植物蛋白制作工人,,,,,,241014,,2,,标准,,,1,,
,,,粮油食品制作-豆制品制作工人,,,,,,241015,,3,,标准,,,1,,
,,,糖制品,,,,,,,,,,,,,,,
,,,糖制品-食糖制造工人,,,,,,241016,,4,,标准,,,1,,
,,,糖制品-糖果制造工人,,,,,,241017,,3,,标准,,,1,,
,,,糖制品-巧克力制造工人,,,,,,241018,,3,,标准,,,1,,
,,,乳品、冷食、罐头、饮料制作,,,,,,,,,,,,,,,
,,,乳品、冷食、罐头、饮料制作-乳品预处理工人,,,,,,241019,,2,,标准,,,1,,
,,,乳品、冷食、罐头、饮料制作-乳品加工工人,,,,,,241020,,3,,标准,,,1,,
,,,乳品、冷食、罐头、饮料制作-冷食品制作工人,,,,,,241021,,3,,标准,,,1,,
,,,乳品、冷食、罐头、饮料制作-速冻食品制作工人,,,,,,241022,,3,,标准,,,1,,
,,,乳品、冷食、罐头、饮料制作-食品罐头加工工人,,,,,,241023,,3,,标准,,,1,,
,,,乳品、冷食、罐头、饮料制作-饮料制作工人,,,,,,241024,,3,,标准,,,1,,
,,,酿酒,,,,,,,,,,,,,,,
,,,酿酒-酒品酿造工人,,,,,,241025,,3,,标准,,,1,,
,,,酿酒-酒精制造工人,,,,,,241026,,3,,标准,,,1,,
,,,酿酒-酒品标签粘贴、包装工人,,,,,,241027,,2,,标准,,,1,,
,,,食品添加剂、调味品制作,,,,,,,,,,,,,,,
,,,食品添加剂、调味品制作-酶制剂制造工人,,,,,,241028,,3,,标准,,,1,,
,,,食品添加剂、调味品制作-柠檬酸制造工人,,,,,,241029,,3,,标准,,,1,,
,,,食品添加剂、调味品制作-酱油、酱类制作工人,,,,,,241030,,3,,标准,,,1,,
,,,食品添加剂、调味品制作-食醋制作工人,,,,,,241031,,3,,标准,,,1,,
,,,食品添加剂、调味品制作-酱腌菜制作工人,,,,,,241032,,3,,标准,,,1,,
,,,食品添加剂、调味品制作-食用调料制作工人,,,,,,241033,,3,,标准,,,1,,
,,,食品添加剂、调味品制作-味精制作工人,,,,,,241034,,3,,标准,,,1,,
,,,屠宰加工,,,,,,,,,,,,,,,
,,,屠宰加工-猪、牛、羊屠宰加工工人,,,,,,241035,,3,,标准,,,1,,
,,,屠宰加工-肠衣加工工人,,,,,,241036,,3,,标准,,,1,,
,,,屠宰加工-禽类屠宰加工工人,,,,,,241037,,3,,标准,,,1,,
,,,肉、蛋食品加工,,,,,,,,,,,,,,,
,,,肉、蛋食品加工-熟肉制品加工工人,,,,,,241038,,3,,标准,,,1,,
,,,肉、蛋食品加工-蛋品及再制蛋品加工工人,,,,,,241039,,2,,标准,,,1,,
,,,饲料生产加工,,,,,,,,,,,,,,,
,,,饲料生产加工-饲料原料清理上料工人,,,,,,241040,,2,,标准,,,1,,
,,,饲料生产加工-饲料粉碎工人,,,,,,241041,,3,,标准,,,1,,
,,,饲料生产加工-饲料配料混合工人,,,,,,241042,,2,,标准,,,1,,
,,,饲料生产加工-饲料制料工人,,,,,,241043,,3,,标准,,,1,,
,,,饲料生产加工-饲料添加剂预混工人,,,,,,241044,,2,,标准,,,1,,
,,,饲料生产加工-饲料厂中控室操作人员,,,,,,241045,,1,,标准,,,1,,
家电制造业251,,,技师,,,,,,251001,,2,,标准,,,1,,
,,,一般制造工人,,,,,,251002,,4,,标准,,,1,,
,,,装配工,,,,,,251003,,3,,标准,,,1,,
,,,包装工,,,,,,251004,,3,,标准,,,1,,
,,,焊接工,,,,,,251005,,5,,标准,,,1,,
,,,冲床工,,,,,,251006,,5,,标准,,,1,,
,,,剪床工,,,,,,251007,,5,,标准,,,1,,
,,,铣床工,,,,,,251008,,5,,标准,,,1,,
,,,铸造工,,,,,,251009,,5,,标准,,,1,,
,,,车床工(全自动),,,,,,251010,,5,,标准,,,1,,
,,,车床工(其他),,,,,,251011,,6,,标准,,,1,,
,,,家电维修工(非室外高空作业),,,,,,251012,,2,,标准,,,1,,
,,,电子计算机维修工,,,,,,251013,,1,,标准,,,1,,
玻璃制造业261,,,行政内勤人员,,,,,,261001,,1,,标准,,,1,,
,,,工人,,,,,,261002,,4,,标准,,,1,,
,,,技师,,,,,,261003,,4,,标准,,,1,,
,,,监工,,,,,,261004,,4,,标准,,,1,,
,,,玻璃制品装饰加工,,,,,,261005,,5,,标准,,,1,,
陶器砖窑制造业271,,,行政内勤人员,,,,,,271001,,1,,标准,,,1,,
,,,工人,,,,,,271002,,4,,标准,,,1,,
,,,砖块制造工,,,,,,271003,,4,,标准,,,1,,
清洁剂制造业281,,,行政内勤人员,,,,,,281001,,1,,标准,,,1,,
,,,工人,,,,,,281002,,4,,标准,,,1,,
烟草业291,,,行政内勤人员,,,,,,291001,,1,,标准,,,1,,
,,,工人,,,,,,291002,,4,,标准,,,1,,
生物制品业301,,,行政内勤人员,,,,,,301001,,1,,标准,,,1,,
,,,工人,,,,,,301002,,3,,标准,,,1,,
,,,试验员,,,,,,301003,,2,,标准,,,1,,
药厂311,,,行政内勤人员,,,,,,311001,,1,,标准,,,1,,
,,,工人,,,,,,311002,,3,,标准,,,1,,
,,,试验员,,,,,,311003,,2,,标准,,,1,,
文具制造业321,,,行政内勤人员,,,,,,321001,,1,,标准,,,1,,
,,,制造工人,,,,,,321002,,4,,标准,,,1,,
,,,装配工人,,,,,,321003,,2,,标准,,,1,,
,,,检验工人,,,,,,321004,,2,,标准,,,1,,
"石棉制造业322",,,工人,,,,,,322001,,5,,25,,,1.5,,
,,,技师,,,,,,322002,,5,,25,,,1.5,,
,,,领班，监工,,,,,,322003,,5,,25,,,1.5,,
航天业323,,,航空产品装备、调试、试验人员,,,,,,,,,,,,,,,
航天业323,,,航空产品装备、调试、试验人员-飞机试验工人,,,,,,323001,,2,,标准,,,1,,
,,,航空产品装备、调试、试验人员-机载导弹例行试验工人,,,,,,323002,,4,,标准,,,1,,
,,,航空产品装备、调试、试验人员-航空发动机试验工人,,,,,,323003,,2,,标准,,,1,,
,,,航空产品装备、调试、试验人员-飞机螺旋桨试验工人,,,,,,323004,,2,,标准,,,1,,
,,,航空产品装备、调试、试验人员-飞机、发动机附件试验工人,,,,,,323005,,2,,标准,,,1,,
,,,航空产品装备、调试、试验人员-航空环控救生装备试验工人（地面试验,,,,,,323006,,2,,标准,,,1,,
,,,航空产品装备、调试、试验人员-航空环控救生装备试验工人（空中试验,,,,,,323007,,拒保,,拒保,,,拒保,,
,,,,,航空产品装备、调试、试验人员-航空仪表试验工人,,,,,,323008,,2,,,标准,,1
,,,,,航空产品装备、调试、试验人员-航空电机电器试验设备调试工人,,,,,,323009,,2,,,标准,,1
,,,,,导弹卫星装备测试人员,,,,,,,,,,,,,
,,,,,导弹卫星装备测试人员-惯性器件装配工人,,,,,,323010,,4,,,标准,,1
,,,,,导弹卫星装备测试人员-伺服机构装配调试工人,,,,,,323011,,4,,,标准,,1
,,,,,导弹卫星装备测试人员-导弹部段装配工人,,,,,,323012,,5,,,25,,1.5
,,,,,导弹卫星装备测试人员-航天器引信装配工人,,,,,,323013,,6,,,50,,1.5
,,,,,导弹卫星装备测试人员-弹头装配工人,,,,,,323014,,5,,,25,,1.5
,,,,,导弹卫星装备测试人员-导弹总体装配工人,,,,,,323015,,5,,,25,,1.5
,,,,,导弹卫星装备测试人员-卫星总体装配工人,,,,,,323016,,4,,,标准,,1
,,,,,火箭发动机装配试验人员,,,,,,,,,,,,,
,,,,,火箭发动机装配试验人员-液体火箭发动机装配试验工人,,,,,,323017,,4,,,标准,,1
,,,,,火箭发动机装配试验人员-固体火箭发动机装配试验工人,,,,,,323018,,4,,,标准,,1
新闻广告业33,"新闻业,杂志业331",,,,内勤人员,,,,,,331001,,1,,,标准,,1
,,,,,外勤记者,,,,,,331002,,2,,,标准,,1
,,,,,摄影记者,,,,,,331003,,4,,,标准,,1
,,,,,战地记者,,,,,,331004,,拒保,,,拒保,,拒保
,,,,,市场推销人员,,,,,,331005,,2,,,标准,,1
,,,,,排版工,,,,,,331006,,2,,,标准,,1
,,,,,装订工,,,,,,331007,,3,,,标准,,1
,,,,,印刷工,,,,,,331008,,3,,,标准,,1
,,,,,送报员,,,,,,331009,,3,,,标准,,1
,新闻广告业332,,,,一般内勤人员,,,,,,332001,,1,,,标准,,1
,,,,,业务联系人员,,,,,,332002,,2,,,标准,,1
,,,,,广告影片拍摄录制人员,,,,,,332003,,2,,,标准,,1
,,,,,广告招牌制作架设人员,,,,,,332004,,6,,,25,,1.5
,,,,,安装光管及外勤维修人员,,,,,,332005,,4,,,25,,1.5
卫生、保健业34,医院341,,,,一般医务行政人员,,,,,,341001,,1,,,标准,,1
,,,,,一般医生(无需作外科手术),,,,,,341002,,1,,,标准,,1
,,,,,手术科室医生、麻醉师,,,,,,341003,,2,,,标准,,1
,,,,,护士长,,,,,,341004,,1,,,标准,,1
,,,,,护士,,,,,,341005,,1,,,标准,,1
,,,,,牙医,,,,,,341006,,1,,,标准,,1
,,,,,精神病科医生、看护及护士,,,,,,341007,,3,,,标准,,1
,,,,,兽医,,,,,,341008,,3,,,标准,,1
,,,,,杂工,,,,,,341009,,2,,,标准,,1
,,,,,清洁工,,,,,,341010,,2,,,标准,,1
,,,,,助产士,,,,,,341011,,2,,,标准,,1
,,,,,消毒员,,,,,,341012,,3,,,标准,,1
,保健人员342,,,,病理检查员,,,,,,342001,,1,,,标准,,1
,,,,,实验室、病理室工作人员,,,,,,342002,,2,,,标准,,1
,,,,,放射线技术人员,,,,,,342003,,2,,,标准,,1
,,,,,放射线维修人员,,,,,,342004,,4,,,标准,,1
,,,,,骨伤科治疗人员、按摩师（包括医院内理疗和盲人按摩）,,,,,,342005,,2,,,标准,,1
,,,,,监狱、看守所医生、护理人员,,,,,,342006,,2,,,标准,,1
娱乐业35,电影业、电视业351,,,,制片人,,,,,,351001,,1,,,标准,,1
,,,,,影片商（行政人员）,,,,,,351002,,1,,,标准,,1
,,,,,编剧,,,,,,351003,,1,,,标准,,1
,,,,,一般演员(导演),,,,,,351004,,2,,,标准,,1
,,,,,配音演员,,,,,,351005,,1,,,标准,,1
,,,,,武打演员、特技演员,,,,,,351006,,拒保,,,50,,拒保
,,,,,化妆师,,,,,,351007,,1,,,标准,,1
,,,,,场记,,,,,,351008,,2,,,标准,,1
,,,,,摄影工作人员,,,,,,351009,,2,,,标准,,1
,,,,,灯光及音响效果工作人员,,,,,,351010,,2,,,标准,,1
,,,,,冲片、洗片工作人员,,,,,,351011,,2,,,标准,,1
,,,,,电视记者,,,,,,351012,,2,,,标准,,1
,,,,,机械工、电工,,,,,,351013,,4,,,标准,,1
,,,,,布景搭设人员,,,,,,351014,,4,,,标准,,1
,,,,,电影院售票员,,,,,,351015,,1,,,标准,,1
,,,,,电影院放映及服务人员,,,,,,351016,,2,,,标准,,1
,,,,,跑片员,,,,,,351017,,5,,,25,,1.5
,,,,,武术指导,,,,,,351018,,3,,,标准,,1
,,,,,录音师,,,,,,351019,,1,,,标准,,1
,,,,,剪辑师,,,,,,351020,,1,,,标准,,1
,,,,,美工师,,,,,,351021,,1,,,标准,,1
,,,,,道具师,,,,,,351022,,2,,,标准,,1
,,,,,影视服装员,,,,,,351023,,1,,,标准,,1
,,,,,影视舞台烟火特效员,,,,,,351024,,3,,,标准,,1
,,,,,影视动画制作人员,,,,,,351025,,1,,,标准,,1
,,,,,影视木偶制作人员,,,,,,351026,,2,,,标准,,1
,,,,,电影洗印人员,,,,,,351027,,2,,,标准,,1
,,,,,拷贝检片员,,,,,,351028,,2,,,标准,,1
,,,,,拷贝字幕员,,,,,,351029,,2,,,标准,,1
,高尔夫球场352,,,,教练,,,,,,352001,,2,,,标准,,1
,,,,,球场保养及维护工人,,,,,,352002,,2,,,标准,,1
,,,,,球童,,,,,,352003,,2,,,标准,,1
,保龄球馆353,,,,计分员,,,,,,353001,,1,,,标准,,1
,,,,,柜台人员,,,,,,353002,,1,,,标准,,1
,,,,,机械修护工人,,,,,,353003,,3,,,标准,,1
,,,,,清洁工人,,,,,,353004,,2,,,标准,,1
,,,,教练,,,,,353005,,2,,标准,,,1,,
跳水池354,,,负责人,,,,,,354001,,2,,标准,,,1,,
,,,计分员,,,,,,354002,,2,,标准,,,1,,
游泳池355,,,负责人,,,,,,355001,,1,,标准,,,1,,
,,,管理员,,,,,,355002,,1,,标准,,,1,,
,,,教练,,,,,,355003,,2,,标准,,,1,,
,,,售票员,,,,,,355004,,1,,标准,,,1,,
,,,救生员,,,,,,355005,,4,,标准,,,1,,
海水浴场356,,,负责人,,,,,,356001,,1,,标准,,,1,,
,,,管理员,,,,,,356002,,2,,标准,,,1,,
,,,售票员,,,,,,356003,,1,,标准,,,1,,
,,,救生员,,,,,,356004,,6,,25,,,1.5,,
游乐园357(包括动物园),,,负责人,,,,,,357001,,1,,标准,,,1,,
,,,售票员,,,,,,357002,,1,,标准,,,1,,
,,,电动玩具操作员,,,,,,357003,,2,,标准,,,1,,
,,,一般清洁工,,,,,,357004,,2,,标准,,,1,,
,,,兽栏清洁工,,,,,,357005,,5,,标准,,,1,,
,,,动物园训兽师（凶猛、巨大动物）,,,,,,357006,,拒保,,50,,,拒保,,
,,,动物园饲养人员,,,,,,357007,,6,,25,,,2,,
,,,动物园兽医,,,,,,357008,,4,,标准,,,1,,
,,,水电机械工,,,,,,357009,,4,,标准,,,1,,
艺术及学艺人员358,,,作曲、编曲、演奏人员(非娱乐场所表演者,,,,,,358001,,1,,标准,,,1,,
,,,娱乐场所签约演奏人员,,,,,,358002,,2,,标准,,,1,,
,,,绘画人员,,,,,,358003,,1,,标准,,,1,,
,,,舞蹈演员,,,,,,358004,,2,,标准,,,1,,
,,,艺术雕塑人员,,,,,,358005,,2,,标准,,,1,,
,,,戏剧人员,,,,,,358006,,2,,标准,,,1,,
,,,巡回演出戏剧团体人员,,,,,,358007,,4,,标准,,,1,,
,,,杂技演员(非高空表演),,,,,,358008,,6,,75,,,2,,
,,,杂技演员(高空表演),,,,,,358009,,拒保,,拒保,,,拒保,,
,,,娱乐场所签约歌手,,,,,,358010,,5,,标准,,,1,,
,,,音乐指挥,,,,,,358011,,1,,标准,,,1,,
,,,书法家,,,,,,358012,,1,,标准,,,1,,
,,,陶艺家,,,,,,358013,,2,,标准,,,1,,
,,,篆刻家,,,,,,358014,,2,,标准,,,1,,
特种营业359,,,咖啡厅、茶馆工作人员,,,,,,359001,,3,,标准,,,1,,
,,,歌舞厅工作人员,,,,,,359002,,4,,标准,,,1,,
,,,酒吧工作人员,,,,,,359003,,4,,标准,,,1,,
,,,负责人,,,,,,359004,,4,,标准,,,1,,
,,,吧女、酒女、舞女、按摩师,,,,,,359005,,拒保,,拒保,,,拒保,,
,,,保安人员,,,,,,359006,,5,,25,,,2,,
,,,,,电子游戏负责人,,,,,,359007,,4,,,标准,,1
,,,,,桌球房接待人员,,,,,,359008,,4,,,标准,,1
,,,,,寄存处人员,,,,,,359009,,2,,,标准,,1
,,,,,网吧相关工作人员,,,,,,359010,,4,,,标准,,1
,,,,,浴室、桑拿一般工作人员,,,,,,359011,,4,,,标准,,1
文教机关36,教育机构361,,,,教师,,,,,,361001,,1,,,标准,,1
,,,,,体育老师,,,,,,361002,,2,,,标准,,1
,,,,,军训教官,,,,,,361003,,2,,,标准,,1
,,,,,校工,,,,,,361005,,2,,,标准,,1
,,,,,学生（≥7周岁）,,,,,,361006,,1,,,标准,,1
,,,,,学龄前儿童（<7周岁）,,,,,,361007,,2,,,标准,,1
,,,,,武术学校学生,,,,,,361008,,4,,,标准,,1
,,,,,武术学校教练,,,,,,361009,,3,,,标准,,1
,,,,,技工学校学生,,,,,,361010,,2,,,标准,,1
,,,,,教育机构行政人员,,,,,,361011,,1,,,标准,,1
,其他362,,,,作家,,,,,,362001,,1,,,标准,,1
,,,,,出版社、书店、文具店负责人,,,,,,362002,,1,,,标准,,1
,,,,,店员,,,,,,362003,,1,,,标准,,1
,,,,,外务员、送货员,,,,,,362004,,2,,,标准,,1
,,,,,图书馆、博物馆工作人员,,,,,,362005,,1,,,标准,,1
,,,,,汽车驾驶学校教练,,,,,,362006,,4,,,25,,1.5
,,,,,各项运动教练(不包括职业运动),,,,,,362007,,3,,,标准,,1
,,,,,健身教练,,,,,,362008,,3,,,标准,,1
司法37,司法371,,,,法官、律师及其他工作人员,,,,,,371001,,1,,,标准,,1
,,,,,商业犯罪及处理人员,,,,,,371002,,4,,,标准,,1
,,,,,刑事犯罪案件检察官,,,,,,371003,,4,,,标准,,1
,,,,,法警,,,,,,371004,,4,,,标准,,1
,,,,,执行法官,,,,,,371005,,2,,,标准,,1
,,,,,法医,,,,,,371006,,2,,,标准,,1
宗教团体38,宗教人士381,,,,寺庙及教堂管理人员,,,,,,381001,,1,,,标准,,1
,,,,,宗教团体工作人员,,,,,,381002,,1,,,标准,,1
,,,,,"僧尼,道士及传教人员",,,,,,381003,,1,,,标准,,1
公共事业39,邮政及快递391,,,,内勤人员,,,,,,391001,,1,,,标准,,1
,,,,,外勤邮务人员(摩托车),,,,,,391002,,5,,,25,,1.5
,,,,,外勤邮务人员(汽车、助动车、自行车),,,,,,391003,,5,,,标准,,1
,,,,,包裹搬运人员,,,,,,391004,,3,,,标准,,1
,电信及电力392,,,,行政内勤人员,,,,,,392001,,1,,,标准,,1
,,,,,抄表员、收费员,,,,,,392002,,2,,,标准,,1
,,,,,设计工程师(非现场),,,,,,392003,,1,,,标准,,1
,,,,,现场监督及视察工程师,,,,,,392004,,4,,,标准,,1
,,,现场监督及视察人员,,,,,,392005,,5,,标准,,,1,,
,,,电表按装、修理工,,,,,,392006,,3,,标准,,,1,,
,,,住宅办公楼工厂电力电信设备架设维修工人(非室外高空),,,,,,392008,,5,,标准,,,1,,
,,,高空电力、电信设备架设信维修工人,,,,,,392009,,拒保,,50,,,拒保,,
,,,高压电工程人员,,,,,,392010,,拒保,,50,,,拒保,,
,,,电台天线维护人员,,,,,,392011,,拒保,,50,,,拒保,,
,,,发电厂总工程师,,,,,,392012,,2,,标准,,,1,,
,,,电力输送员,,,,,,392013,,3,,标准,,,1,,
,,,发电站工作人员,,,,,,392014,,5,,标准,,,1,,
自来水(水利)393,,,行政内勤人员,,,,,,393001,,1,,标准,,,1,,
,,,工程师,,,,,,393002,,2,,标准,,,1,,
,,,水坝、水库管理人员,,,,,,393003,,3,,标准,,,1,,
,,,水利工程设施人员,,,,,,393004,,4,,标准,,,1,,
,,,自来水管装修人员,,,,,,393005,,3,,标准,,,1,,
,,,抄表员、收费员,,,,,,393006,,2,,标准,,,1,,
,,,自来水厂水质分析员(实地),,,,,,393007,,3,,标准,,,1,,
煤气394,,,行政内勤人员,,,,,,394001,,1,,标准,,,1,,
,,,工程师,,,,,,394002,,2,,标准,,,1,,
,,,管线装修工,,,,,,394003,,3,,标准,,,1,,
,,,收费员、抄表员,,,,,,394004,,2,,标准,,,1,,
,,,检查员,,,,,,394005,,2,,标准,,,1,,
,,,煤气器具制作工、煤气分装工,,,,,,394006,,4,,25,,,1.5,,
,,,液化气罐随车司机及工人,,,,,,394007,,6,,25,,,2,,
环境保护395,,,捕狗大队,,,,,,395001,,3,,标准,,,1,,
,,,除尘设备运行工,,,,,,395002,,4,,标准,,,2,,
,,,储油槽、储气槽清理人员,,,,,,395003,,拒保,,标准,,,视情况而定,,
,,,废气处理工,,,,,,395004,,4,,标准,,,2,,
,,,废五金处理人员,,,,,,395005,,4,,标准,,,2,,
,,,固体废物处理工,,,,,,395006,,4,,标准,,,2,,
,,,海上油污处理人员,,,,,,395007,,拒保,,标准,,,视情况而定,,
,,,海洋调查与监测工,,,,,,395008,,拒保,,标准,,,拒保,,
,,,海洋浮标工,,,,,,395009,,拒保,,标准,,,拒保,,
,,,海洋水文气象观测员,,,,,,395010,,拒保,,标准,,,拒保,,
,,,核能工程环保人员,,,,,,395011,,拒保,,标准,,,视情况而定,,
,,,化学工程环保人员,,,,,,395012,,4,,标准,,,2,,
,,,环保稽核巡查人员,,,,,,395013,,3,,标准,,,1,,
,,,技师,,,,,,395014,,3,,标准,,,1,,
,,,水质分析人员,,,,,,395015,,2,,标准,,,1,,
,,,污水处理人员,,,,,,395016,,3,,标准,,,1,,
,,,下水道清洁工,,,,,,395017,,4,,标准,,,2,,
,,,,,,一般工厂环保人员,,,,,395018,,3,,,标准,,1
一般商业40,,,,,厨具商、厨具店营业员,,,,,,401001,,1,,,标准,,1
,,,,,"陶瓷商、陶器,瓷器店营业员",,,,,,401002,,1,,,标准,,1
,,,,,花卉商、花卉店营业员,,,,,,401003,,1,,,标准,,1
,,,,,米商、米店营业员,,,,,,401004,,1,,,标准,,1
,,,,,食品商、食品点营业员,,,,,,401005,,1,,,标准,,1
,,,,,个体果菜商,,,,,,401006,,2,,,标准,,1
,,,,,个体鱼肉商,,,,,,401007,,4,,,标准,,1
,,,,,国营菜场营业员(菜蛋类),,,,,,401008,,2,,,标准,,1
,,,,,国营菜场营业员(鱼肉类),,,,,,401009,,3,,,标准,,1
,,,,,个体杂货商、杂货店营业员,,,,,,401010,,2,,,标准,,1
,,,,,眼镜商、眼镜店营业员,,,,,,401011,,1,,,标准,,1
,,,,,眼镜店磨片人员,,,,,,401012,,2,,,标准,,1
,,,,,文具商、文具店营业员,,,,,,401013,,1,,,标准,,1
,,,,,布商、布店、服装店营业员,,,,,,401014,,1,,,标准,,1
,,,,,个体服装商,,,,,,401015,,2,,,标准,,1
,,,,,音像制品出租商,,,,,,401016,,1,,,标准,,1
,,,,,古董商,,,,,,401017,,1,,,标准,,1
,,,,,古董店营业员,,,,,,401018,,2,,,标准,,1
,,,,,玻璃商,,,,,,401019,,3,,,标准,,1
,,,,,玻璃店营业员,,,,,,401020,,2,,,标准,,1
,,,,,石材商,,,,,,401021,,2,,,标准,,1
,,,,,石材店营业员,,,,,,401022,,4,,,25,,1.5
,,,,,建材商,,,,,,401023,,2,,,标准,,1
,,,,,建材店营业员,,,,,,401024,,3,,,标准,,1
,,,,,铁材商,,,,,,401025,,2,,,标准,,1
,,,,,铁材店营业员,,,,,,401026,,2,,,标准,,1
,,,,,木材商、木材店营业员,,,,,,401027,,2,,,标准,,1
,,,,,五金商、五金店营业员,,,,,,401028,,2,,,标准,,1
,,,,,电器商,,,,,,401029,,2,,,标准,,1
,,,,,电器店营业员,,,,,,401030,,2,,,标准,,1
,,,,,水电卫生器材店营业员,,,,,,401031,,2,,,标准,,1
,,,,,家具店营业员,,,,,,401032,,1,,,标准,,1
,,,,,车行营业员,,,,,,401033,,2,,,标准,,1
,,,,,车辆器材店营业员(不含矿物油),,,,,,401034,,1,,,标准,,1
,,,,,矿物油店营业员,,,,,,401035,,3,,,标准,,1
,,,,,珠宝店营业员,,,,,,401036,,3,,,标准,,1
,,,,,珠宝店珠宝加工人员,,,,,,401037,,3,,,标准,,1
,,,,,当铺店工作人员,,,,,,401038,,1,,,标准,,1
,,,,,药品买卖商、药店营业员,,,,,,401039,,1,,,标准,,1
,,,,,化学原料店营业员,,,,,,401040,,4,,,标准,,1
,,,,,医疗器械营业商、医疗器械店营业员,,,,,,401041,,2,,,标准,,1
,,,,,手工艺品店店员,,,,,,401042,,1,,,标准,,1
,,,,,煤气器具店负责人,,,,,,401043,,1,,,标准,,1
,,,,,煤气器具店营业员,,,,,,401044,,1,,,标准,,1
,,,,,煤气器具店送货员,,,,,,401045,,4,,,标准,,1
,,,,,煤气器具店装设工,,,,,,401046,,4,,,标准,,1
,,,,,液化气零售店负责人,,,,,,401047,,3,,,标准,,1
,,,,,液化气零售店店员,,,,,,401048,,3,,,标准,,1
,,,,,液化气零售店送货员,,,,,,401049,,5,,,标准,,1
,,,,,液化气零售店液化气分装工,,,,,,401050,,5,,,标准,,1
,,,,,液化气零售店旧货收购人员,,,,,,401051,,4,,,标准,,1
,,,,,超市收银员,,,,,,401052,,1,,,标准,,1
,,,,,超市搬运工(中小型超市),,,,,,401053,,2,,,标准,,1
,,,,,超市搬运工(大型仓储式超市),,,,,,401054,,4,,,标准,,1
,,,,,废品收购相关人员,,,,,,401055,,3,,标准,,1,
,,,,,化妆品买卖商,,,,,,401056,,1,,标准,,1,
,,,,,农药买卖商,,,,,,401057,,3,,,标准,,1
,,,,,香烛买卖商,,,,,,401058,,2,,,标准,,1
,,,,,琴行、乐器行销售人员,,,,,,401059,,1,,,标准,,1
服务业41,银行、保险、信托、租赁业411,,,,一般内勤人员,,,,,,411001,,1,,,标准,,1
,,,,,外务员,,,,,,411002,,2,,,标准,,1
,,,,,调查员,,,,,,411003,,2,,,标准,,1
,,,,,"现金运送员,司机",,,,,,411004,,5,,,25,,1.5
,自由业412,,,,律师,,,,,,412001,,1,,,标准,,1
,,,,,会计师,,,,,,412002,,1,,,标准,,1
,,,,,代理机构工作人员(内勤),,,,,,412003,,1,,,标准,,1
,,,,,经纪人(内勤),,,,,,412004,,1,,,标准,,1
,,,,,外勤人员,,,,,,412005,,2,,,标准,,1
,,,,,自由投资者,,,,,,412006,,1,,,标准,,1
,其他413,,,,公证处外务员,,,,,,413001,,2,,,标准,,1
,,,,,海关报关员,,,,,,413002,,2,,,标准,,1
,,,,,理发师,,,,,,413003,,3,,,标准,,1
,,,,,美容师,,,,,,413004,,2,,,标准,,1
,,,,,钟表匠,,,,,,413005,,2,,,标准,,1
,,,,,鞋匠、雨伞匠、锁匠,,,,,,413006,,3,,,标准,,1
,,,,,洗衣店工人,,,,,,413007,,3,,,标准,,1
,,,,,大楼管理员,,,,,,413008,,2,,,标准,,1
,,,,,照相馆摄影师,,,,,,413009,,1,,,标准,,1
,,,,,道路清洁工,,,,,,413010,,3,,,标准,,1
,,,,,下水道清洁工,,,,,,413011,,5,,,标准,,1
,,,,,清洁、打蜡人员(地面作业),,,,,,413012,,2,,,标准,,1
,,,,,高楼外部清洁工,,,,,,413013,,拒保,,,50,,拒保
,,,,,车辆保管人员、停车场、收费站收费人员,,,,,,413014,,2,,,标准,,1
,,,,,加油站人员,,,,,,413015,,3,,,标准,,1
,,,,,烟囱清洁工,,,,,,413016,,拒保,,,50,,拒保
,,,,,高速公路清洁工,,,,,,413017,,拒保,,,50,,拒保
,,,,,单位采购员,,,,,,413018,,3,,,标准,,1
,,,,,公共浴室负责人及柜台人员,,,,,,413019,,2,,,标准,,1
,,,,,公共浴室工作人员,,,,,,413020,,3,,,标准,,1
,,,,,勤杂工、门卫,,,,,,413021,,3,,,标准,,1
,,,,,洗水塔工人,,,,,,413022,,6,,,25,,1.5
,,,,,搬家工人,,,,,,413023,,6,,,25,,1.5
,,,,,汽车美容装潢,,,,,,413024,,2,,,标准,,1
,,,,,裁缝师,,,,,,413025,,2,,,标准,,1
,,,,,齿模制作,,,,,,413026,,2,,,标准,,1
,,,,,调酒师,,,,,,413027,,2,,,标准,,1
,,,,,救难人员（平地）,,,,,,413028,,6,,,25,,1.5
,,,,,救难人员（山区）,,,,,,413029,,拒保,,,50,,2
,,,,,水电工人,,,,,,413030,,5,,,标准,,1
,,,,,洗车工人,,,,,,413031,,2,,,标准,,1
,,,,,刻制印章工人,,,,,,413032,,2,,,标准,,1
,,,,,拍卖师,,,,,,413033,,1,,,标准,,1
,,,,,典当业务员,,,,,,413034,,1,,,标准,,1
,,,,,殡葬服务人员,,,,,,,,,,,,,
,,,,,殡葬服务人员-殡仪服务员,,,,,,413035,,1,,,标准,,1
,,,,,殡葬服务人员-尸体接运工,,,,,,413036,,4,,,标准,,1
,,,,,殡葬服务人员-尸体防腐工,,,,,,413037,,4,,,标准,,1
,,,,,殡葬服务人员-尸体整容工,,,,,,413038,,2,,,标准,,1
,,,,,殡葬服务人员-尸体火化工,,,,,,413039,,3,,,标准,,1
,,,,,殡葬服务人员-墓地管理员,,,,,,413040,,2,,,标准,,1
,,,,,物业管理人员,,,,,,413041,,2,,,标准,,1
家庭管理42,家庭管理421,,,,家庭主妇,,,,,,421001,,1,,,标准,,1
,,,,,退休人员,,,,,,421002,,1,,,标准,,1
,,,,,家政服务（包括全职和钟点工）,,,,,,421003,,3,,,标准,,1
治安人员43,治安人员431,,,,大楼、商厦、商店保安人员,,,,,,431001,,3,,,标准,,1
,,,,,负有巡逻押运任务的保安人员,,,,,,431002,,6,,,25,,1.5
,,,,,民警(内勤),,,,,,431003,,2,,,标准,,1
,,,,,民警(外勤),,,,,,431005,,4,,,标准,,1
,,,,,监狱看守所管理人员,,,,,,431006,,4,,,标准,,1
,,,,,交通警察,,,,,,431007,,5,,,25,,1.5
,,,,,刑警,,,,,,431008,,个案,,,个案,,个案
,,,,,警校学生,,,,,,431009,,拒保,,,拒保,,拒保
,,,,,消防队队员,,,,,,431010,,个案,,,个案,,个案
,,,,,警卫员（不负保镖任务）,,,,,,431011,,4,,,标准,,1
,,,,,单位保卫科工作人员,,,,,,431012,,3,,,标准,,1
,,,,,门卫（负保安任务）,,,,,,431013,,4,,,标准,,1
,,,,,门卫（不负保安任务）,,,,,,431014,,2,,,标准,,1
军人44,现役军人441,,,,行政及内勤人员,,,,,,441001,,1,,,标准,,1
,,,,,一般地面部队人员,,,,,,441002,,4,,,标准,,1
,,,,,武警官兵(需执行任务),,,,,,441003,,个案,,,个案,,个案
,,,,,其他武警官兵,,,,,,441004,,视情形而定,,,视情形而定,,视情形而定
,,,,,军医院官兵:请参阅医院,,,,,,,,,,,,,
,,,,,军事单位武器弹药研究及管理人员,,,,,,441006,,拒保,,,拒保,,拒保
,,,,,前线军人,,,,,,441007,,拒保,,,拒保,,拒保
,,,,,军校学生、受训新兵,,,,,,441008,,拒保,,,拒保,,拒保
,,,,,飞行官兵、巡洋舰艇及潜水艇官兵,,,,,,441009,,拒保,,,拒保,,拒保
,,,,,特种兵(海军陆战队、伞兵、水中爆破兵、化学兵、爆破工兵),,,,,,441010,,拒保,,,拒保,,拒保
咨讯业45,咨讯业451,,,,维护工程师,,,,,,451001,,2,,,标准,,1
,,,,,系统工程师,,,,,,451002,,1,,,标准,,1
,,,,,销售工程师,,,,,,451003,,1,,,标准,,1
,,,,,一般行政内勤,,,,,,451004,,1,,,标准,,1
,计算机与应用工程技术人员452,,,,计算机硬件技术人员,,,,,,452001,,2,,,标准,,1
,,,,,计算机软件技术人员,,,,,,452002,,1,,,标准,,1
,,,,,计算机网络技术人员,,,,,,452003,,1,,,标准,,1
,,,,,计算机系统分析技术人员,,,,,,452004,,1,,,标准,,1
,,,,,计算机乐谱制作师,,,,,,452005,,1,,,标准,,1
,,,,,数字视频合成师,,,,,,452006,,1,,,标准,,1
,,,,,计算机软件产品检验员,,,,,,452007,,1,,,标准,,1
职业运动人员46,高尔夫球461,,,,高尔夫球教练,,,,,,461001,,2,,,标准,,1
,,,,,高尔夫球运动员,,,,,,461002,,2,,,标准,,1
,保龄球461,,,,保龄球教练,,,,,,461003,,2,,,标准,,1
,,,,,保龄球运动员,,,,,,461004,,2,,,标准,,1
,桌球461,,,,桌球教练,,,,,,461005,,2,,,标准,,1
,,,,,桌球运动员,,,,,,461006,,2,,,标准,,1
,羽毛球461,,,,羽毛球教练,,,,,,461007,,2,,,标准,,1
,,,,,羽毛球运动员,,,,,,461008,,4,,,标准,,1
,游泳461,,,,游泳教练,,,,,,461009,,2,,,标准,,1
,,,,,游泳运动员,,,,,,461010,,3,,,标准,,1
,射箭461,,,,射箭教练,,,,,,461011,,2,,,标准,,1
,,,,,射箭运动员,,,,,,461012,,2,,,标准,,1
网球461,,,网球教练,,,,,,461013,,2,,标准,,,1,,
,,,网球运动员,,,,,,461014,,4,,标准,,,1,,
垒球461,,,垒球教练,,,,,,461015,,2,,标准,,,1,,
,,,垒球运动员,,,,,,461016,,4,,标准,,,1,,
溜冰461,,,溜冰教练,,,,,,461017,,3,,标准,,,1,,
,,,溜冰运动员,,,,,,461018,,4,,标准,,,1,,
射击461,,,射击教练,,,,,,461019,,2,,标准,,,1,,
,,,射击运动员,,,,,,461020,,2,,标准,,,1,,
举重461,,,举重教练,,,,,,461021,,2,,标准,,,1,,
,,,举重运动员,,,,,,461022,,4,,标准,,,1.5,,
篮球461,,,篮球教练,,,,,,461023,,2,,标准,,,1,,
,,,篮球运动员,,,,,,461024,,4,,25,,,1.5,,
排球461,,,排球教练,,,,,,461025,,2,,标准,,,1,,
,,,排球运动员,,,,,,461026,,4,,标准,,,1,,
棒球461,,,棒球教练,,,,,,461027,,2,,标准,,,1,,
,,,棒球运动员,,,,,,461028,,4,,标准,,,1,,
田径461,,,田径教练,,,,,,461029,,2,,标准,,,1,,
,,,田径运动员,,,,,,461030,,4,,标准,,,1,,
体操461,,,体操教练,,,,,,461031,,2,,标准,,,1,,
,,,体操运动员,,,,,,461032,,4,,标准,,,1,,
帆船461,,,帆船教练,,,,,,461033,,3,,标准,,,1,,
,,,帆船运动员,,,,,,461034,,4,,标准,,,1,,
划船461,,,划船教练,,,,,,461035,,3,,标准,,,1,,
,,,划船运动员,,,,,,461036,,4,,标准,,,1,,
泛舟461,,,泛舟教练,,,,,,461037,,3,,标准,,,1,,
,,,泛舟运动员,,,,,,461038,,4,,标准,,,1,,
冲浪板461,,,冲浪板教练,,,,,,461041,,5,,标准,,,1,,
,,,冲浪板运动员,,,,,,461042,,5,,25,,,1.5,,
水上摩托车,,,水上摩托车教练,,,,,,461043,,5,,标准,,,1,,
,,,水上摩托车运动员,,,,,,461044,,5,,25,,,1.5,,
足球461,,,足球教练,,,,,,461045,,5,,标准,,,1,,
,,,足球运动员,,,,,,461046,,5,,25,,,1.5,,
曲棍球461,,,曲棍球教练,,,,,,461047,,4,,标准,,,1,,
,,,曲棍球运动员,,,,,,461048,,6,,25,,,2,,
冰上曲棍球461,,,冰上曲棍球教练,,,,,,461049,,4,,标准,,,1,,
,,,冰上曲棍球运动员,,,,,,461050,,6,,25,,,2,,
橄榄球461,,,橄榄球教练,,,,,,461051,,4,,标准,,,1,,
,,,橄榄球运动员,,,,,,461052,,6,,25,,,2,,
摔跤461,,,摔跤教练,,,,,,461053,,4,,标准,,,1,,
,,,摔跤运动员,,,,,,461054,,6,,25,,,2,,
柔道461,,,,柔道教练,,,,,461055,,4,,标准,,,1,,
,,,,柔道运动员,,,,,461056,,6,,25,,,2,,
空手道461,,,空手道教练,,,,,,461057,,4,,标准,,,1,,
,,,空手道运动员,,,,,,461058,,6,,25,,,2,,
跆拳道461,,,跆拳道教练,,,,,,461059,,4,,标准,,,1,,
,,,跆拳道运动员,,,,,,461060,,6,,25,,,2,,
武术461,,,武术教练,,,,,,461061,,4,,标准,,,1,,
,,,武术运动员,,,,,,461062,,拒保,,25,,,拒保,,
拳击461,,,拳击教练,,,,,,461063,,4,,标准,,,1,,
,,,拳击运动员,,,,,,461064,,拒保,,25,,,拒保,,
潜水461,,,潜水教练,,,,,,461065,,拒保,,25,,,拒保,,
,,,潜水运动员,,,,,,461066,,拒保,,50,,,拒保,,
划水461,,,划水教练,,,,,,461067,,拒保,,25,,,拒保,,
,,,划水运动员,,,,,,461068,,拒保,,25,,,拒保,,
滑雪461,,,滑雪教练,,,,,,461069,,拒保,,25,,,拒保,,
,,,滑雪运动员,,,,,,461070,,拒保,,25,,,拒保,,
马术461,,,马术教练,,,,,,461071,,拒保,,25,,,拒保,,
,,,马术运动员,,,,,,461072,,拒保,,25,,,拒保,,
特技表演461,,,特技表演教练,,,,,,461073,,拒保,,25,,,拒保,,
,,,特技表演运动员,,,,,,461074,,拒保,,拒保,,,拒保,,
雪车461,,,雪车教练,,,,,,461075,,拒保,,拒保,,,拒保,,
,,,雪车运动员,,,,,,461076,,拒保,,拒保,,,拒保,,
滑翔机具461,,,滑翔机具教练,,,,,,461077,,拒保,,拒保,,,拒保,,
,,,滑翔机具运动员,,,,,,461078,,拒保,,拒保,,,拒保,,
汽车摩托车赛车461,,,汽车摩托车赛车教练,,,,,,461079,,拒保,,拒保,,,拒保,,
,,,汽车摩托车赛车运动员,,,,,,461080,,拒保,,拒保,,,拒保,,
跳伞461,,,跳伞教练,,,,,,461081,,拒保,,拒保,,,拒保,,
,,,跳伞运动员,,,,,,461082,,拒保,,拒保,,,拒保,,
击剑461,,,击剑教练,,,,,,461083,,2,,标准,,,1,,
,,,击剑运动员,,,,,,461084,,4,,标准,,,1,,
乒乓球461,,,乒乓球教练员,,,,,,461085,,2,,标准,,,1,,
,,,乒乓球运动员,,,,,,461086,,3,,标准,,,1,,
手球461,,,手球教练员,,,,,,461087,,2,,标准,,,1,,
,,,手球运动员,,,,,,461088,,3,,标准,,,1,,
跳水461,,,跳水教练员,,,,,,461089,,3,,标准,,,1,,
,,,跳水运动员,,,,,,461090,,拒保,,标准,,,拒保,,
棋牌461,,,棋牌教练员,,,,,,461091,,1,,标准,,,1,,
,,,棋牌运动员,,,,,,461092,,1,,标准,,,1,,
自行车461,,,自行车教练员,,,,,,461093,,2,,标准,,,1,,
,,,自行车运动员,,,,,,461094,,3,,标准,,,1,,
滑草461,,,滑草教练,,,,,,461095,,3,,标准,,,1,,
,,,滑草运动员,,,,,,461096,,3,,标准,,,1,,
,角力461,,,,角力教练,,,,,,461097,,3,,,标准,,1.5
,,,,,角力运动员,,,,,,461098,,拒保,,,拒保,,拒保
,裁判人员461,,,,,裁判人员,,,,,461099,,2,,,标准,,1
其他47,个体经营及商贩471,,,,,个体经营及商贩,,,,,471001,,3,,,标准,,1
,无业471,,,,待业人员、下岗人员,,,,,,471002,,2,,,标准,,1
,,,,,无固定职业者,,,,,,471003,,2,,,标准,,1