新版六类职业分类表,,,,,,,,,,对应类别,,,
行业,,,,,,工种名称,,,工种代码,寿险、重疾及意外险,,,医疗保险
机关,,,机关团体公司 行号,,内勤人员,,,,001001,1,,,标准
,,,,,外勤人员,,,,001002,2,,,标准
,,,,,企\事业单位负责人,,,,001003,1,,,标准
,,,,,私营企业主(不亲自作业),,,,001004,1,,,标准
,,,,,"企\事业单位部门经理\主管(不亲自作业)",,,,001005,1,,,标准
,,,,,村委会、居委会人员,,,,001006,2,,,标准
,,,,,工商\税务\城管人员,,,,001007,3,,,标准
农\副\牧\渔 业,,,农副业,,农场经营者(不亲自作业),,,,101001,1,,,标准
,,,,,农夫,,,,101002,2,,,标准
,,,,,长短工,,,,101003,3,,,标准
,,,,,果农,,,,101004,3,,,标准
,,,,,苗圃栽培人员,,,,101005,2,,,标准
,,,,,花圃栽培人员,,,,101006,2,,,标准
,,,,,饲养家禽家畜人员,,,,101007,2,,,标准
,,,,,农业技术人员,,,,101008,2,,,标准
,,,,,农业机械操作\修理人员,,,,101009,3,,,标准
,,,,,农具商,,,,101010,2,,,标准
,,,,,农业试验人员,,,,101011,2,,,标准
,,,,,天然橡胶\剑麻种植人员,,,,101012,2,,,标准
,,,,,割胶工人,,,,101013,3,,,标准
,,,,,采茶工人,,,,101014,2,,,标准
,,,,,茶叶\蔬菜加工人员,,,,101015,2,,,标准
,,,,,竹\藤\麻\棕\草制品原料加工人,,,,101016,3,,,标准
,,,,,特种植物原料加工人员,,,,101017,3,,,标准
,,,,,棉花加工人员,,,,101018,4,,,1.25
,,,,,特种养殖(蜂\蛇\鳄鱼)人员,,,,101019,4,,,1.5
,,,,,山核桃采摘人员,,,,101020,5,,,1.5
,,,,,沼气生产管理人员,,,,101021,2,,,标准
,,,,,沼气工程施工人员,,,,101022,5,,,1.5
,,,,,沼气设备安装\调试\检修人员,,,,101023,4,,,1.25
,,,,,农用太阳能设施人员,,,,101024,4,,,1.25
,,,牧业,,畜牧场经营者(不亲自作业),,,,102001,1,,,标准
,,,,,畜牧工作人员,,,,102002,3,,,标准
,,,,,实验动物饲养人员,,,,102003,2,,,标准
,,,,,兽医,,,,102004,2,,,标准
,,,,,动物检疫\检验\化验人员,,,,102005,2,,,标准
,,,,,牧草培育\加工人员,,,,102006,3,,,标准
,,,内陆渔业,,渔场经营者(不亲自作业),,,,201001,1,,,标准
,,,,,渔场经营者(亲自作业),,,,201002,3,,,标准
,,,,,养殖工人(内陆),,,,201003,3,,,标准
,,,,,养殖工人(沿海),,,,201004,4,,,标准
,,,,,水族馆经营者,,,,201005,2,,,标准
,,,,,捕鱼人(内陆),,,,201006,4,,,1.5
,,,,,水产实验人员(室内),,,,201008,1,,,标准
,,,,,水产实验人员(室外),,,,201013,3,,,标准
,,,,,沿海作业渔民,,,,201009,6,,,拒保
,,,,,水（海）产品加工人员,,,,201010,3,,,标准
,,,,,水生动植物采集人员,,,,201011,3,,,标准
,,,,,渔网具装配人员,,,,201012,2,,,标准
,,,海上渔业,,*远洋渔船船员,,,,202001,6,,,拒保
,,,,,*近海渔船船员,,,,202002,6,,,拒保
森林木材业,,,森林砍伐业,,领班,,,,301001,5,,,1.5
,,,,,监工,,,,301002,5,,,1.5
,,,,,伐木工人,,,,301003,6,,,2
,,,,,锯木工人,,,,301004,6,,,2
,,,,,运材人员,,,,301005,6,,,2
,,,,,起重机之操作人,,,,301006,6,,,2
,,,,,装运工人,,,,301007,6,,,2
,,,木材加工,,木材工厂现场之职员,,,,302001,4,,,标准
,,,,,领班,,,,302002,3,,,标准
,,,,,分级员,,,,302003,3,,,标准
,,,,,检查员,,,,302004,3,,,标准
,,,,,标记员,,,,302005,3,,,标准
,,,,,磅秤员,,,,302006,3,,,标准
,,,,,锯木工人,,,,302007,5,,,1.25
,,,,,防腐剂工人,,,,302008,4,,,1.25
,,,,,木材储藏槽工人,,,,302009,4,,,1.25
,,,,,木材搬运工人,,,,302010,5,,,1.5
,,,,,吊车操作人员,,,,302011,3,,,标准
,,,,,木材干燥工人,,,,302018,4,,,标准
,,,,,木材供应站管理人员,,,,302019,1,,,标准
,,,,,木材供应站营业人员,,,,302020,2,,,标准
,,,,,仓库管理员,,,,302021,3,,,标准
,,,人造板生产,,胶合板制造工人,,,,302012,4,,,1.25
,,,,,纤维板制造工人,,,,302013,4,,,1.25
,,,,,刨花板制造工人,,,,302014,4,,,1.25
,,,,,人造板制胶工人,,,,302015,3,,,标准
,,,,,装饰层压板工人,,,,302016,4,,,1.25
,,,,,人造板饰面工人,,,,302017,4,,,1.25
,,,木材制品\家俱 制作,,技师,,,,812001,3,,,标准
,,,,,领班，监工,,,,812002,2,,,标准
,,,,,木制家俱制造工人,,,,812004,4,,,标准
,,,,,木制家俱制造修理工,,,,812005,4,,,标准
,,,,,金属家俱制造工人,,,,812006,4,,,标准
,,,,,金属家俱修理工,,,,812007,4,,,标准
,,,,,手工木工,,,,812008,4,,,标准
,,,,,机械木工,,,,812009,4,,,标准
,,,,,精细木工,,,,812010,4,,,标准
,,,,,领班,,,,303001,3,,,标准
,,,,,山地造林工人,,,,303002,4,,,1.25
,,,造林业,,山林管理人员,,,,303003,4,,,1.25
,,,,,森林防火人员,,,,303004,6,,,拒保
,,,,,树木育苗人员,,,,303005,2,,,标准
,,,,,实验室育苗栽培人员,,,,303006,1,,,标准
,,,,,森林病虫害防治人员,,,,303007,2,,,标准
,,,地质勘测,,地质探测员(山区，海上),,,,706001,6,,,标准
,,,,,地质探测员(平地),,,,706002,2,,,标准
,,,,,工程师,,,,706011,2,,,标准
,,,,,钻探工人,,,,706012,4,,,1.25
,,,,,坑探工人,,,,706013,6,,,2
,,,,,物探工人,,,,706014,4,,,1.25
,,,,,地震物探爆炸工人,,,,706015,拒保,,,拒保
,,,,,采样工人,,,,706016,4,,,1.25
,,,,,海洋地质取样工人,,,,706017,拒保,,,拒保
,,,,,海洋土质实验工人,,,,706018,1,,,标准
,,,,,固体岩矿碎样工人,,,,706019,2,,,标准
,,,,,岩矿\古生物样品磨片工人,,,,706020,3,,,标准
,,,,,重沙样品淘洗工人,,,,706021,2,,,标准
,,,,,劈岩\保管工人,,,,706022,3,,,标准
,,,地质测量,,大地\工程测量人员,,,,706023,3,,,标准
,,,,,摄影测量人员,,,,706024,2,,,标准
,,,,,地图制图人员,,,,706025,1,,,标准
,,,,,地籍测绘人员,,,,706026,2,,,标准
,,,,,海洋测绘人员(非海上作业),,,,706027,2,,,标准
,,,,,海洋测绘人员(海上作业),,,,706028,6,,,2
,,,矿物开采,,经营者(不到现场者),,,,402001,1,,,标准
,,,,,经营者(现场监督者),,,,402007,3,,,标准
,,,,,经理人员,,,,402003,2,,,标准
,,,,,矿业工程师\技师\领班,,,,402004,4,,,标准
,,,,,*地面采矿工人,,,,402005,6,,,1.5
,,,,,工矿安全人员,,,,402006,4,,,1.25
,,,,,井下采矿工人,,,,401001,拒保,,,拒保
,,,,,支护工人,,,,401002,拒保,,,拒保
,,,,,矿物采掘爆破工人,,,,401003,拒保,,,拒保
,,,,,矿井开掘工人,,,,401004,拒保,,,拒保
,,,,,露天采矿挖掘机司机,,,,401005,6,,,2
,,,,,钻孔机司机,,,,401006,6,,,2
,,,,,井筒冻结工人,,,,401007,6,,,2
,,,,,"矿山提升机\架空索道\绞车等操作工人",,,,401008,4,,,1.5
,,,,,矿井机车运输工人,,,,401009,拒保,,,拒保
,,,,,矿井通风工人,,,,401010,4,,,1.25
,,,,,矿山检查验收人员,,,,401011,3,,,1.25
,,,,,矿工头灯充电人员,,,,401012,2,,,标准
,,,,,矿灯\自救器管理人员,,,,401013,1,,,标准
,,,,,火药\雷管管理工,,,,401014,5,,,拒保
,,矿山井下抢险\救灾人员,,,,,401015,拒保,,,拒保,,
矿物处理,筛选破碎工人,,,,,,401016,3,,,1.25,,
,重力选矿工人,,,,,,401017,3,,,1.25,,
,浮选工人,,,,,,401018,2,,,标准,,
,磁选工人,,,,,,401019,2,,,标准,,
,选矿脱水工人,,,,,,401020,2,,,标准,,
,尾矿处理工人,,,,,,401021,4,,,1.5,,
,磨矿工人,,,,,,401022,4,,,1.5,,
,水煤浆制备工人,,,,,,401023,4,,,1.5,,
,动力配煤工人,,,,,,401024,2,,,1.25,,
,工业型煤加工人员,,,,,,401025,2,,,1.25,,
盐业生产,海盐晒制工人,,,,,,401026,3,,,标准,,
,海盐采收工人,,,,,,401027,2,,,标准,,
,湖盐采掘船工人,,,,,,401028,6,,,2,,
,湖盐采掘爆破工人,,,,,,401029,拒保,,,拒保,,
,湖盐脱水工人,,,,,,401030,3,,,标准,,
,驳筑\集拆坨盐工人,,,,,,401031,3,,,标准,,
,井矿盐采卤工人,,,,,,401032,3,,,1.25,,
,井矿盐卤水净化工人,,,,,,401033,3,,,1.25,,
,真空制盐工人,,,,,,401034,3,,,标准,,
,冷冻提硝工人,,,,,,401035,3,,,1.25,,
,苦卤综合利用工人,,,,,,401036,3,,,1.25,,
,精制盐工人,,,,,,401037,3,,,1.25,,
"海上采矿\采油作业",,所有作业人员,,,,,403001,拒保,,,拒保,,
陆上油矿开采 业,行政人员,,,,,,405001,2,,,标准,,
,工程师,,,,,,405002,3,,,标准,,
,技术员,,,,,,405003,5,,,1.25,,
,油气井清洁保养修护工,,,,,,405004,5,,,1.5,,
,钻勘设备装修保养工,,,,,,405005,5,,,1.5,,
,钻油井工人,,,,,,405006,5,,,2,,
,钻井设备\井架安装工人,,,,,,405007,5,,,2,,
,油气井测试工人,,,,,,405008,5,,,2,,
,采油\气工人,,,,,,405009,5,,,2,,
,井下作业工人,,,,,,405010,拒保,,,拒保,,
,天然气净化工人,,,,,,405011,3,,,1.25,,
,油气输送工人,,,,,,405012,3,,,1.25,,
,油气管道保护工人,,,,,,405013,5,,,1.5,,
,采油化验工,,,,,,405014,3,,,标准,,
,综合录井工,,,,,,405015,3,,,标准,,
,气测工,,,,,,405016,3,,,标准,,
,注水员,,,,,,405017,3,,,标准,,
采砂石业,采石业工人,,,,,,404001,5,,,1.5,,
,"采石业工人(从事凿眼、放炮、破料等)",,,,,,404005,拒保,,,拒保,,
,采砂业工人,,,,,,404002,4,,,1.5,,
,采砂\石厂管理人员,,,,,,404003,3,,,标准,,
地质矿产,,,,,,,,,,,,,
,,,,,,淘金工人,,,404004,4,,,1.25
,,,公路运输及设 备操作,,计程，货运行业负责人(不驾驶),,,,501001,1,,,标准
,,,,,外务员,,,,501002,2,,,标准
,,,,,内勤工作人员,,,,501003,1,,,标准
,,,,,自用小客车司机,,,,501004,2,,,标准
,,,,,自用大客车司机,,,,501005,2,,,标准
,,,,,计程车司机,,,,501006,3,,,标准
,,,,,游览车司机及服务员,,,,501007,3,,,标准
,,,,,客运车司机及服务员,,,,501008,3,,,标准
,,,,,小型客货两用车司机,,,,501009,3,,,标准
,,,,,自用货车司机，随车工人,,,,501010,4,,,标准
,,,,,人力三轮车夫,,,,501011,3,,,标准
,,,,,拖拉机驾驶人员,,,,501012,5,,,2
,,,,,机动三轮车人员,,,,501013,5,,,1.75
,,,,,柜台售票员,,,,501014,1,,,标准
,,,,,客运车稽核人员,,,,501015,2,,,标准
,,,,,营业用货车司机,,,,501016,6,,,1.5
,,,,,营业用货车随车工人,,,,501017,6,,,1.5
,,,,,装卸搬运工人,,,,501018,5,,,1.5
,,,,,砂石车司机，随车工人,,,,501019,6,,,1.75
,,,,,工程卡车人员,,,,501020,5,,,1.5
,,,,,液化气\油罐车司机==随车人员,,,,501021,6,,,2
,,,,,货柜车司机，随车工人,,,,501022,4,,,1.5
,,,,,缆车操作员,,,,501023,3,,,标准
,,,,,执摩托车驾照者,,,,501024,3,,,标准
,,,,,营业用摩托车驾驶员,,,,501025,5,,,2
,,,,,公交车司机及售票员,,,,501026,3,,,标准
,,,,,路桥收费站收费员,,,,501027,2,,,标准
,,,,,路桥收费站执勤员,,,,501028,4,,,标准
,,,,,汽车运输调度员,,,,501029,1,,,标准
,,,,,汽车货运站务员,,,,501030,2,,,标准
,,,铁路运输及设 备操作,,站长,,,,502001,1,,,标准
,,,,,票房工作人员,,,,502002,1,,,标准
,,,,,播音员,,,,502003,1,,,标准
,,,,,一般内勤人员,,,,502004,1,,,标准
,,,,,车站剪票员,,,,502005,1,,,标准
,,,,,服务台人员,,,,502006,1,,,标准
,,,,,月台工作人员,,,,502007,2,,,标准
,,,,,行李搬运工人,,,,502008,2,,,标准
,,,,,车站清洁工人,,,,502009,2,,,标准
,,,,,随车人员(技术人员除外),,,,502010,2,,,标准
,,,,,机车贺驶员,,,,502011,3,,,标准
,,,,,机车燃料填充员,,,,502012,3,,,标准
,,,,,机工,,,,502013,4,,,1.25
,,,,,电工,,,,502014,4,,,1.25
,,,,,修设厂厂长,,,,502015,1,,,标准
,,,,,修设厂一般内勤,,,,502016,1,,,标准
,修设厂工程师,,,,,,502017,2,,,标准,,
,修设厂技工,,,,,,502018,3,,,标准,,
,修路工,,,,,,502019,4,,,1.5,,
,铁路维护工,,,,,,502020,4,,,1.5,,
,铁路平交道看守人员,,,,,,502021,2,,,标准,,
,铁路货运领班,,,,,,502022,3,,,标准,,
,铁路货运搬运工人,,,,,,502023,5,,,1.5,,
,发电车乘务员,,,,,,502024,3,,,标准,,
,铁路信号工人,,,,,,502025,4,,,标准,,
,铁路通讯工人,,,,,,502026,4,,,标准,,
,乘警,,,,,,502027,3,,,标准,,
,仓库管理员,,,,,,502028,3,,,标准,,
水上运输及设 备操作,客货轮船长,,,,,,503001,4,,,标准,,
,客货轮机长和高级船员,,,,,,503002,4,,,标准,,
,客货轮大副,,,,,,503003,5,,,1.25,,
,客货轮二副,,,,,,503004,5,,,1.25,,
,客货轮三副,,,,,,503005,5,,,1.25,,
,客货轮大管轮,,,,,,503006,5,,,1.25,,
,客货轮二管轮,,,,,,503007,5,,,1.25,,
,客货轮三管轮,,,,,,503008,5,,,1.25,,
,客货轮报务员,,,,,,503009,5,,,1.25,,
,客货轮事务长,,,,,,503010,5,,,1.25,,
,客货轮医务人员及一般船员,,,,,,503011,5,,,1.25,,
,客货轮水手长,,,,,,503012,5,,,1.25,,
,客货轮水手,,,,,,503013,5,,,1.5,,
,客货轮铜匠,,,,,,503014,5,,,1.5,,
,客货轮木匠,,,,,,503015,5,,,1.5,,
,客货轮泵匠,,,,,,503016,5,,,1.5,,
,客货轮电机师,,,,,,503017,5,,,1.25,,
,客货轮厨师,,,,,,503018,5,,,1.25,,
,客货轮服务生,,,,,,503019,5,,,1.25,,
,客货轮实习生,,,,,,503020,5,,,1.25,,
,游览船工作人员,,,,,,503021,5,,,1.5,,
,小汽艇工作人员,,,,,,503022,5,,,1.75,,
,码头工人及领班,,,,,,503023,5,,,2,,
,推高机操作员,,,,,,503024,4,,,1.75,,
,港口仓库管理人,,,,,,503025,2,,,标准,,
,港口作业领航员,,,,,,503026,4,,,标准,,
,港口作业引水人,,,,,,503027,4,,,标准,,
,港口作业业务人员,,,,,,503028,2,,,标准,,
,港口作业稽查人员,,,,,,503029,3,,,标准,,
,港口作业缉私人员,,,,,,503030,5,,,1.5,,
,拖船驾驶及工作人员,,,,,,503031,4,,,1.5,,
,渡轮驾驶及工作人员,,,,,,503032,4,,,1.25,,
,救难船员,,,,,,503033,6,,,拒保,,
,港口门吊操作人员,,,,,,503034,2,,,标准,,
,潜水员,,,,,,503035,拒保,,,拒保,,
运输业,,,,,,,,,,,,,
,,,,,船舶机工,,,,503036,6,,,1.75
,,,,,船舶轮机员,,,,503037,6,,,1.75
,,,,,船舶加油,,,,503038,3,,,标准
,,,,,无线电航标操作工,,,,503039,3,,,标准
,,,,,视觉航标工(灯塔\航标维护保养),,,,503040,6,,,1.75
,,,,,港口维护工(码头维修\水面防污),,,,503041,5,,,1.5
,,,,,航道航务施工工人,,,,503042,拒保,,,拒保
,,,空中运输及设 备操作,,航空站站长,,,,504001,1,,,标准
,,,,,航空站播音员,,,,504002,1,,,标准
,,,,,航空站服务室人员,,,,504003,1,,,标准
,,,,,航空站一般内勤,,,,504004,1,,,标准
,,,,,航空站塔室工作人员,,,,504005,1,,,标准
,,,,,航空站业务人员,,,,504006,1,,,标准
,,,,,航空站检查人员,,,,504007,2,,,标准
,,,,,航空站运务人员,,,,504008,2,,,标准
,,,,,航空站缉私人员,,,,504009,3,,,标准
,,,,,航空站内清洁工人,,,,504010,2,,,标准
,,,,,机场内交通车司机,,,,504011,2,,,标准
,,,,,航空行李货运搬运员,,,,504012,3,,,标准
,,,,,飞机洗刷人员(外),,,,504014,4,,,1.5
,,,,,加添燃料员,,,,504013,4,,,标准
,,,,,航空清洁工(内),,,,504015,2,,,标准
,,,,,航空跑道维护工,,,,504016,3,,,1.25
,,,,,航空站机械员,,,,504017,4,,,1.25
,,,,,民用航空器修理维护人员,,,,504018,4,,,1.25
,,,,,航空公司办事处人员,,,,504019,1,,,标准
,,,,,航空公司票务人员,,,,504020,1,,,标准
,,,,,机场柜台人员,,,,504021,1,,,标准
,,,,,航空公司清仓员,,,,504022,2,,,标准
,,,,,航空货运一般内勤,,,,504023,1,,,标准
,,,,,航空货运外务人员,,,,504024,2,,,标准
,,,,,航空货运报关人员,,,,504025,2,,,标准
,,,,,航空货运理货员,,,,504026,3,,,标准
,,,,,民航机飞行员,,,,504027,4,,,标准
,,,,,机上服务员,,,,504028,4,,,标准
,,,,,直升机飞行员,,,,504029,6,,,1.75
,,,,,航空通信雷达导航员,,,,504030,1,,,标准
,,,,,航空通信雷达设备维护人员,,,,504031,3,,,标准
,,,,,航空摄影人员,,,,504032,6,,,1.75
,,,,,航空器材员,,,,504033,3,,,标准
,,,,,航空气象员,,,,504034,1,,,标准
,,,,,建筑师,,,,701001,1,,,标准
,,,,,制图员,,,,701002,1,,,标准
,,,,,内勤工作人员,,,,701003,1,,,标准
,,,,,测量员,,,,701004,3,,,标准
,,,,,工程师,,,,701005,3,,,标准
,,,,,监工,,,,701006,3,,,标准
建筑公司,业务员,,,,,,701007,2,,,标准,,
,引导员,,,,,,701008,2,,,标准,,
,建筑工人领班(不参与工作),,,,,,701009,4,,,标准,,
,"承包商(不亲自作业==偶尔去现场巡视==若亲自作业请参照具体工种)",,,,,,701022,2,,,标准,,
,短工,,,,,,701033,拒保,,,拒保,,
施工架搭设,,鹰架架设工人,,,,,701018,拒保,,,拒保,,
土石方施工,凿岩工人,,,,,,701035,拒保,,,拒保,,
,爆破工人,,,,,,701036,拒保,,,拒保,,
,"土石方机械操作工人(推土机\铲运机\挖掘机\打桩机驾驶操作人员)",,,,,,701037,5,,,1.5,,
砌筑,砌筑工人,,,,,,701038,5,,,1.25,,
,泥水匠,,,,,,701012,6,,,2,,
,磨石工人,,,,,,701023,3,,,标准,,
,洗石工人,,,,,,701024,3,,,标准,,
混凝土配制及 制品加工,混凝土工人,,,,,,701039,4,,,1.25,,
,混凝土制品模具工人,,,,,,701040,4,,,1.25,,
,钢筋工人,,,,,,701041,5,,,1.5,,
,混凝土混合机操作员,,,,,,701013,4,,,标准,,
工程防水\排水,防渗墙工人,,,,,,701042,4,,,1.25,,
,排水工程人员,,,,,,701027,4,,,1.25,,
,防水工程员,,,,,,701028,4,,,1.25,,
装饰装修,设计制图人员,,,,,,705001,1,,,标准,,
,地毯之装设人员,,,,,,705002,2,,,标准,,
,室内装璜人员,,,,,,705003,4,,,标准,,
,室外装璜人员(高空),,,,,,705004,6,,,2,,
,承包商，监工,,,,,,705005,2,,,标准,,
,装饰装修工人,,,,,,705006,4,,,1.25,,
,室内成套设备装饰工人,,,,,,705007,3,,,标准,,
,木匠(室内),,,,,,701011,3,,,标准,,
,木匠(室外及高空),,,,,,701029,6,,,2,,
,建筑油漆工(室内),,,,,,701014,4,,,1.5,,
,建筑油漆工(室外及高空),,,,,,701030,6,,,2,,
,建筑水电工(室内),,,,,,701015,4,,,1.5,,
,建筑水电工(地下),,,,,,701031,拒保,,,拒保,,
,建筑焊工(室内),,,,,,701019,5,,,1.5,,
,建筑焊工(室外及高空),,,,,,701034,6,,,2,,
,铝\铁门窗装修工人,,,,,,701026,5,,,1.5,,
,安装工人(室外及高空),,,,,,701025,6,,,2,,
,石棉瓦\浪板安装工人,,,,,,701043,4,,,1.5,,
,玻璃幕墙安装工人,,,,,,701044,拒保,,,拒保,,
,水暧工,,,,,,701045,3,,,标准,,
古建筑修建,古建筑结构施工工人,,,,,,701046,4,,,1.25,,
,古建筑装饰工人,,,,,,701047,4,,,1.25,,
,,工程师,,,,,702001,3,,,标准,,
工程施工,,,,,,,,,,,,,
,,,筑路\养护\维 修,,领班，监工,,,,702002,3,,,标准
,,,,,道路工程机械操作员,,,,702004,4,,,1.25
,,,,,道路工程车辆驾驶员,,,,702005,4,,,1.25
,,,,,山地铺设工人,,,,702006,5,,,1.5
,,,,,平地铺设工人,,,,702007,4,,,1.25
,,,,,维护工人,,,,702008,4,,,1.25
,,,,,电线架设及维护工人,,,,702009,5,,,1.5
,,,,,管道铺设及维护工人,,,,702010,4,,,1.5
,,,,,高速公路工程人员,,,,702011,5,,,1.25
,,,,,线桥专用机械操作工人,,,,702012,5,,,1.5
,,,,,铁路舟桥工人,,,,702013,5,,,1.5
,,,,,道岔制修工人,,,,702014,5,,,1.5
,,,,,枕木处理工人,,,,702015,4,,,1.25
,,,,,桥梁工程人员,,,,706006,5,,,1.75
,,,,,隧道工程人员,,,,706007,6,,,2
,,,工程机械设备 安装,,电梯\升降机安装工人,,,,704001,5,,,1.75
,,,,,电梯\升降机修理及维护工人,,,,704002,5,,,1.75
,,,,,电梯操作员(不包括矿场使用者),,,,704003,2,,,标准
,,,,,机械设备安装工人,,,,704004,3,,,1.25
,,,,,电气设备安装工人,,,,704005,4,,,1.25
,,,,,管工,,,,704006,4,,,1.25
,,,,,防火系统\报警器安装人员,,,,704007,4,,,1.25
,,,起重装卸机械 操作,,起重装卸机操作工人,,,,704008,4,,,1.25
,,,,,起重工人,,,,704009,6,,,1.5
,,,,,输送机操作工人,,,,704010,3,,,标准
,,,,,闸门运行工人,,,,704011,3,,,标准
,,,,,索道运输机械操作工人,,,,704012,3,,,标准
,,,其他工程施工,,建筑工程车辆驾驶员,,,,701020,5,,,1.25
,,,,,建筑工程车辆机械操作员,,,,701021,5,,,1.25
,,,,,工地看守员,,,,706003,4,,,1.25
,,,,,海湾港口工程人员,,,,706004,5,,,1.75
,,,,,潜水工作人员,,,,706008,拒保,,,拒保
,,,,,爆破工作人员,,,,706009,拒保,,,拒保
,,,,,挖泥船工人,,,,706010,5,,,1.5
建筑材料,,,水泥(含石灰\ 石膏),,工程师,,,,806001,2,,,标准
,,,,,技师,,,,806002,2,,,标准
,,,,,领班,,,,806003,3,,,标准
,,,,,工人,,,,806004,4,,,1.5
,,,,,采掘工,,,,806006,6,,,拒保
,,,,,水泥生产制造工人,,,,806007,6,,,2
,,,,,水泥制品工人,,,,806008,6,,,2
,,,,,石灰石焙烧工人,,,,806009,6,,,2
,,,墙体屋面材料 生产,,砖\瓦生产工人,,,,806010,3,,,1.25
,,,,,加气混凝土制造工人,,,,806011,6,,,2
,,,,,纸面石膏板生产工人,,,,806012,3,,,1.25
,,,,,石膏浮雕板工人,,,,806013,3,,,1.25
,,,,,监工(不参与制造过程),,,,806014,2,,,标准
,,,,,,装饰石材生产工人,,,806015,5,,,1.5
,,,防水\保温\吸 音材料生产,,油毡生产工人,,,,806016,3,,,1.25
,,,,,高分子防水卷材生工人,,,,806017,3,,,1.25
,,,,,保温材料生产工人,,,,806018,4,,,1.25
,,,,,吸音材料生产工人,,,,806019,4,,,1.25
,,,,,珍珠岩制造工人,,,,806020,4,,,1.25
,,,耐火材料生产,,耐火材料技师,,,,806021,2,,,标准
,,,,,耐火原材料加工工人,,,,806022,3,,,1.25
,,,,,耐火材料成型工人,,,,806023,3,,,1.25
,,,,,耐火材料烧成工人,,,,806024,4,,,1.25
,,,,,耐火制品浸油工人,,,,806025,4,,,1.25
,,,,,耐火纤维制品工人,,,,806026,4,,,1.25
钢铁业,,,钢铁业,,技师,,,,801001,2,,,标准
,,,,,工程师,,,,801002,2,,,标准
,,,,,领班，监工,,,,801003,3,,,标准
,,,,,一般工人,,,,801004,4,,,1.25
,,,炼铁,,冶炼风机工人,,,,801005,3,,,1.25
,,,,,烧结球团原料工人,,,,801006,4,,,1.25
,,,,,烧结工人,,,,801007,4,,,1.25
,,,,,球团焙烧工人,,,,801008,4,,,1.25
,,,,,绕结成品工人,,,,801009,4,,,1.25
,,,,,高炉原料工人,,,,801010,5,,,1.5
,,,,,高炉炉前工人,,,,801011,拒保,,,拒保
,,,,,高炉运转工人,,,,801012,5,,,1.5
,,,炼钢,,炼钢原料工人,,,,801013,5,,,1.75
,,,,,平炉炼钢工人,,,,801014,5,,,1.75
,,,,,转炉炼钢工人,,,,801015,5,,,1.75
,,,,,电炉炼钢工人,,,,801016,5,,,1.75
,,,,,炼钢浇铸工人,,,,801017,5,,,1.75
,,,,,炼钢准备工人,,,,801018,5,,,1.5
,,,,,整脱模工人,,,,801019,5,,,1.5
,,,铁合金冶炼,,铁合金原料工人,,,,801020,3,,,1.25
,,,,,铁合金电炉治炼工人,,,,801021,5,,,1.5
,,,,,铁合金焙烧工人,,,,801022,4,,,1.25
,,,,,铁合金湿法治工人,,,,801023,4,,,1.25
,,,,,铁合金炉外法治炼工人,,,,801024,4,,,1.25
,,,"重有色金属冶炼",,重冶备料工人,,,,801025,4,,,1.25
,,,,,焙烧工人,,,,801026,4,,,1.25
,,,,,火法冶炼工人,,,,801027,5,,,1.5
,,,,,湿法冶炼钢工人,,,,801028,4,,,1.25
,,,,,电解精炼工人,,,,801029,4,,,1.25
,,,,,烟气制酸工人,,,,801030,5,,,1.5
,,,,,氧化铝制取工人,,,,801031,4,,,1.25
,,,,,铝电解工人,,,,801032,4,,,1.25
,,,,,镁冶炼工人,,,,801033,4,,,1.25
,,,,,硅冶炼工人,,,,801034,4,,,1.25
,,,稀贵金属,,,钨\钽\钛等稀贵金属冶炼工人,,,801035,4,,,1.25
,,,冶炼,,,半导体材料制造人员,,,801036,4,,,1.25
,,,金属轧制,,轧制原料工人,,,,801037,4,,,1.25
,,,,,金属轧制工人,,,,801038,5,,,1.5
,,,,,酸洗工人,,,,801039,5,,,1.5
,,,,,金属材料涂层工人,,,,801040,4,,,1.25
,,,,,金属材料热处理工人,,,,801041,5,,,1.5
,,,,,焊管工人,,,,801042,6,,,1.75
,,,,,精整工人,,,,801043,5,,,1.5
,,,,,金属材料丝拉拔工人,,,,801044,5,,,1.5
,,,,,金属挤压工人,,,,801045,5,,,1.5
,,,,,铸轧工人,,,,801046,5,,,1.5
,,,,,钢丝绳制造工人,,,,801047,4,,,1.25
,,,铸铁管生产,,铸管备品工人,,,,801048,3,,,1.25
,,,,,铸管工人,,,,801049,5,,,1.5
,,,,,铸管精修工人,,,,801050,5,,,1.5
,,,硬质合金生产,,硬质合金混合料制备工人,,,,801051,4,,,1.25
,,,,,硬质合金成型工人,,,,801052,5,,,1.5
,,,,,硬质合金烧结工人,,,,801053,4,,,1.25
,,,,,硬质合金精加工工人,,,,801054,4,,,1.25
,,,碳素制品生产,,,碳素制品生产人员,,,801055,4,,,1.25
机械制造加 工业,,,机械制造\加工,,领班,,,,802001,3,,,标准
,,,,,钣金工人,,,,802002,4,,,1.25
,,,,,质量检验人员,,,,802003,2,,,标准
,,,,,工程师,,,,802019,2,,,标准
,,,,,装配工人,,,,802005,4,,,1.25
,,,,,焊接工人,,,,802006,5,,,1.5
,,,,,车床工人(全自动),,,,802007,5,,,1.25
,,,,,车床工人(其他),,,,802008,5,,,1.5
,,,,,铸造工人,,,,802009,5,,,1.5
,,,,,锅炉工人,,,,802010,5,,,1.5
,,,,,水电工人,,,,802011,4,,,1.25
,,,,,铁工厂工人,,,,802013,5,,,1.5
,,,,,铅字铸造工人,,,,802012,4,,,1.5
,,,,,机械厂工人,,,,802014,5,,,1.5
,,,,,电镀工人,,,,802015,4,,,1.5
,,,,,铣床工人,,,,802016,5,,,1.5
,,,,,剪床工人,,,,802017,5,,,1.5
,,,,,冲床工人,,,,802018,5,,,1.5
,,,,,拉床工人,,,,802004,5,,,1.5
,,,,,锯床工人,,,,802020,5,,,1.5
,,,,,钻床工人,,,,802021,5,,,1.5
,,,,,刨工,,,,802022,5,,,1.5
,,,,,磨工,,,,802023,5,,,1.5
,,,,,镗工,,,,802024,5,,,1.5
,,,,,制齿工人,,,,802025,5,,,1.5
,,,,,组合机床操作工人,,,,802026,5,,,1.5
,,,,,加工中心操作工人,,,,802027,5,,,1.25
,,,,,螺丝纹挤形工人,,,,802028,5,,,1.25
,,,,,刃具扭制工人,,,,802029,5,,,1.25
,,,,,弹性元件制造工人,,,,802030,5,,,1.5
,,,,,抛磨光工人,,,,802031,4,,,1.25
,,,,,锻造工人,,,,802032,5,,,1.5
,,,,,金属热处理工人,,,,802033,5,,,1.25
,,,,,粉末冶金制造工人,,,,802034,5,,,1.5
,,,,,电切削工人,,,,802035,5,,,1.5
,,,,,磨料制造工人,,,,802036,4,,,1.25
,,,,,磨具制造工人,,,,802037,4,,,1.25
,,,,,电焊条制造工人,,,,802038,4,,,1.25
,,,,,仪器仪表元件制造工人,,,,802039,4,,,1.25
,,,,,真空干燥处理工人,,,,802040,3,,,标准
,,,,,人造宝石制造工人,,,,802041,3,,,标准
,,,,,行车司机及指挥人员,,,,802042,6,,,1.5
电子业,,,电子业,,工程师(负责人),,,,803001,2,,,标准
,,,,,技师,,,,803002,2,,,标准
,,,,,领班，监工,,,,803003,2,,,标准
,,,,,工程师,,,,803004,2,,,标准
,,,,,装配工,,,,803005,3,,,标准
,,,,,包装工人,,,,803007,2,,,标准
,,,,,一般制造工人,,,,803008,3,,,标准
,,,,,质量检验人员,,,,803009,2,,,标准
,,,电子元器件制 造,,真空电子器件化学零件制造工,,,,803010,4,,,标准
,,,,,真空电子器件金属零件制造工,,,,803011,4,,,标准
,,,,,真空电子器件装配\调试工人,,,,803012,4,,,标准
,,,,,电极丝制造工人,,,,803013,3,,,标准
,,,,,电子真空镀膜工人,,,,803014,4,,,标准
,,,,,液晶显视器件制造工人,,,,803015,3,,,标准
,,,,,单晶片加工工人,,,,803016,3,,,标准
,,,,,半导体芯片制造工人,,,,803017,3,,,标准
,,,,,"半导体分立器件\集成电路装调工人",,,,803018,2,,,标准
,,,,,电子用水制备工人,,,,803019,2,,,标准
,,,,,电阻器制造工人,,,,803020,4,,,1.25
,,,,,电容器制造工人,,,,803021,4,,,1.25
,,,,,微波铁氧体元器件制造工人,,,,803022,4,,,1.25
,,,,,石英晶体生长设备操作工人,,,,803023,2,,,标准
,,,,,压电石英晶片加工工人,,,,803024,3,,,标准
,,,,,石英晶体元器件制造工人,,,,803025,3,,,标准
,,,,,电声器件制造工人,,,,803026,3,,,标准
,,,,,水声换能器制造工人,,,,803027,3,,,标准
,,,,,专用继电器制造工人,,,,803028,3,,,标准
,,,,,高频电感器件制造工人,,,,803029,2,,,标准
,,,,,接插件制造工人,,,,803030,4,,,标准
,,,,,磁头制造工人,,,,803031,2,,,标准
,,,,,电子产品制版工人,,,,803032,2,,,标准
,,,,,印制电路制作工人,,,,803033,3,,,标准
,,,,,薄膜加热器制造工人,,,,803034,3,,,标准
,,,电池制造,,电池制造(技师),,,,807005,3,,,标准
,,,,,铅酸电池制造工人,,,,803035,4,,,1.25
,,,,,碱性电池制造工人,,,,803036,4,,,1.25
,,,,,原电池制造工人,,,,803037,4,,,1.25
,,,,,热电池制造工人,,,,803038,4,,,1.25
,,,,,太阳电池制造工人,,,,803039,4,,,1.25
,,,电子设备装配\ 调试\修理,,无线电设备机械装校工人,,,,803040,4,,,1.25
,,,,,电子设备装配工人,,,,803041,4,,,1.25
,,,,,无线电调试工人,,,,803042,2,,,标准
,,,,,雷达装配工人,,,,803043,4,,,标准
,,,,,雷达调试工人,,,,803044,2,,,标准
,,,,,电子精密机械装调工人,,,,803045,2,,,标准
,,,,,电子计算机调试工人,,,,803046,1,,,标准
,,,,,有线通信传输设备调试工人,,,,803047,2,,,标准
,,,,,通讯交换设备调试工人,,,,803048,2,,,标准
,,,,,电源调试工人,,,,803049,2,,,标准
,,,,,激光机装调工人,,,,803050,2,,,标准
,,,,,激光全息工人,,,,803051,1,,,标准
,,,,,铁路通信组调工人,,,,803052,3,,,标准
,,,,,铁路信号组调工人,,,,803053,3,,,标准
,,,,,铁路电控组调工人,,,,803054,4,,,标准
,,,电子产品维修,,电子计算机维修工人,,,,803055,1,,,标准
,,,,,家电用品维修人员,,,,803056,2,,,标准
,,,,,修理工,,,,803006,3,,,标准
,,,机电产品装配,,工程师,,,,804001,2,,,标准
,,,,,技术人员,,,,804002,2,,,标准
,,,,,领班，监工,,,,804003,2,,,标准
,,,,,质量检验人员,,,,804004,2,,,标准
,,,,,有关高压电之工作人员,,,,804006,拒保,,,拒保
,,,,,仓库管理人员,,,,804009,3,,,标准
,,,,,基础件\部件装配工人,,,,804010,4,,,标准
,,,机械设备装配,,装配钳工,,,,804011,4,,,1.25
,,,,,工具钳工,,,,804012,5,,,1.25
,,,,,汽轮机装配工人,,,,804013,4,,,1.25
,,,,,内燃机装配工人,,,,804014,4,,,1.25
,,,,,电机装配工人,,,,804015,4,,,1.25
,,,电器设备装配,,铁心叠装工人,,,,804016,5,,,1.25
,,,,,绝缘制品件装配工人,,,,804017,4,,,1.25
,,,,,线圈绕制工人,,,,804018,4,,,1.25
,,,,,绝缘处理浸渍工人,,,,804019,3,,,标准
,,,,,变压器\互感器装配工人,,,,804020,4,,,1.25
,,,,,高\低压电器装配工人,,,,804021,4,,,1.25
,,,,,电焊机装配工人,,,,804022,4,,,1.25
,,,,,电炉装配工人,,,,804023,4,,,1.25
,,,,,电子专用设备装调工人,,,,804024,3,,,标准
,,真空测试工人,,,,,804025,2,,,标准,,
仪表仪器,仪表仪器元件安装工人,,,,,,804026,3,,,标准,,
,仪表仪器装调工人,,,,,,804027,3,,,标准,,
,仪表仪器装配工人,,,,,,804028,3,,,标准,,
,仪表仪器修理工人,,,,,,804029,3,,,标准,,
运输工具制造\ 装配\修理,工程师,,,,,,809001,2,,,标准,,
,技师,,,,,,809002,2,,,标准,,
,汽车\拖拉机装配工人,,,,,,809003,4,,,1.25,,
,自行车\助动车装配工人,,,,,,809004,3,,,标准,,
,汽车\拖拉机修理工人,,,,,,809005,4,,,标准,,
,自行车\助动车修理工人,,,,,,809006,3,,,标准,,
,领班，监工,,,,,,809007,2,,,标准,,
,试车人员,,,,,,809008,4,,,标准,,
,铁路机车\车辆机械制修工人,,,,,,809009,5,,,1.25,,
,铁路机车\车辆电气装修工人,,,,,,809010,5,,,1.25,,
,铁路机车车辆制动修造工人,,,,,,809011,5,,,1.25,,
,电机车装配工人,,,,,,809012,5,,,1.5,,
,摩托车装配工人,,,,,,809013,5,,,1.25,,
船舶舶制造\装 配\修理,工程师,,,,,,703001,3,,,标准,,
,领班，监工,,,,,,703002,4,,,1.25,,
,船体制造工人,,,,,,703003,5,,,1.25,,
,拆船工人,,,,,,703004,6,,,2,,
,船舶轮机装配工人,,,,,,703005,5,,,1.5,,
,船舶电气装配工人,,,,,,703006,4,,,1.25,,
,船舶附件制造工人,,,,,,703007,5,,,1.25,,
,船舶木塑帆缆工人,,,,,,703008,4,,,1.25,,
,船模制造试验工人,,,,,,703009,3,,,标准,,
,船舶修理工人,,,,,,703010,5,,,1.5,,
"日用机电制造\装配\修理",技师,,,,,,816001,2,,,标准,,
,一般制造工人,,,,,,816002,4,,,标准,,
,装配工,,,,,,816003,3,,,标准,,
,包装工,,,,,,816004,3,,,标准,,
,空调装修人员(高空),,,,,,804005,6,,,拒保,,
,冷冻修理工及室内空调装修员,,,,,,804007,4,,,标准,,
,空调器装配工人,,,,,,804008,5,,,1.25,,
,电冰箱装配工人,,,,,,816012,4,,,标准,,
,小型家用电器装配工人,,,,,,816013,4,,,标准,,
,洗衣机装配工人,,,,,,816014,4,,,标准,,
,缝纫机制造装配工人,,,,,,816015,3,,,标准,,
,办公小机械制造装配工人,,,,,,816016,3,,,标准,,
五金制品,工具五金制作工人,,,,,,816017,5,,,1.25,,
,建筑五金制作工人,,,,,,816018,5,,,1.25,,
,制锁工人,,,,,,816019,5,,,1.25,,
,铝制品制作工人,,,,,,816020,5,,,1.25,,
,日用五金制品制作工人,,,,,,816021,4,,,1.25,,
,飞机装配\调试工人,,,,,,816022,4,,,1.25,,
,航空发动机装配工人,,,,,,816023,3,,,标准,,
机电产品制 造与装配,,,,,,,,,,,,,
,,,"航空制造\装配\试验",,飞机螺旋桨装配工人,,,,816024,4,,,1.25
,,,,,飞机军械安装配调试工人,,,,816025,4,,,1.25
,,,,,航空电气安装调试工人,,,,816026,4,,,1.25
,,,,,飞机发动机附件装配工人,,,,816027,4,,,1.25
,,,,,航空\飞行仪表装配工人,,,,816028,3,,,标准
,,,,,航空装配平衡工人,,,,816029,3,,,标准
,,,,,飞机无线电设备装调试工人,,,,816030,3,,,标准
,,,,,飞机雷达安装调试工人,,,,816031,4,,,1.25
,,,,,飞机特种设备检测修理工人,,,,816032,3,,,标准
,,,,,飞机透明件制造胶接装配工人,,,,816033,3,,,标准
,,,,,飞机外场调试与维护工人,,,,816034,4,,,1.25
,,,,,飞机试验工人,,,,816035,2,,,标准
,,,,,机载导弹例行试验工人,,,,816036,4,,,1.25
,,,,,航空发动机试车工人,,,,816037,2,,,标准
,,,,,飞机螺旋桨试验工人,,,,816038,2,,,标准
,,,,,飞机\发动机附件试验工人,,,,816039,2,,,标准
,,,,,"航空环控救生装备试验工人(地面试验)",,,,816040,2,,,标准
,,,,,"航空环控救生装备试验工人(空中试验)",,,,816041,拒保,,,拒保
,,,,,航空仪表试验工人,,,,816042,2,,,标准
,,,,,航空电机电器试验设备调试工,,,,816043,2,,,标准
,,,,,航天器环境试验工人,,,,816044,3,,,标准
,,,,,航天器结构强度环境试验工人,,,,816045,3,,,标准
,,,,,航天器结构高低温环境试验工,,,,816046,3,,,标准
,,,,,火箭发动机介质试验工人,,,,816047,3,,,标准
,,,,,航天器系统试验工人,,,,816048,3,,,标准
,,,,,空间环境模拟光学装测工人,,,,816049,2,,,标准
,,,,,空间环境模拟温度试验工人,,,,816050,2,,,标准
,,,,,空间环境模拟真空试验工人,,,,816051,2,,,标准
,,,导弹\卫星装配 测试,,惯性器件装配工人,,,,816052,4,,,1.25
,,,,,伺服机构装配调试工人,,,,816053,4,,,1.25
,,,,,导弹部段装配工人,,,,816054,5,,,1.5
,,,,,航天器引信装配工人,,,,816055,6,,,1.75
,,,,,弹头装配工人,,,,816056,5,,,1.5
,,,,,导弹总体装配工人,,,,816057,5,,,1.5
,,,,,卫星总体装配 工人,,,,816058,4,,,1.5
,,,"火箭发动机装配试验",,液体为箭发动机装配试验工人,,,,816059,4,,,1.25
,,,,,固体火箭发动机装配试验工人,,,,816060,4,,,1.25
塑胶\橡胶业,,,"塑胶、橡胶生产",,工程师,,,,805001,2,,,标准
,,,,,技师,,,,805002,2,,,标准
,,,,,领班，监工,,,,805003,2,,,标准
,,,,,一般工人,,,,805005,3,,,1.5
,,,,,塑胶射出成型工人(自动),,,,805006,3,,,1.5
,,,,,塑胶射出成型工人(其他),,,,805007,4,,,1.5
,,,塑胶生产,,塑料制品配料工人,,,,805008,3,,,标准
,,,,,橡胶制品配料工人,,,,805009,2,,,标准
,,,,,橡胶炼胶工人,,,,805010,4,,,1.25
,,,,,橡胶成型工人,,,,805011,4,,,1.25
,,,,,橡胶硫化工人,,,,805012,4,,,1.25
,,,,,废胶再生工人,,,,805013,4,,,1.25
,,,无机化工生产,,工程师,,,,807001,2,,,标准
,,,,,技师,,,,807002,2,,,标准
,,,,,一般工人,,,,807003,3,,,标准
,,,,,硫酸，盐酸，硝酸等制造工人,,,,807004,拒保,,,拒保
,,,,,纯碱\烧碱等制造工人,,,,807008,拒保,,,拒保
,,,,,氟化盐生产工人,,,,807009,拒保,,,拒保
,,,,,缩聚磷酸盐生产工人,,,,807010,拒保,,,拒保
,,,,,无机化学反应工人,,,,807011,4,,,1.25
,,,,,高频等离子工人,,,,807012,5,,,1.25
,,,,,气体深冷分离工人\制氧工人,,,,807013,5,,,1.25
,,,,,液化气体制造工,,,,807007,5,,,1.5
,,,,,炭黑制造工人,,,,807014,4,,,1.25
,,,,,二硫化碳制造工人,,,,807015,5,,,1.5
,,,化工生产通用,,化工原料准备工人,,,,807016,4,,,标准
,,,,,压缩机工人,,,,807017,3,,,标准
,,,,,气体净化工人,,,,807018,3,,,标准
,,,,,过滤工人,,,,807019,3,,,标准
,,,,,油加热工人,,,,807020,4,,,1.5
,,,,,制冷工人,,,,807021,3,,,标准
,,,,,蒸发工人,,,,807022,3,,,标准
,,,,,蒸馏工人,,,,807023,3,,,标准
,,,,,萃取工人,,,,807024,3,,,标准
,,,,,吸收工人,,,,807025,3,,,标准
,,,,,吸附工人,,,,807026,3,,,标准
,,,,,干燥工人,,,,807027,3,,,标准
,,,,,结晶工人,,,,807028,3,,,标准
,,,,,造粒工人,,,,807029,3,,,标准
,,,,,防腐工人,,,,807030,5,,,1.5
,,,,,化工工艺试验工人,,,,807031,3,,,标准
,,,,,样品检验员,,,,807032,2,,,标准
,,,,,仪表监控员,,,,807033,2,,,标准
,,,,,化工总控工人,,,,807034,1,,,标准
,,,石油炼制,,燃料油生产工人,,,,807035,3,,,1.25
,,,,,润滑油\脂生产工人,,,,807036,3,,,1.25
,,,,,石油产品精制工人,,,,807037,3,,,1.25
,,,,,油制气工人,,,,807038,6,,,2
,,,煤化工生产,,备煤筛焦工人,,,,807039,4,,,1.5
,,,,,焦炉调温工人,,,,807040,4,,,1.5
,,,,,炼焦工\焦炉机车司机,,,,807041,6,,,1.75
,,,,,煤制气工人,,,,807042,6,,,1.75
,,,,,煤气储运工人,,,,807043,5,,,1.75
化肥生产,合成氨生产工人,,,,,,807044,4,,,1.5,,
,尿素生产工人,,,,,,807045,4,,,1.25,,
,硝酸铵生产工人,,,,,,807046,4,,,1.25,,
,碳酸氢铵生产工人,,,,,,807047,4,,,1.25,,
,硫酸铵生产工人,,,,,,807048,5,,,1.5,,
,过磷酸钙生产工人,,,,,,807049,5,,,1.5,,
,复合磷肥科长 人,,,,,,807050,4,,,1.25,,
,钙镁磷肥生产工人,,,,,,807051,4,,,1.25,,
,氯化钾生产工人,,,,,,807052,3,,,1.25,,
,微量元素混肥生产工人,,,,,,807053,4,,,1.25,,
"基本有机化工产品生产",脂肪烃生产工人,,,,,,807054,6,,,1.75,,
,环烃生产工人,,,,,,807055,4,,,1.25,,
,烃类衍生物生产工人,,,,,,807056,4,,,1.25,,
合成树脂生产,,合成树脂生产工人,,,,,807057,5,,,1.5,,
合成橡胶生产,,合成橡胶生产工人,,,,,807058,5,,,1.5,,
绝缘材料生产,,电子绝缘材料制造工人,,,,,807059,4,,,1.25,,
化学纤维生产,化纤聚合工人,,,,,,807060,5,,,1.5,,
,湿纺原液制工人,,,,,,807061,4,,,1.25,,
,纺丝工人,,,,,,807062,4,,,1.25,,
,化纤后处理工人,,,,,,807063,4,,,1.25,,
,纺丝凝固浴液配制工人,,,,,,807064,3,,,标准,,
,无纺布制造成工人,,,,,,807065,3,,,标准,,
,化纤纺丝精密组件工人,,,,,,807066,3,,,标准,,
合成革生产,,合成革制造工人,,,,,807067,3,,,标准,,
精细化工生产,有机合成工人,,,,,,807068,3,,,标准,,
,染料标准工人,,,,,,807069,2,,,标准,,
,染料应用试验工人,,,,,,807070,2,,,标准,,
,染料拼混工人,,,,,,807071,3,,,标准,,
,研磨分散工人,,,,,,807072,3,,,标准,,
,催化剂制造工人,,,,,,807073,3,,,标准,,
,催化剂试验工人,,,,,,807074,2,,,标准,,
,涂料合成树脂工人,,,,,,807075,4,,,1.25,,
,制漆配色调制工人,,,,,,807076,4,,,1.25,,
,溶剂制造工人,,,,,,807077,3,,,标准,,
,化学试剂制造工人,,,,,,807078,3,,,标准,,
,化工添加剂制造工人,,,,,,807079,3,,,标准,,
信息记录材料 生产,片基制造工人,,,,,,807080,4,,,1.25,,
,感光材料制造工人,,,,,,807081,4,,,1.25,,
,感光材料试验工人,,,,,,807082,2,,,标准,,
,暗盒制造工人,,,,,,807083,4,,,1.25,,
,废片\白银回收工人,,,,,,807084,4,,,1.25,,
,磁粉制造工人,,,,,,807085,3,,,标准,,
,磁记录材料制造工人,,,,,,807086,3,,,标准,,
,磁记录材料试验工人,,,,,,807087,3,,,标准,,
,感光鼓涂敷工人,,,,,,807088,3,,,标准,,
,树脂基复合材料工人,,,,,,807089,4,,,1.25,,
,橡胶基复合材料工人,,,,,,807090,4,,,1.25,,
化学工业,,,,,,,,,,,,,
,,,复合材料加工,,碳基复合材料工人,,,,807091,4,,,1.25
,,,,,陶瓷基复合材料工人,,,,807092,4,,,1.25
,,,,,复合固体推进剂成型工人,,,,807093,4,,,1.25
,,,,,复合固体发动机装药工人,,,,807094,4,,,1.25
,,,,,飞机复合材料制品工人,,,,807095,4,,,1.25
,,,"日用化学品生产",,制皂工人,,,,807096,4,,,1.25
,,,,,甘油工人,,,,807097,4,,,1.25
,,,,,脂肪酸工人,,,,807098,4,,,1.25
,,,,,洗衣粉成型工人,,,,807099,4,,,1.25
,,,,,合成洗涤剂制造工人,,,,807100,4,,,1.25
,,,,,香料制造工人,,,,807101,4,,,1.25
,,,,,香精制造工人,,,,807102,4,,,1.25
,,,,,化妆品制造工人,,,,807103,4,,,1.25
,,,,,牙膏制造工人,,,,807104,4,,,1.25
,,,,,油墨制造工人,,,,807105,5,,,1.5
,,,,,制胶工人,,,,807106,4,,,1.25
,,,,,火柴制造工人,,,,807107,6,,,1.75
,,,,,蜡烛制造工人,,,,807108,4,,,标准
,,,非金属矿及其 制品生产,,云母制品加工工人,,,,807109,4,,,标准
,,,,,石棉制品生产工人,,,,807110,拒保,,,拒保
,,,,,高岭土制造工人,,,,807111,4,,,1.25
,,,,,金刚石制造工人,,,,807112,5,,,1.25
,,,,,人工合成晶体生产工人,,,,807113,4,,,1.25
,,,火\炸药制造,,爆竹\烟花制造及处理工人,,,,808001,拒保,,,拒保
,,,,,火\炸药制造工人,,,,808002,拒保,,,拒保
,,,纺织及成衣业,,工程师,,,,810001,2,,,标准
,,,,,设计师,,,,810002,1,,,标准
,,,,,技师,,,,810003,2,,,标准
,,,,,制造工人,,,,810004,2,,,标准
,,,,,质量检验人员,,,,810006,1,,,标准
,,,纤维预处理,,纤维验配工人,,,,810007,1,,,标准
,,,,,开清棉工人,,,,810008,2,,,标准
,,,,,纤维染色工人,,,,810009,2,,,标准
,,,,,加湿软麻工人,,,,810010,2,,,标准
,,,,,选剥煮茧工人,,,,810011,2,,,标准
,,,,,纤维梳理工人,,,,810012,2,,,标准
,,,,,并条工人,,,,810013,2,,,标准
,,,,,粗纱工人,,,,810014,2,,,标准
,,,,,绢纺精炼工人,,,,810015,3,,,标准
,,,纺纱,,细纱工人,,,,810016,2,,,标准
,,,,,简并摇工人,,,,810017,2,,,标准
,,,,,捻线工人,,,,810018,2,,,标准
,,,,,制线工人,,,,810019,2,,,标准
,,,,,缫丝工人,,,,810020,2,,,标准
,,,,,整经工人,,,,810021,2,,,标准
,,,,,浆纱工人,,,,810022,2,,,标准
,,,,,穿经工人,,,,810023,2,,,标准
纺织\成衣\ 鞋帽\皮革 业,,,织造,,织布工人,,,,810024,2,,,标准
,,,,,织物验修工人,,,,810025,1,,,标准
,,,,,意匠纹版工人,,,,810026,2,,,标准
,,,针织,,纬编工人,,,,810027,2,,,标准
,,,,,经编工人,,,,810028,2,,,标准
,,,,,横机工人,,,,810029,2,,,标准
,,,,,织袜工人,,,,810030,2,,,标准
,,,,,铸\钳针工人,,,,810031,2,,,标准
,,,印染,,坯布检查处理工人,,,,810032,2,,,标准
,,,,,印染烧毛工人,,,,810033,3,,,标准
,,,,,煮炼漂工人,,,,810034,4,,,1.25
,,,,,印染洗涤工人,,,,810035,3,,,标准
,,,,,印染烘干工人,,,,810036,4,,,1.25
,,,,,印染丝光工人,,,,810037,4,,,1.25
,,,,,印染定型工人,,,,810038,4,,,1.25
,,,,,纺织针织染色工人,,,,810039,4,,,1.25
,,,,,印花工人,,,,810040,4,,,1.25
,,,,,印染雕刻制版工人,,,,810041,4,,,1.25
,,,,,印染后整理工人,,,,810042,3,,,1.25
,,,,,印染成品定等装潢工人,,,,810043,4,,,1.25
,,,,,印染染化料配制工人,,,,810044,3,,,1.25
,,,,,工艺染织制作工人,,,,810045,1,,,标准
,,,裁剪缝纫,,裁剪工人,,,,810046,3,,,标准
,,,,,缝纫工人,,,,810047,3,,,标准
,,,,,缝纫整型工人,,,,810048,3,,,标准
,,,,,裁缝,,,,810049,2,,,标准
,,,,,剧装工人,,,,810050,3,,,标准
,,,鞋帽制作,,制鞋工人,,,,810051,4,,,标准
,,,,,制帽工人,,,,810052,3,,,标准
,,,皮革毛皮加工,,皮革加工工人,,,,810053,4,,,1.25
,,,,,毛皮加工工人,,,,810054,3,,,1.25
,,,缝纫制品再加 工,,缝纫制品充填处理工人,,,,810055,3,,,标准
,,,,,胶制服装上胶工人,,,,810056,3,,,1.25
,,,,,服装水洗工人,,,,810057,2,,,标准
造纸\纸产 品,,,造纸工业,,技师,,,,811001,3,,,标准
,,,,,领班，监工,,,,811002,3,,,标准
,,,,,制浆备料工人,,,,811006,5,,,1.25
,,,,,制浆设备操作工人,,,,811004,5,,,1.25
,,,,,制浆废液回收利用工人,,,,811007,5,,,1.5
,,,,,造纸厂工人,,,,811003,4,,,1.25
,,,,,纸张整饰工人,,,,811008,3,,,标准
,,,,,宣纸书画纸制作工人,,,,811009,4,,,标准
,,,,,纸箱制造工人,,,,811005,4,,,标准
,,,,,纸盒制作工人,,,,811010,4,,,标准
电线电缆业,,,电线电缆业,,技术人员,,,,814001,2,,,标准
,,,,,工人,,,,814002,4,,,1.25
,,,,,,冰块制造,,,815001,3,,,标准
食品饮料制 造业,,,"食品饮料制造业",,技师,,,,815002,2,,,标准
,,,,,制造工人,,,,815003,3,,,标准
,,,粮油生产加工,,制米工人,,,,815004,3,,,标准
,,,,,制粉工人,,,,815005,3,,,标准
,,,,,制油工人,,,,815006,3,,,标准
,,,粮油食品制作,,糕点\面包烘焙工人,,,,815007,2,,,标准
,,,,,糕点装饰工人,,,,815008,1,,,标准
,,,,,米面主食制作工人,,,,815009,3,,,标准
,,,,,油脂制品工人,,,,815010,2,,,标准
,,,,,植物蛋白制作工人,,,,815011,2,,,标准
,,,,,豆制品制作工人,,,,815012,3,,,标准
,,,糖制品,,食糖制造工人,,,,815013,3,,,标准
,,,,,糖果制造工人,,,,815014,3,,,标准
,,,,,巧克力制造工人,,,,815015,3,,,标准
,,,乳品\冷食\罐 头\饮料制作,,乳品预处理工人,,,,815016,2,,,标准
,,,,,乳品加工工人,,,,815017,3,,,标准
,,,,,冷食品制作工人,,,,815018,3,,,标准
,,,,,速冻食品制作工人,,,,815019,3,,,标准
,,,,,食品罐头加工工人,,,,815020,3,,,标准
,,,,,饮料制作工人,,,,815021,3,,,标准
,,,酿酒,,酒品酿造工人,,,,815022,3,,,标准
,,,,,酒精制造工人,,,,815023,3,,,标准
,,,,,酒品标签粘贴、包装工人,,,,815024,2,,,标准
,,,食品添加剂\ 调味品制作,,酶制剂制造工人,,,,815025,3,,,标准
,,,,,柠檬酸制造工人,,,,815026,3,,,标准
,,,,,酱油\酱类制作工人,,,,815027,3,,,标准
,,,,,食醋制作工人,,,,815028,3,,,标准
,,,,,酱腌菜制作工人,,,,815029,3,,,标准
,,,,,食用调料制作工人,,,,815030,3,,,标准
,,,,,味精制作工人,,,,815031,3,,,标准
,,,屠宰加工,,猪\牛\羊屠宰加工工人,,,,815032,3,,,标准
,,,,,肠衣加工工人,,,,815033,3,,,标准
,,,,,禽类屠宰加工工人,,,,815034,3,,,标准
,,,肉\蛋食品加工,,熟肉制品加工工人,,,,815035,3,,,标准
,,,,,蛋品及再制蛋品加工工人,,,,815036,2,,,标准
,,,饲料生产加工,,饲料原料清理上料工人,,,,815037,2,,,标准
,,,,,饲料粉碎工人,,,,815038,3,,,标准
,,,,,饲料配料混合工人,,,,815039,2,,,标准
,,,,,饲料制料工人,,,,815040,3,,,标准
,,,,,饲料添加剂预混工人,,,,815041,2,,,标准
,,,,,饲料厂中控室操作人员,,,,815042,1,,,标准
,,,玻璃制品,,玻璃配料工人,,,,817001,3,,,标准
,,,,,玻璃熔化工人,,,,817002,4,,,1.25
,,,,,玻璃制板及玻璃成型工人,,,,817003,4,,,1.25
,,,,,玻璃加工工人,,,,817004,4,,,1.25
,,,,,玻璃制品装饰加工工人,,,,817005,2,,,标准
,,,,,技师,,,,817006,2,,,标准
玻璃\陶瓷\ 搪瓷 制品制 造业,,,,,监工,,,,817007,2,,,标准
,,,,,玻璃纤维制品工人,,,,817008,4,,,1.25
,,,,,玻璃钢制品工人,,,,817009,4,,,1.25
,,,,,石英玻璃制品加工工人,,,,817010,4,,,1.25
,,,陶瓷制品,,陶瓷原料准备工人,,,,817011,3,,,标准
,,,,,陶瓷成型工人,,,,817012,3,,,标准
,,,,,陶瓷烧成工人,,,,817013,3,,,标准
,,,,,陶瓷装饰工人,,,,817014,3,,,标准
,,,,,匣钵\模型制作工人,,,,817015,3,,,标准
,,,,,古建琉璃工人,,,,817016,3,,,标准
,,,搪瓷制品,,搪瓷釉浆熔制工人,,,,817017,3,,,标准
,,,,,搪瓷坯体制作工人,,,,817018,4,,,标准
,,,,,搪瓷涂搪烧成工人,,,,817019,3,,,标准
,,,,,搪瓷花版饰花工人,,,,817020,3,,,标准
烟草制品加 工业,,,烟草制品加工,,内勤行政工作人员,,,,818001,1,,,标准
,,,,,工程师\领班\监工,,,,818002,2,,,标准
,,,原烟复烤,,烟叶调制工人,,,,818003,2,,,标准
,,,,,烟叶分级工人,,,,818004,1,,,标准
,,,,,挂杆复烤工人,,,,818005,2,,,标准
,,,,,打叶复烤工人,,,,818006,2,,,标准
,,,,,烟叶回潮工人,,,,818007,2,,,标准
,,,,,烟叶发酵工人,,,,818008,2,,,标准
,,,卷烟生产,,烟叶制丝工人,,,,818009,3,,,标准
,,,,,膨胀烟丝工人,,,,818010,3,,,标准
,,,,,白肋烟处理工人,,,,818011,2,,,标准
,,,,,烟草薄片工人,,,,818012,3,,,标准
,,,,,烟草卷接工人,,,,818013,2,,,标准
,,,烟用醋酸纤维 丝束\滤棒制 作人员,,烟用二醋片制造工人,,,,818014,3,,,标准
,,,,,烟用丝束制造工人,,,,818015,3,,,标准
,,,,,滤棒制造工人,,,,818016,3,,,标准
医疗用品\ 制药业,,,制药,,一般内勤人员,,,,819001,1,,,标准
,,,,,技师\产品研究人员,,,,819002,2,,,标准
,,,,,中药材种植人员,,,,819003,2,,,标准
,,,,,中药炮制与配制工人,,,,819004,2,,,标准
,,,,,中药液体制剂工人,,,,819005,2,,,标准
,,,,,中药固体制剂工人,,,,819006,2,,,标准
,,,,,化学合成制药工人,,,,819007,3,,,标准
,,,,,药物制剂工人,,,,819008,2,,,标准
,,,,,淀粉\葡萄糖制造工人,,,,819009,3,,,标准
,,,生物制品,,生化药品制造人员,,,,819010,2,,,标准
,,,,,发酵工程制药人员,,,,819011,2,,,标准
,,,,,疫苗制品工人,,,,819012,3,,,标准
,,,,,血液制品制造人员,,,,819013,3,,,标准
,,,,,基因工程产品制造人员,,,,819014,2,,,标准
,,,医疗用品\器 械装配,,医疗器械装配工人,,,,819015,3,,,标准
,,,,,假肢制作装配工人,,,,819016,2,,,标准
,,,,,矫形器制作装配工人,,,,819017,2,,,标准
工艺\美术 品制作,,,"珠宝首饰加工制作",,宝石琢磨工人,,,,820001,2,,,标准
,,,,,贵金属首饰制作工人,,,,820002,2,,,标准
,,,地毯制作,,,地毯制作工人,,,820003,2,,,标准
,,,玩具制作,,金属\塑料\木制玩具装配工人,,,,820004,2,,,标准
,,,,,布绒玩具制作工人,,,,820005,2,,,标准
,,,,,搪塑玩具制作工人,,,,820006,2,,,标准
,,,漆器工艺品制 作,,漆器制胎工人,,,,820007,3,,,标准
,,,,,彩绘雕填制作工人,,,,820008,2,,,标准
,,,,,漆器镶嵌工人,,,,820009,2,,,标准
,,,抽纱刺绣工艺 品制作,,机绣工人,,,,820010,2,,,标准
,,,,,手绣制作工人,,,,820011,2,,,标准
,,,,,抽纱挑编工人,,,,820012,2,,,标准
,,,金属工艺品制 作,,景泰蓝制作工人,,,,820013,4,,,标准
,,,,,金属摆件工人,,,,820014,3,,,标准
,,,,,金属手工艺品加工工人,,,,813003,3,,,标准
,,,雕刻工艺品制 作,,金属手工艺品雕刻工人,,,,813004,3,,,标准
,,,,,竹木制手工艺品雕刻工人,,,,813002,3,,,标准
,,,,,玉器加工技师,,,,820015,2,,,标准
,,,,,玉器加工工人,,,,820016,3,,,标准
,,,美术品制作,,装饰美工,,,,820017,2,,,标准
,,,,,雕塑翻制工人,,,,820018,2,,,标准
,,,,,壁画制作工人,,,,820019,2,,,标准
,,,,,油画外框制作工人,,,,820020,2,,,标准
,,,,,装裱工人,,,,820021,2,,,标准
,,,,,版画制作工人,,,,820022,2,,,标准
,,,其他工艺美术 品制作,,民间工艺品制作工人,,,,820023,2,,,标准
,,,,,人造花制作工人,,,,820024,2,,,标准
,,,,,工艺画制作工人,,,,820025,2,,,标准
,,,,,竹木制手工艺品加工工人,,,,813001,2,,,标准
,,,,,布类制品工艺品加工工人,,,,813005,1,,,标准
,,,,,矿石手工艺品加工人员,,,,813006,3,,,标准
文化体育用 品制 作,,,文教用品制作,,墨制作工人,,,,821001,2,,,标准
,,,,,墨水\墨汁制作工人,,,,821002,2,,,标准
,,,,,绘图仪器制作工人,,,,821003,2,,,标准
,,,,,复印机耗材(墨盒等)制作工人,,,,821004,2,,,标准
,,,,,毛笔制作工人,,,,821005,2,,,标准
,,,,,自来水笔制作工人,,,,821006,2,,,标准
,,,,,圆珠笔制作工人,,,,821007,2,,,标准
,,,,,铅笔制作工人,,,,821008,3,,,标准
,,,,,印泥制作工人,,,,821009,2,,,标准
,,,体育用品制作,,制球工人,,,,821010,2,,,标准
,,,,,球拍\球网制作工人,,,,821011,2,,,标准
,,,,,健身器材制作工人,,,,821012,3,,,标准
,,,乐器制作,,钢琴\健盘乐器制作工人,,,,821013,3,,,标准
,,,,,提琴制作工人,,,,821014,3,,,标准
,,,,,管乐器制作工人,,,,821015,3,,,标准
,,,,,弦\弹拔乐器制作工人,,,,821016,3,,,标准
,,,,,吹奏乐器制作工人,,,,821017,3,,,标准
,,,,,打击乐器制作工人,,,,821018,3,,,标准
,,,,,电声乐器制作工人,,,,821019,3,,,标准
军工制造,,,装甲车辆装试,,装甲车辆装配工人,,,,822001,4,,,1.25
,,,,,装甲车辆装配检验工人,,,,822002,4,,,1.25
,,,,,装甲车辆驾驶试验工人,,,,822003,4,,,1.25
,,,,,装甲车辆发动机装试工人,,,,822004,3,,,1.25
,,,枪炮制造,,枪炮制造人员,,,,822005,3,,,1.25
,,,,,枪\炮弹药装配工人,,,,822006,4,,,拒保
,,,,,火工品\爆破器材制造人员,,,,822007,拒保,,,拒保
,,,,,引信装试工人,,,,822008,3,,,标准
,,,,,防化\防毒器材制造\装配工人,,,,822009,3,,,标准
,,,靶场试验,,靶场试射工人,,,,822010,6,,,1.5
,,,,,靶场测试工人,,,,822011,2,,,标准
新闻\出版\ 文化\印刷 业,,,记者,,外勤记者,,,,901002,2,,,标准
,,,,,摄影记者,,,,901003,2,,,标准
,,,,,战地记者,,,,901004,拒保,,,拒保
,,,,,文字记者,,,,901011,1,,,标准
,,,,,电视记者,,,,1101013,2,,,标准
,,,新闻\出版\文 化,,编辑人员,,,,901012,1,,,标准
,,,,,校对人员,,,,901013,1,,,标准
,,,,,播音人员,,,,901014,1,,,标准
,,,,,节目主持人员,,,,901015,1,,,标准
,,,,,翻译人员,,,,901016,1,,,标准
,,,,,内勤人员,,,,901001,1,,,标准
,,,,,推销员,,,,901005,2,,,标准
,,,,,送货员,,,,901009,2,,,标准
,,,,,送报员,,,,901010,3,,,标准
,,,图书资料档案,,图书资料业务人员,,,,901017,1,,,标准
,,,,,档案业务人员,,,,901018,1,,,标准
,,,,,缩微摄影人员,,,,901019,1,,,标准
,,,,,图书馆工作人员,,,,1202005,1,,,标准
,,,考古及文物保 护,,考古工作者,,,,901020,2,,,标准
,,,,,文物鉴定及保管人员,,,,901021,1,,,标准
,,,,,文物保护专业人员,,,,901022,2,,,标准
,,,,,博物馆工作人员,,,,1202006,1,,,标准
,,,印刷,,排版\制版工人,,,,901006,2,,,标准
,,,,,装订工人,,,,901007,2,,,标准
,,,,,印刷工人,,,,901008,2,,,标准
,,,,,切纸工人,,,,901023,2,,,标准
,,,,,印品整饰工人,,,,901024,2,,,标准
,,,宗教人士,,寺庙及教堂管理人员,,,,1300001,1,,,标准
,,,,,宗教团体工作人员,,,,1300002,1,,,标准
,,,,,僧尼，道士及传教人员,,,,1300003,1,,,标准
,,,,,宗教职业者,,,,1300004,1,,,标准
,,,,,一般内勤,,,,902001,1,,,标准
,,,,,业务员,,,,902002,2,,,标准
广告业,,,广告业,,广告影片拍摄录制人员,,,,902004,2,,,标准
,,,,,广告招牌制作架设人员,,,,902005,6,,,拒保
,,,,,霓虹光管安装维修人员,,,,902006,6,,,1.75
卫生专业技 术,,,卫生技术,,一般医务行政人员,,,,1001001,1,,,标准
,,,,,一般医师及护士,,,,1001002,1,,,标准
,,,,,精神病医师，看护，护士,,,,1001003,3,,,标准
,,,,,外科医师,,,,1001008,2,,,标准
,,,,,急诊科医师,,,,1001009,2,,,标准
,,,,,传染病科医师,,,,1001010,3,,,标准
,,,,,放射科\核医学医师,,,,1001011,2,,,标准
,,,,,推拿按摩科医师,,,,1001012,2,,,标准
,,,,,中医骨伤科医师,,,,1001013,2,,,标准
,,,,,乡村医师,,,,1001014,2,,,标准
,,,,,药剂师,,,,1001015,1,,,标准
,,,,,病理检查员,,,,1002001,1,,,标准
,,,,,化验技师,,,,1002002,1,,,标准
,,,,,放射线之技术人员,,,,1002003,3,,,1.5
,,,,,放射线之修护人员,,,,1002004,4,,,1.5
,,,,,助产士,,,,1002005,2,,,标准
,,,,,跌打损伤治疗人员,,,,1002006,2,,,标准
,,,,,监狱==看守所医生==护理人员,,,,1002007,3,,,标准
,,,,,兽医,,,,1001004,2,,,标准
,,,医院,,医院炊事,,,,1001005,2,,,标准
,,,,,杂工,,,,1001006,2,,,标准
,,,,,清洁工,,,,1001007,2,,,标准
,,,,,护理员,,,,1001016,2,,,标准
,,,,,配膳员,,,,1001017,2,,,标准
,,,影视,,制片人,,,,1101001,1,,,标准
,,,,,影片商,,,,1101002,1,,,标准
,,,,,编剧,,,,1101003,1,,,标准
,,,,,一般演员(导演),,,,1101004,2,,,标准
,,,,,武打演员,,,,1101005,5,,,拒保
,,,,,特技演员,,,,1101006,拒保,,,拒保
,,,,,化妆师,,,,1101007,1,,,标准
,,,,,场记,,,,1101008,2,,,标准
,,,,,摄影工作人员,,,,1101009,2,,,标准
,,,,,灯光及音响效果工作人员,,,,1101010,2,,,标准
,,,,,冲片工作人员,,,,1101011,2,,,标准
,,,,,洗片工作人员,,,,1101012,2,,,标准
,,,,,机械工，电工,,,,1101014,4,,,1.5
,,,,,布景搭设人员,,,,1101015,4,,,1.25
,,,,,电影院售票员,,,,1101016,1,,,标准
,,,,,电影院放映人员,,,,1101017,2,,,标准
,,,,,电影院服务人员,,,,1101018,2,,,标准
,,,,,武术指导,,,,1101019,3,,,标准
,,,,,录音师,,,,1101020,1,,,标准
,,,,,剪辑师,,,,1101021,1,,,标准
广播\影视\ 文艺,,,,,美工师,,,,1101022,1,,,标准
,,,,,道具师,,,,1101023,2,,,标准
,,,,,影视服装员,,,,1101024,1,,,标准
,,,,,影视舞台烟火特效员,,,,1101025,3,,,标准
,,,,,影视动画制作人员,,,,1101026,1,,,标准
,,,,,影视木偶制作人员,,,,1101027,2,,,标准
,,,,,电影洗印人员,,,,1101028,2,,,标准
,,,,,拷贝检片员,,,,1101029,2,,,标准
,,,,,拷贝字幕员,,,,1101030,2,,,标准
,,,,,跑片员,,,,1101031,4,,,标准
,,,音像制作,,唱式制作工人,,,,1101032,3,,,标准
,,,,,唱片检听工人,,,,1101033,2,,,标准
,,,,,音像带复制工人,,,,1101034,1,,,标准
,,,,,光盘复制工人,,,,1101035,1,,,标准
,,,"文学及艺术人员",,作曲人员,,,,1108001,1,,,标准
,,,,,编曲人员,,,,1108002,1,,,标准
,,,,,演奏人员,,,,1108003,1,,,标准
,,,,,绘画人员,,,,1108004,1,,,标准
,,,,,舞蹈演艺人员,,,,1108005,2,,,标准
,,,,,雕塑家,,,,1108006,2,,,标准
,,,,,戏剧演员,,,,1108007,2,,,标准
,,,,,巡回演出戏剧团体人员,,,,1108008,3,,,标准
,,,,,文学作家,,,,1108009,1,,,标准
,,,,,音乐指挥,,,,1108010,1,,,标准
,,,,,杂技演员,,,,1108011,3,,,标准
,,,,,书法家,,,,1108012,1,,,标准
,,,,,陶艺家,,,,1108013,2,,,标准
,,,,,篆刻家,,,,1108014,2,,,标准
,,,旅游业,,一般内勤,,,,601001,1,,,标准
,,,,,外务员,,,,601002,2,,,标准
,,,,,导游,,,,601003,2,,,标准
,,,宾馆\饭店,,负责人,,,,602001,1,,,标准
,,,,,一般内勤,,,,602002,1,,,标准
,,,,,外务员,,,,602003,2,,,标准
,,,,,收帐员,,,,602004,2,,,标准
,,,,,技工,,,,602005,3,,,标准
,,,,,前厅服务员,,,,602006,1,,,标准
,,,,,客房服务员,,,,602007,1,,,标准
,,,,,锅炉工,,,,602008,5,,,1.25
,,,餐饮业,,经理人员,,,,603001,1,,,标准
,,,,,一般内勤,,,,603002,1,,,标准
,,,,,柜台人员,,,,603003,1,,,标准
,,,,,收帐员,,,,603004,1,,,标准
,,,,,采购人员,,,,603005,2,,,标准
,,,,,厨师(一般餐饮业),,,,603006,4,,,标准
,,,,,服务人员,,,,603007,2,,,标准
,,,,,厨师(星级酒店),,,,603008,2,,,标准
,面点师,,,,,,603009,2,,,标准,,
,厨房杂工,,,,,,603010,3,,,标准,,
,餐具清洗保管员,,,,,,603011,2,,,标准,,
,调酒师,,,,,,603012,1,,,标准,,
娱乐场所,咖啡厅工作人员,,,,,,1109001,2,,,标准,,
,茶室工作人员,,,,,,1109002,2,,,标准,,
,酒家工作人员,,,,,,1109003,2,,,标准,,
,网吧工作人员,,,,,,1109004,2,,,标准,,
,舞厅工作人员,,,,,,1109005,4,,,1.5,,
,歌厅工作人员,,,,,,1109006,4,,,1.5,,
,酒吧工作人员,,,,,,1109007,4,,,1.5,,
,负责人,,,,,,1109008,3,,,标准,,
,DJ,,,,,,1109009,3,,,标准,,
,调酒师,,,,,,1109010,3,,,标准,,
,歌唱人员,,,,,,1109011,3,,,标准,,
,乐队人员,,,,,,1109012,3,,,标准,,
,舞蹈演艺人员,,,,,,1109013,4,,,标准,,
,迎宾,,,,,,1109014,3,,,标准,,
,电子游戏厅工作人员,,,,,,1109015,3,,,标准,,
,保安人员,,,,,,1109016,4,,,1.75,,
,按摩沐足\桑拿负责人,,,,,,1603021,1,,,标准,,
,按摩沐足\桑拿柜台人员,,,,,,1603022,1,,,标准,,
,按摩沐足\桑拿工作人员,,,,,,1603023,2,,,标准,,
高尔夫球场,教练,,,,,,1102001,2,,,标准,,
,球员,,,,,,1102002,2,,,标准,,
,维护工人,,,,,,1102003,2,,,标准,,
,球童,,,,,,1102004,2,,,标准,,
保龄球馆,记分员,,,,,,1103001,1,,,标准,,
,柜台人员,,,,,,1103002,1,,,标准,,
,机械修护工人,,,,,,1103003,3,,,标准,,
,清洁工人,,,,,,1103004,2,,,标准,,
撞球馆,负责人,,,,,,1104001,2,,,标准,,
,记分员,,,,,,1104002,2,,,标准,,
游泳池,负责人,,,,,,1105001,1,,,标准,,
,管理员,,,,,,1105002,1,,,标准,,
,教练,,,,,,1105003,2,,,标准,,
,售票员,,,,,,1105004,1,,,标准,,
,救生员,,,,,,1105005,4,,,标准,,
海水浴场,负责人,,,,,,1106001,1,,,标准,,
,管理员,,,,,,1106002,1,,,标准,,
,售票员,,,,,,1106003,1,,,标准,,
,救生员,,,,,,1106004,5,,,1.5,,
游乐园,负责人,,,,,,1107001,1,,,标准,,
,售票员,,,,,,1107002,1,,,标准,,
,电动玩具操作员,,,,,,1107003,2,,,标准,,
,一般清洁工,,,,,,1107004,2,,,标准,,
,兽栏清洁工,,,,,,1107005,4,,,1.25,,
服务业,,,,,,,,,,,,,
,,,,,水电机械工,,,,1107006,4,,,1.25
,,,,,动物园驯兽师,,,,1107007,拒保,,,拒保
,,,,,饲养人员,,,,1107008,6,,,2
,,,,,兽医(动物园),,,,1107009,2,,,标准
,,,煤气,,煤气工程师,,,,1404001,2,,,标准
,,,,,煤气管线装修工,,,,1404002,4,,,1.5
,,,,,收费员，抄表员,,,,1404003,2,,,标准
,,,,,煤气检查员,,,,1404004,2,,,标准
,,,,,煤气器具制造工,,,,1404005,4,,,1.5
,,,热力公司,,热力网工程师,,,,1404006,2,,,标准
,,,,,管线装修工,,,,1404007,4,,,1.25
,,,自由业,,会计师,,,,1602002,1,,,标准
,,,,,代书(内勤),,,,1602003,1,,,标准
,,,,,经纪人(内勤),,,,1602004,1,,,标准
,,,,,外勤人员,,,,1602005,2,,,标准
,,,社会服务,,公证行外务员,,,,1603001,2,,,标准
,,,,,报关行外务员,,,,1603002,2,,,标准
,,,,,中介机构内勤人员,,,,1603025,1,,,标准
,,,,,中介机构外勤人员,,,,1603026,2,,,标准
,,,美容美发,,理发师,,,,1603003,1,,,标准
,,,,,美容师,,,,1603004,1,,,标准
,,,其他,,钟表匠,,,,1603005,1,,,标准
,,,,,鞋匠，雨伞匠,,,,1603006,2,,,标准
,,,,,洗衣店工人,,,,1603007,2,,,标准
,,,,,警卫人员(内勤),,,,1603009,2,,,标准
,,,,,警卫人员(负有巡逻押运任务者),,,,1603010,4,,,1.5
,,,,,物业管理员,,,,1603011,2,,,标准
,,,,,摄影师,,,,1603012,1,,,标准
,,,,,道路清洁工,,,,1603013,3,,,标准
,,,,,下水道清洁工,,,,1603014,4,,,1.5
,,,,,清洁，打腊工人,,,,1603015,2,,,标准
,,,,,高楼外部清洁工,,,,1603016,5,,,2
,,,,,车辆保管人员,,,,1603017,2,,,标准
,,,,,加油站人员,,,,1603018,2,,,标准
,,,,,地磅人员,,,,1603019,2,,,标准
,,,,,烟囱清洁工,,,,1603020,拒保,,,拒保
,,,,,勤杂工,,,,1603024,3,,,标准
,,,家庭管理,,家庭主妇,,,,1700001,2,,,标准
,,,,,家政服务人员,,,,1700002,2,,,标准
教育机构,,,教育机构,,教师,,,,1201001,1,,,标准
,,,,,学生,,,,1201002,1,,,标准
,,,,,校工,,,,1201003,2,,,标准
,,,,,体育教师,,,,1201004,2,,,标准
,,,,,武术学校学生,,,,1201006,4,,,1.25
,,,,,武术学校教练,,,,1201007,3,,,标准
,,,,,技工学校学生,,,,1201008,2,,,标准
,,,,,军训教官,,,,1201005,2,,,标准
,,,其他教学人员,,汽车驾驶训练班教练,,,,1202007,3,,,标准
,,,,,飞行教官,,,,1201009,6,,,1.5
,,,,,飞行训练学员,,,,1201010,6,,,1.5
,,,,,军\警校学生,,,,1201011,拒保,,,1.75
邮政,,,邮政,,内勤人员,,,,1401001,1,,,标准
,,,,,外勤邮务人员,,,,1401002,2,,,标准
,,,,,包裹搬运人员,,,,1401003,2,,,标准
,,,,,火车\汽车邮件押运员,,,,1401004,3,,,标准
,,,,,轮船邮件押运员,,,,1401005,4,,,标准
,,,,,报刊发行\零售人员,,,,1401006,1,,,标准
,,,,,邮政设备安装维护人员,,,,1401007,3,,,标准
,,,快递,,快递人员(摩托车),,,,1401008,6,,,2
,,,,,快递人员(汽车),,,,1401009,4,,,标准
电信及电力,,,电信及电力,,内勤人员,,,,1402001,1,,,标准
,,,,,抄表员，收费员,,,,1402002,2,,,标准
,,,,,电信装置维护修理工,,,,1402003,3,,,标准
,,,,,电力装置维护修理工,,,,1402004,4,,,标准
,,,,,电力工程设施之架设人员,,,,1402006,5,,,1.5
,,,,,电力高压电工程设施人员,,,,1402007,拒保,,,拒保
,,,,,电台天线维护人员,,,,1402008,5,,,拒保
,,,,,发电\变电\输电工程技术人员,,,,1402009,3,,,标准
,,,,,通信工程技术人中,,,,1402010,2,,,标准
,,,,,电话\通信天线架设\维护人员,,,,1402011,4,,,1.25
,,,,,市话障碍处理人员,,,,1402012,2,,,标准
,,,,,"通信系统供电\空调设备安装\维护人员",,,,1402013,4,,,1.5
,,,电力设备安装,,水轮机设备安装工人,,,,1402014,4,,,1.25
,,,,,锅炉设备安装工人,,,,1402015,4,,,1.25
,,,,,汽轮机设备安装工人,,,,1402016,4,,,1.25
,,,,,发电机设备安装工人,,,,1402017,4,,,1.25
,,,,,热工仪表控制装置安装试验工,,,,1402018,4,,,1.25
,,,,,发电厂电气设备安装工人,,,,1402019,4,,,1.25
,,,发电运行,,水轮发电机值班人员,,,,1402020,3,,,标准
,,,,,燃料值班人员,,,,1402021,2,,,标准
,,,,,锅炉运行值班人员,,,,1402022,4,,,标准
,,,,,锅炉辅机值班人员,,,,1402023,4,,,标准
,,,,,汽轮机运行值班人员,,,,1402024,3,,,标准
,,,,,热力网值班人员,,,,1402025,3,,,标准
,,,,,电气值班人员,,,,1402026,3,,,标准
,,,,,集控值班人员,,,,1402027,3,,,标准
,,,,,发电机氢冷值班人员,,,,1402028,3,,,标准
,,,,,电厂水处理值班人员,,,,1402029,3,,,标准
,,,,,送电\配电线路工人,,,,1402030,5,,,1.5
,,,,,变电站值班人员,,,,1402031,5,,,1.5
,,,,,调相机值班人员,,,,1402032,4,,,1.25
,,,,,换流站值班人员,,,,1402033,4,,,1.25
,,,"输电\配电\变电设备",,变电设备安装工人,,,,1402034,4,,,1.25
,,,,,变配电室值班电工,,,,1402035,4,,,1.25
,,,,,常用电机检修工人,,,,1402036,4,,,1.25
,,,,,牵引电力线路安装维护工人,,,,1402037,6,,,2
,,,,,维修电工,,,,1402038,5,,,1.5
,,,电力设备检修,,锅炉本体设备检修工人,,,,1402039,5,,,1.5
,,,,,锅炉附属设备检修工人,,,,1402040,5,,,1.5
,,,,,汽轮机本体设备检修工人,,,,1402041,4,,,1.25
,,,,,汔轮机附属设备检修工人,,,,1402042,4,,,1.25
,,,,,发电厂电动机检修工人,,,,1402043,4,,,1.25
,,,,,水轮机检修工人,,,,1402044,4,,,1.25
,,,,,水电站水力机械试验工人,,,,1402045,3,,,标准
,,,,,水电自动装置检修工人,,,,1402046,4,,,1.25
,,,,,高压线路带电检修工人,,,,1402047,拒保,,,拒保
,,,,,变压器检修工人,,,,1402048,5,,,1.5
,,,,,变电设备检修工人,,,,1402049,5,,,1.5
,,,,,电气试验人员,,,,1402050,4,,,1.25
,,,,,继电保护人员,,,,1402051,4,,,1.25
,,,供电,,电务负荷控制人员,,,,1402052,3,,,标准
,,,,,用电监察人员,,,,1402053,3,,,标准
,,,,,装表核算收费人员,,,,1402054,2,,,标准
,,,,,装表接电工人,,,,1402055,4,,,1.25
,,,,,电能计量装置检修工人,,,,1402056,3,,,标准
水利,,,水利,,工程师,,,,1403001,2,,,标准
,,,,,水坝，水库管理人员,,,,1403002,3,,,标准
,,,,,水利工程设施人员,,,,1403003,4,,,标准
,,,,,自来水管装修人员,,,,1403004,3,,,标准
,,,,,抄表员，收费员,,,,1403005,2,,,标准
,,,,,自来水厂水质分析员(实地),,,,1403006,3,,,标准
,,,,,河道修防工人,,,,1403007,5,,,1.25
,,,,,河道堤坝巡护人员,,,,1403008,4,,,1.25
,,,,,混凝土工程维护人员,,,,1403009,4,,,1.25
,,,,,土石工程维护人员,,,,1403010,4,,,1.25
,,,,,农田灌排施工\管护人员,,,,1403011,3,,,标准
,,,,,水文勘测人员,,,,1403012,2,,,标准
,,,,,水文勘测船人员,,,,1403013,4,,,1.25
,,,,,水土保持防治人员,,,,1403014,2,,,标准
,,,,,水土保持测试人员,,,,1403015,2,,,标准
,,,,,水土保持勘测人员,,,,1403016,2,,,标准
,,,,,负责人,,,,1202001,1,,,标准
,,,,,店员,,,,1202002,1,,,标准
,,,,,外务员,,,,1202003,2,,,标准
,,,,,送货员,,,,1202004,2,,,标准
,,,,,采购员,,,,1501059,2,,,标准
,,,,,厨具商,,,,1501001,1,,,标准
,,,,,陶瓷器商,,,,1501002,1,,,标准
,,,,,古董商,,,,1501003,1,,,标准
商业,花卉商,,,,,,1501004,1,,,标准,,
,米商,,,,,,1501005,1,,,标准,,
,杂货商,,,,,,1501006,1,,,标准,,
,玻璃商,,,,,,1501007,2,,,标准,,
,果菜商,,,,,,1501008,1,,,标准,,
,石材商,,,,,,1501009,2,,,标准,,
,建材商,,,,,,1501010,2,,,标准,,
,铁材商,,,,,,1501011,2,,,标准,,
,木材商,,,,,,1501012,2,,,标准,,
,五金商,,,,,,1501013,2,,,标准,,
,电脑\电器商,,,,,,1501014,2,,,标准,,
,水电卫生器材商,,,,,,1501015,2,,,标准,,
,家俱商,,,,,,1501016,1,,,标准,,
,自行车买卖商,,,,,,1501017,1,,,标准,,
,机车买卖商,,,,,,1501018,1,,,标准,,
,汽车买卖商,,,,,,1501019,1,,,标准,,
,车辆器材商(不含矿物油),,,,,,1501020,2,,,标准,,
,矿物油买卖商,,,,,,1501021,3,,,标准,,
,眼镜商,,,,,,1501022,1,,,标准,,
,食品商,,,,,,1501023,1,,,标准,,
,文具商,,,,,,1501024,1,,,标准,,
,布商,,,,,,1501025,1,,,标准,,
,服饰买卖商,,,,,,1501026,1,,,标准,,
,鱼贩,,,,,,1501027,4,,,标准,,
,肉贩,,,,,,1501028,4,,,标准,,
,药品买卖商,,,,,,1501031,1,,,标准,,
,化学原料商,,,,,,1501032,3,,,标准,,
,医疗机械仪器商,,,,,,1501033,2,,,标准,,
,手工艺品买卖商,,,,,,1501034,1,,,标准,,
,瓦斯器具负责人,,,,,,1501035,1,,,标准,,
,瓦斯器具店员,,,,,,1501036,1,,,标准,,
,瓦斯器具送货员,,,,,,1501037,3,,,标准,,
,瓦斯器具装设工,,,,,,1501038,3,,,标准,,
,液化瓦斯零售负责人,,,,,,1501039,2,,,标准,,
,液化瓦斯零售店员,,,,,,1501040,2,,,标准,,
,液化瓦斯送货员,,,,,,1501041,4,,,1.25,,
,液化瓦斯瓦料分装工,,,,,,1501042,5,,,1.5,,
,液化瓦斯旧货收购人员,,,,,,1501043,3,,,标准,,
,熟食商(使用刀具者),,,,,,1501044,3,,,标准,,
拍卖\典当\租 赁,拍卖师,,,,,,1501045,1,,,标准,,
,典当业务员,,,,,,1501046,1,,,标准,,
,租赁业务员,,,,,,1501047,1,,,标准,,
"废旧物资料回收",废旧物资回收挑选工人,,,,,,1501048,2,,,标准,,
,废旧物资料加工工人,,,,,,1501049,3,,,标准,,
市场管理,商品监督员,,,,,,1501050,1,,,标准,,
,市场管理员,,,,,,1501051,2,,,标准,,
,,保管员,,,,,1501052,3,,,标准,,
商业,,,,,,,,,,,,,
,,,仓储保管,,理货员,,,,1501053,2,,,标准
,,,,,保鲜员,,,,1501054,2,,,标准
,,,,,冷藏工人,,,,1501055,3,,,标准
,,,,,货柜场检查员(立于货柜上),,,,1501056,4,,,标准
,,,,,起重机操作员(于控制室内),,,,1501057,2,,,标准
,,,,,起重机操作员,,,,1501058,4,,,1.25
金融\法律 行业,,,银行\保险\信 托\租赁,,一般内勤,,,,1601001,1,,,标准
,,,,,外务员,,,,1601002,2,,,标准
,,,,,收费员,,,,1601003,2,,,标准
,,,,,调查员,,,,1601004,2,,,标准
,,,,,徵信人员,,,,1601005,2,,,标准
,,,法律,,法官,,,,1601007,1,,,标准
,,,,,检察官,,,,1601008,1,,,标准
,,,,,律师,,,,1602001,1,,,标准
,,,,,公证员,,,,1601009,1,,,标准
,,,,,法医,,,,1601010,2,,,标准
,,,,,书记员,,,,1601011,1,,,标准
,,,,,商业犯罪调查处理人员,,,,1601012,3,,,标准
资讯业,,,计算机与应用,,维护工程师,,,,2000001,2,,,标准
,,,,,系统工程师,,,,2000002,1,,,标准
,,,,,销售工程师,,,,2000003,1,,,标准
,,,,,计算机硬件技术人员,,,,2000004,2,,,标准
,,,,,计算机软件技术人员,,,,2000005,1,,,标准
,,,,,计算机网络技术人员,,,,2000006,1,,,标准
安全保卫\ 消防,,,警察,,警务行政及内勤人员,,,,1800001,2,,,标准
,,,,,警察(负责巡逻任务者),,,,1800002,4,,,1.5
,,,,,监狱看守所管理人员,,,,1800003,3,,,标准
,,,,,交通警察,,,,1800004,5,,,1.5
,,,,,刑警,,,,1800005,5,,,拒保
,,,,,消防队队员,,,,1800006,6,,,拒保
,,,,,防暴警察,,,,1800007,拒保,,,拒保
,,,,,缉毒警察,,,,1800008,拒保,,,拒保
,,,,,港口机场警卫及安全人员,,,,1800009,4,,,1.25
,,,治安保卫人员,,保安人员,,,,1800010,4,,,1.25
,,,,,违禁品检查人员,,,,1800011,3,,,标准
,,,,,金融守押人员,,,,1800012,3,,,标准
,,,,,治安调查人员,,,,1800013,3,,,标准
,,,,,消防灭火员,,,,1800014,6,,,2
,,,,,防毒防化防核抢险人员,,,,1800015,拒保,,,拒保
,,,,,一般事故抢险人员,,,,1800016,6,,,2
,,,,,抢险救援器材调配人员,,,,1800017,3,,,标准
,,,,,抢险救援器材维修人员,,,,1800018,3,,,标准
,,,,,火险监督员\防火审核员,,,,1800019,2,,,标准
,,,,,可燃气体\危险品监督员,,,,1800020,3,,,标准
,,,,,,"一般地面部队人员(含陆军野战\机械修护\土木工程\飞弹\战车",,,1900001,3,,,标准
现役军人,,,现役军人,,"特种兵(含海军陆战队员\伞兵\水兵\爆破兵\蛙人\化学兵\布雷排雷工兵\情报单位有特殊任务者)",,,,1900002,拒保,,,拒保
,,,,,"行政及内勤人员(含国防部\三军总部\军校教官等)",,,,1900003,1,,,标准
,,,,,军事纠察,,,,1900004,4,,,标准
,,,,,后勤补给\通讯地勤人员,,,,1900005,3,,,标准
,,,,,军事研究单位纸上设计人员,,,,1900006,1,,,标准
,,,,,"军事单位武器\弹药研究及管理人员",,,,1900007,3,,,标准
,,,,,"空军飞行官兵\海军舰艇官兵\潜艇官兵",,,,1900008,拒保,,,拒保
,,,,,前线军人,,,,1900009,拒保,,,拒保
,,,保龄球,,教练,,,,2102001,2,,,标准
,,,,,保龄球球员,,,,2102002,2,,,标准
,,,桌球,,教练,,,,2103001,2,,,标准
,,,,,桌球球员,,,,2103002,2,,,标准
,,,羽球,,教练,,,,2104001,2,,,标准
,,,,,羽球球员,,,,2104002,2,,,标准
,,,游泳,,教练,,,,2105001,2,,,标准
,,,,,游泳人员,,,,2105002,2,,,标准
,,,射箭,,教练,,,,2106001,2,,,标准
,,,,,射箭人员,,,,2106002,2,,,标准
,,,网球,,教练,,,,2107001,2,,,标准
,,,,,网球人员,,,,2107002,2,,,标准
,,,垒球,,教练,,,,2108001,2,,,标准
,,,,,垒球人员,,,,2108002,2,,,标准
,,,壁球,,工作人员,,,,2108003,2,,,标准
,,,,,教练,,,,2108004,2,,,标准
,,,滑冰,,教练,,,,2109001,2,,,标准
,,,,,溜冰人员,,,,2109002,2,,,标准
,,,射击,,教练,,,,2110001,2,,,标准
,,,,,射击人员,,,,2110002,2,,,标准
,,,民俗体育活动,,教练,,,,2111001,2,,,标准
,,,,,民俗体育活动人员,,,,2111002,2,,,标准
,,,举重,,教练,,,,2112001,2,,,标准
,,,,,举重人员,,,,2112002,3,,,标准
,,,篮球,,教练,,,,2113001,2,,,标准
,,,,,篮球球员,,,,2113002,3,,,标准
,,,排球,,教练,,,,2114001,2,,,标准
,,,,,排球球员,,,,2114002,3,,,标准
,,,棒球,,教练,,,,2115001,2,,,标准
,,,,,棒球球员,,,,2115002,3,,,标准
田径,教练,,,,,,2116001,2,,,标准,,
,与赛人员,,,,,,2116002,3,,,标准,,
体操,教练,,,,,,2117001,2,,,标准,,
,体操人员,,,,,,2117002,3,,,标准,,
滑草,教练,,,,,,2118001,3,,,标准,,
,滑草人员,,,,,,2118002,3,,,标准,,
帆船,教练,,,,,,2119001,4,,,1.5,,
,驾乘人员,,,,,,2119002,4,,,1.5,,
划船,教练,,,,,,2120001,2,,,标准,,
,驾乘人员,,,,,,2120002,3,,,标准,,
泛舟,教练,,,,,,2121001,3,,,标准,,
,驾乘人员,,,,,,2121002,3,,,标准,,
巧固球,教练,,,,,,2122001,2,,,标准,,
,巧固球球员,,,,,,2122002,3,,,标准,,
手球,教练,,,,,,2123001,2,,,标准,,
,手球球员,,,,,,2123002,3,,,标准,,
风浪板,教练,,,,,,2124001,4,,,1.5,,
,驾乘人员,,,,,,2124002,4,,,1.5,,
水上摩托车,教练,,,,,,2125001,4,,,1.5,,
,驾乘人员,,,,,,2125002,4,,,1.5,,
足球,教练,,,,,,2126001,2,,,标准,,
,足球球员,,,,,,2126002,4,,,1.25,,
曲棍球,教练,,,,,,2127001,2,,,标准,,
,曲棍球球员,,,,,,2127002,5,,,1.25,,
冰上曲棍球,教练,,,,,,2128001,3,,,标准,,
,冰上曲棍球球员,,,,,,2128002,6,,,1.5,,
橄榄球,教练,,,,,,2129001,2,,,标准,,
,橄榄球球员,,,,,,2129002,6,,,2,,
自行车,教练,,,,,,2130001,2,,,标准,,
,自行车人员,,,,,,2130002,3,,,标准,,
角力,教练,,,,,,2131001,3,,,1.5,,
,角力人员,,,,,,2131002,拒保,,,拒保,,
摔交,教练,,,,,,2132001,3,,,1.5,,
,摔跤人员,,,,,,2132002,拒保,,,拒保,,
柔道,教练,,,,,,2133001,3,,,1.5,,
,柔道人员,,,,,,2133002,拒保,,,拒保,,
空手道,教练,,,,,,2134001,3,,,1.5,,
,空手道人员,,,,,,2134002,拒保,,,拒保,,
跆拳道,教练,,,,,,2135001,3,,,1.5,,
,跆拳道人员,,,,,,2135002,拒保,,,拒保,,
武术,武术人员,,,,,,2136001,拒保,,,拒保,,
,教练,,,,,,2136002,3,,,1.5,,
拳击,教练,,,,,,2137001,3,,,标准,,
,拳击人员,,,,,,2137002,拒保,,,拒保,,
潜水,教练,,,,,,2138001,拒保,,,拒保,,
,潜水人员,,,,,,2138002,拒保,,,拒保,,
体育,,,,,,,,,,,,,
,,,滑水,,教练,,,,2139001,拒保,,,拒保
,,,,,滑水人员,,,,2139002,拒保,,,拒保
,,,滑雪,,教练,,,,2140001,拒保,,,拒保
,,,,,滑雪人员,,,,2140002,拒保,,,拒保
,,,马术,,教练,,,,2141001,拒保,,,拒保
,,,,,马术人员,,,,2141002,拒保,,,拒保
,,,特技表演,,教练,,,,2142001,拒保,,,拒保
,,,,,特技表演人员,,,,2142002,拒保,,,拒保
,,,雪车,,教练,,,,2143001,拒保,,,拒保
,,,,,与赛人员,,,,2143002,拒保,,,拒保
,,,滑翔机具,,教练,,,,2144001,拒保,,,拒保
,,,,,驾驶人员,,,,2144002,拒保,,,拒保
,,,汽车、机车赛 车,,教练,,,,2145001,拒保,,,拒保
,,,,,赛车人员,,,,2145002,拒保,,,拒保
,,,跳伞,,教练,,,,2146001,拒保,,,拒保
,,,,,跳伞人员,,,,2146002,拒保,,,拒保
无业,,,无业,,学龄前儿童,,,,2147001,1,,,标准
,,,,,离退休人员（无兼职）,,,,2147003,1,,,标准